frame,activity,movement,landmark_0_x,landmark_0_y,landmark_0_z,landmark_1_x,landmark_1_y,landmark_1_z,landmark_2_x,landmark_2_y,landmark_2_z,landmark_3_x,landmark_3_y,landmark_3_z,landmark_4_x,landmark_4_y,landmark_4_z,landmark_5_x,landmark_5_y,landmark_5_z,landmark_6_x,landmark_6_y,landmark_6_z,landmark_7_x,landmark_7_y,landmark_7_z,landmark_8_x,landmark_8_y,landmark_8_z,landmark_9_x,landmark_9_y,landmark_9_z,landmark_10_x,landmark_10_y,landmark_10_z,landmark_11_x,landmark_11_y,landmark_11_z,landmark_12_x,landmark_12_y,landmark_12_z,landmark_13_x,landmark_13_y,landmark_13_z,landmark_14_x,landmark_14_y,landmark_14_z,landmark_15_x,landmark_15_y,landmark_15_z,landmark_16_x,landmark_16_y,landmark_16_z,landmark_17_x,landmark_17_y,landmark_17_z,landmark_18_x,landmark_18_y,landmark_18_z,landmark_19_x,landmark_19_y,landmark_19_z,landmark_20_x,landmark_20_y,landmark_20_z,landmark_21_x,landmark_21_y,landmark_21_z,landmark_22_x,landmark_22_y,landmark_22_z,landmark_23_x,landmark_23_y,landmark_23_z,landmark_24_x,landmark_24_y,landmark_24_z,landmark_25_x,landmark_25_y,landmark_25_z,landmark_26_x,landmark_26_y,landmark_26_z,landmark_27_x,landmark_27_y,landmark_27_z,landmark_28_x,landmark_28_y,landmark_28_z,landmark_29_x,landmark_29_y,landmark_29_z,landmark_30_x,landmark_30_y,landmark_30_z,landmark_31_x,landmark_31_y,landmark_31_z,landmark_32_x,landmark_32_y,landmark_32_z
20,TEST,STILL,0.13840550184249878,0.12910304963588715,0.054078228771686554,0.1331838071346283,0.12744928896427155,0.05264268442988396,0.1322016417980194,0.12584424018859863,0.052659086883068085,0.13125398755073547,0.12423522770404816,0.05262035131454468,0.13491587340831757,0.12999363243579865,0.062041573226451874,0.13512316346168518,0.13037410378456116,0.062051642686128616,0.1353462040424347,0.1307402402162552,0.06199977546930313,0.12801742553710938,0.11517320573329926,0.053788505494594574,0.1332187056541443,0.1247321292757988,0.09687811881303787,0.1371791809797287,0.12278665602207184,0.05462084338068962,0.14138484001159668,0.12578146159648895,0.06687914580106735,0.13262176513671875,0.08365485072135925,0.03040493093430996,0.14749619364738464,0.11672839522361755,0.11083438247442245,0.13851237297058105,0.04636518657207489,-0.015852289274334908,0.16670073568820953,0.1281784325838089,0.07908933609724045,0.12473829090595245,0.04772043973207474,-0.030479755252599716,0.15302647650241852,0.12072987854480743,0.013295887038111687,0.121609166264534,0.04764103144407272,-0.036025989800691605,0.15204192698001862,0.11882330477237701,0.006572220474481583,0.12177141010761261,0.05072375759482384,-0.031294018030166626,0.149530827999115,0.11688564717769623,0.00977113377302885,0.12369195371866226,0.0520695224404335,-0.02832396700978279,0.14998295903205872,0.11701934039592743,0.012682085856795311,0.20752498507499695,0.09256084263324738,-0.04274795204401016,0.21405430138111115,0.10753410309553146,0.04258245602250099,0.15326160192489624,0.16737985610961914,-0.06333188712596893,0.1716683954000473,0.1713331639766693,0.029663726687431335,0.19539333879947662,0.2313453108072281,-0.08897354453802109,0.2022368609905243,0.21877673268318176,-0.005091001745313406,0.20899760723114014,0.23511749505996704,-0.09178214520215988,0.21041889488697052,0.21967090666294098,-0.010430407710373402,0.18761050701141357,0.25855812430381775,-0.115179143846035,0.20141513645648956,0.24209418892860413,-0.033986467868089676
22,TEST,HIGH MOVEMENT,0.13453103601932526,0.11797719448804855,0.08153785765171051,0.12699730694293976,0.11896514892578125,0.08739273995161057,0.12447800487279892,0.11462710052728653,0.08741018176078796,0.12374385446310043,0.1111028864979744,0.08739136904478073,0.13026350736618042,0.12217134982347488,0.09614650160074234,0.13175052404403687,0.12479260563850403,0.09610768407583237,0.13206374645233154,0.12528455257415771,0.0960264503955841,0.12330476194620132,0.10145018994808197,0.11041571199893951,0.1329624354839325,0.11873969435691833,0.15097516775131226,0.13371288776397705,0.10811271518468857,0.08873696625232697,0.1398812234401703,0.11493127793073654,0.1001470535993576,0.13207635283470154,0.06522144377231598,0.07646256685256958,0.16380205750465393,0.11362512409687042,0.1696452498435974,0.13108471035957336,0.0198400616645813,-0.022186854854226112,0.18932169675827026,0.1327803134918213,0.15512627363204956,0.11369341611862183,0.02724272757768631,-0.09010647982358932,0.16236484050750732,0.13511747121810913,0.11899876594543457,0.10921654850244522,0.026874519884586334,-0.09497253596782684,0.15763121843338013,0.13270041346549988,0.12003612518310547,0.11083340644836426,0.032493121922016144,-0.08674883842468262,0.15406456589698792,0.13313725590705872,0.12897582352161407,0.11378498375415802,0.034275904297828674,-0.08725360035896301,0.15568116307258606,0.13268893957138062,0.12159059941768646,0.2177460491657257,0.06754147261381149,-0.04730511084198952,0.23054075241088867,0.09122660756111145,0.04716070741415024,0.1654486358165741,0.175168976187706,-0.0668146163225174,0.18097999691963196,0.17649485170841217,0.019484013319015503,0.20055131614208221,0.2373037487268448,-0.11734054982662201,0.19311030209064484,0.2352369874715805,-0.03274494782090187,0.21383711695671082,0.2388683408498764,-0.1220257505774498,0.1997961550951004,0.23890171945095062,-0.03966006264090538,0.1939597725868225,0.2682807743549347,-0.151321679353714,0.1859593242406845,0.25492972135543823,-0.07035166025161743
23,TEST,HIGH MOVEMENT,0.13557098805904388,0.11685299873352051,-0.011211762204766273,0.12953707575798035,0.11877331137657166,-0.01614515297114849,0.12719431519508362,0.11535952240228653,-0.01614314690232277,0.12530377507209778,0.11233453452587128,-0.01622764952480793,0.13223934173583984,0.12166538834571838,-0.005363444332033396,0.13288940489292145,0.1232161745429039,-0.005334828980267048,0.13305692374706268,0.12384522706270218,-0.005344674456864595,0.12221169471740723,0.10642299056053162,-0.014888760633766651,0.13200649619102478,0.11939823627471924,0.03561423346400261,0.13431066274642944,0.10752527415752411,-0.008784032426774502,0.13966527581214905,0.11228927224874496,0.005510625895112753,0.12460169941186905,0.06477709859609604,-0.017595132812857628,0.14634492993354797,0.11143351346254349,0.06352073699235916,0.13107994198799133,0.021925441920757294,-0.050412654876708984,0.1583694964647293,0.1339082568883896,0.0502096526324749,0.11918415874242783,0.028911268338561058,-0.05490856617689133,0.13150127232074738,0.128840371966362,0.003028793493285775,0.1172892302274704,0.029491087421774864,-0.05567948892712593,0.1264251172542572,0.12569420039653778,-0.005407668650150299,0.11817292869091034,0.0329485721886158,-0.05420631915330887,0.1240568608045578,0.12394832819700241,-0.0008555235108360648,0.12006834894418716,0.03452711179852486,-0.05322451516985893,0.12630337476730347,0.12412726879119873,0.0024080013390630484,0.21714875102043152,0.06741409003734589,-0.0457400344312191,0.2228679209947586,0.08868835866451263,0.0456775538623333,0.1602710336446762,0.1534634381532669,-0.06660814583301544,0.17858724296092987,0.15859141945838928,0.045840125530958176,0.21322321891784668,0.17086458206176758,-0.045561276376247406,0.2090810239315033,0.15883813798427582,0.0466037318110466,0.2258787453174591,0.1625802367925644,-0.04198595881462097,0.21473152935504913,0.15057484805583954,0.045640524476766586,0.2174929678440094,0.19302159547805786,-0.04925808683037758,0.21861961483955383,0.17805343866348267,0.034699633717536926
24,TEST,HIGH MOVEMENT,0.12568362057209015,0.10888690501451492,-0.017449043691158295,0.12055488675832748,0.11255113035440445,-0.021496523171663284,0.11644206196069717,0.11088050156831741,-0.021499980241060257,0.11643464863300323,0.10404196381568909,-0.021588942036032677,0.12201348692178726,0.113141268491745,-0.013872665353119373,0.1223931536078453,0.11454804986715317,-0.013856248930096626,0.12286283820867538,0.1160099133849144,-0.013861465267837048,0.11147160828113556,0.09731459617614746,-0.012651607394218445,0.12011782824993134,0.11365876346826553,0.023499753326177597,0.1255473494529724,0.10051383078098297,-0.011386385187506676,0.12869219481945038,0.10618164390325546,-0.0011823319364339113,0.11199063062667847,0.0610271617770195,-0.011139173991978168,0.133825421333313,0.10567235946655273,0.05095022916793823,0.12502747774124146,0.011486304923892021,-0.04954197257757187,0.15494702756404877,0.12081346660852432,0.013182121329009533,0.1203715056180954,0.010819957591593266,-0.06755564361810684,0.13322627544403076,0.10925266146659851,-0.06083632633090019,0.12022920697927475,0.010292292572557926,-0.07015608996152878,0.1296558976173401,0.10597708821296692,-0.07238788902759552,0.12015976011753082,0.013947337865829468,-0.06669289618730545,0.12287326157093048,0.11283882707357407,-0.06608183681964874,0.12194138765335083,0.01530231349170208,-0.06595571339130402,0.12758579850196838,0.10394897311925888,-0.06076335906982422,0.2047612965106964,0.0661056861281395,-0.03871568664908409,0.20919248461723328,0.08371207118034363,0.03866680711507797,0.16094714403152466,0.14555904269218445,-0.0568513497710228,0.17931033670902252,0.14276401698589325,0.04880214482545853,0.21984679996967316,0.13552913069725037,-0.014875844120979309,0.2168806493282318,0.13378413021564484,0.05500892549753189,0.23151209950447083,0.12252126634120941,-0.008803545497357845,0.22301535308361053,0.12353074550628662,0.05529976636171341,0.2279847413301468,0.15753769874572754,-0.008156854659318924,0.2271457463502884,0.15679797530174255,0.049207381904125214
25,TEST,MOVING,0.12702509760856628,0.11023744940757751,0.02326030656695366,0.1217661052942276,0.11323846131563187,0.025921830907464027,0.11761919409036636,0.11120664328336716,0.025928374379873276,0.11763670295476913,0.10609473288059235,0.025879347696900368,0.1235995888710022,0.11436676234006882,0.0339808389544487,0.12403979152441025,0.11546622216701508,0.03394951671361923,0.12463929504156113,0.11642732471227646,0.03388824313879013,0.11408988386392593,0.10148275643587112,0.038508035242557526,0.12139258533716202,0.11245110630989075,0.08164206147193909,0.1264188587665558,0.10129668563604355,0.03114457055926323,0.12976199388504028,0.10646165907382965,0.04158870130777359,0.1162000522017479,0.0629887506365776,0.023822348564863205,0.14166273176670074,0.10300847887992859,0.10439722239971161,0.12433378398418427,0.01597658358514309,-0.012333380058407784,0.15780943632125854,0.12705649435520172,0.02503141388297081,0.11981429159641266,0.01723586581647396,-0.021083902567625046,0.13311083614826202,0.1421961784362793,0.014172551222145557,0.11890935897827148,0.014142015017569065,-0.01980188861489296,0.12806490063667297,0.1451270431280136,-0.007570591755211353,0.11969069391489029,0.018833210691809654,-0.016714762896299362,0.12471182644367218,0.14395998418331146,-0.0462770089507103,0.12157922983169556,0.02064000815153122,-0.018766378983855247,0.12750184535980225,0.1407196968793869,-0.0015934715047478676,0.20387008786201477,0.06656251102685928,-0.039361726492643356,0.21229667961597443,0.08151927590370178,0.039272911846637726,0.16136345267295837,0.15134212374687195,-0.058343224227428436,0.1790955364704132,0.15250615775585175,0.040539562702178955,0.21672610938549042,0.1733056902885437,-0.0615646131336689,0.2112758457660675,0.17623735964298248,0.01871316134929657,0.2291906625032425,0.1692693531513214,-0.061431147158145905,0.2178030014038086,0.17286783456802368,0.015188577584922314,0.21859323978424072,0.20027334988117218,-0.07599370181560516,0.21628090739250183,0.19678452610969543,-6.917519931448624e-05
26,TEST,MOVING,0.12808524072170258,0.11070612818002701,0.05906413868069649,0.12242148071527481,0.11356352269649506,0.05744783207774162,0.11831368505954742,0.11232400685548782,0.057494718581438065,0.11799363046884537,0.11036474257707596,0.05742762237787247,0.12441498041152954,0.11500704288482666,0.06779821962118149,0.12516257166862488,0.11648288369178772,0.06783340871334076,0.12567386031150818,0.11730707436800003,0.06779889762401581,0.11516018211841583,0.10421427339315414,0.04997698590159416,0.12262831628322601,0.1130361333489418,0.10569509118795395,0.12657597661018372,0.10314883291721344,0.05872834846377373,0.1313301920890808,0.10675569623708725,0.07267408072948456,0.11766115576028824,0.07151402533054352,0.047085948288440704,0.14217081665992737,0.09903128445148468,0.10613702237606049,0.11403961479663849,0.04460460692644119,0.04980042949318886,0.15212036669254303,0.12659591436386108,0.15365633368492126,0.1072215810418129,0.05372040718793869,0.11247926950454712,0.13071422278881073,0.13973043859004974,0.17223545908927917,0.10669779777526855,0.0569520927965641,0.12453492730855942,0.1263437569141388,0.14378999173641205,0.1731415092945099,0.10898647457361221,0.05838104337453842,0.12457525730133057,0.12412595748901367,0.13755393028259277,0.17540663480758667,0.11091544479131699,0.058272089809179306,0.1155439168214798,0.12637196481227875,0.13666191697120667,0.17346040904521942,0.20291626453399658,0.07219939678907394,-0.038319047540426254,0.2133878469467163,0.0804831013083458,0.038111068308353424,0.1628093272447586,0.16912665963172913,-0.05614355206489563,0.18941707909107208,0.1561218947172165,0.040281035006046295,0.2222340852022171,0.18830889463424683,-0.08577275276184082,0.22939005494117737,0.1775231659412384,-0.009117351844906807,0.2364293783903122,0.1827269196510315,-0.0897529274225235,0.23805677890777588,0.17228858172893524,-0.01784447394311428,0.22766432166099548,0.21415060758590698,-0.08929366618394852,0.23673084378242493,0.19984112679958344,-0.027747612446546555
27,TEST,HIGH MOVEMENT,0.15796296298503876,0.166704460978508,0.006244868505746126,0.15240290760993958,0.16570834815502167,0.0025436305440962315,0.15128181874752045,0.16367830336093903,0.00252878968603909,0.1504524201154709,0.1615741103887558,0.00241290545091033,0.15325333178043365,0.17024853825569153,0.010194847360253334,0.1530674397945404,0.1714913249015808,0.010225186124444008,0.15293173491954803,0.17273811995983124,0.010172518901526928,0.14501580595970154,0.15203489363193512,-0.000330694776494056,0.14840222895145416,0.16875430941581726,0.03668706864118576,0.15829481184482574,0.15759578347206116,0.0071339793503284454,0.15959413349628448,0.16275323927402496,0.017468072474002838,0.14568838477134705,0.10986178368330002,-0.002937472425401211,0.15408311784267426,0.153508260846138,0.04638126119971275,0.14417578279972076,0.0650387704372406,-0.022167155519127846,0.1793975979089737,0.15037931501865387,0.06237960606813431,0.11230677366256714,0.043777428567409515,-0.018829071894288063,0.17234353721141815,0.1571727842092514,0.051185935735702515,0.10733367502689362,0.05378782004117966,-0.03232167661190033,0.17057929933071136,0.1602916419506073,0.051313769072294235,0.10744740813970566,0.038788020610809326,-0.050639767199754715,0.16763177514076233,0.1591516137123108,0.04677199572324753,0.11137926578521729,0.044550251215696335,-0.03364840894937515,0.1687658578157425,0.15566930174827576,0.049076564610004425,0.22161181271076202,0.11265312135219574,-0.03594448044896126,0.21541407704353333,0.13248573243618011,0.03580928593873978,0.19113442301750183,0.19184254109859467,-0.0578191876411438,0.18746162950992584,0.19278761744499207,0.04271652176976204,0.22645807266235352,0.21333974599838257,-0.02811913564801216,0.22147627174854279,0.21284082531929016,0.022019291296601295,0.23725993931293488,0.21027684211730957,-0.02375457063317299,0.2297639101743698,0.20737892389297485,0.019262317568063736,0.22332200407981873,0.23533497750759125,-0.02689342573285103,0.22462265193462372,0.2389187514781952,0.010459480807185173
28,TEST,HIGH MOVEMENT,0.159844771027565,0.1712481528520584,0.02232392691075802,0.15376056730747223,0.17183628678321838,0.014456672593951225,0.152777761220932,0.1706664264202118,0.014470045454800129,0.1518702208995819,0.1695100963115692,0.014399468898773193,0.154421865940094,0.17306165397167206,0.02537177875638008,0.154049813747406,0.17297393083572388,0.025405630469322205,0.15368323028087616,0.17286428809165955,0.02536478079855442,0.14619776606559753,0.16101735830307007,-0.008135838434100151,0.14876988530158997,0.16582058370113373,0.04379813373088837,0.15880247950553894,0.16187439858913422,0.01737220212817192,0.1610613912343979,0.1651749461889267,0.031702376902103424,0.15095196664333344,0.13870294392108917,-0.027180859819054604,0.154744490981102,0.13804300129413605,0.0702674463391304,0.16984686255455017,0.12925554811954498,-0.021826792508363724,0.18070515990257263,0.14593833684921265,0.08481001108884811,0.14591510593891144,0.1445024460554123,0.03874126449227333,0.17036885023117065,0.16618028283119202,0.1240432858467102,0.14059658348560333,0.1499687284231186,0.044220615178346634,0.16864854097366333,0.17152100801467896,0.13099238276481628,0.13783742487430573,0.14924512803554535,0.04870350658893585,0.16557489335536957,0.1734350472688675,0.12576499581336975,0.14041326940059662,0.1473303735256195,0.04253077879548073,0.16673459112644196,0.1713571846485138,0.12203999608755112,0.2325134575366974,0.12945683300495148,-0.03719725459814072,0.23089973628520966,0.128596693277359,0.037068624049425125,0.18898168206214905,0.20998449623584747,-0.057411957532167435,0.1981085240840912,0.2006911337375641,0.043156206607818604,0.24791303277015686,0.24147506058216095,-0.051888078451156616,0.24537090957164764,0.22147208452224731,0.029188483953475952,0.2620082199573517,0.23771195113658905,-0.05014238879084587,0.25477027893066406,0.21588321030139923,0.02695537731051445,0.24928264319896698,0.26797178387641907,-0.044219184666872025,0.2526991069316864,0.24528689682483673,0.02919529750943184
29,TEST,HIGH MOVEMENT,0.16155187785625458,0.17127999663352966,0.008139485493302345,0.15481172502040863,0.1706426590681076,0.001672231825068593,0.15374687314033508,0.17000339925289154,0.0016750016948208213,0.15246431529521942,0.1694764345884323,0.0016082765068858862,0.15777547657489777,0.17444060742855072,0.012730246409773827,0.15756836533546448,0.17432191967964172,0.012764519080519676,0.15723979473114014,0.17444078624248505,0.012733208015561104,0.1448046863079071,0.16204026341438293,-0.008519508875906467,0.15140318870544434,0.1720878779888153,0.042881544679403305,0.16025805473327637,0.160945326089859,0.005910799372941256,0.1629714071750641,0.16464461386203766,0.020727310329675674,0.1459861844778061,0.12002921849489212,-0.019392438232898712,0.16044393181800842,0.15206903219223022,0.06836533546447754,0.15688452124595642,0.08893891423940659,-0.04232412949204445,0.18419942259788513,0.1619449257850647,0.09537739306688309,0.13743041455745697,0.09182192385196686,-0.01533759105950594,0.16896244883537292,0.17637817561626434,0.10619746148586273,0.1319437474012375,0.09107216447591782,-0.016537345945835114,0.16610996425151825,0.17948883771896362,0.10900405794382095,0.1311076581478119,0.0929444283246994,-0.016812318935990334,0.1630893051624298,0.18068179488182068,0.10619008541107178,0.13387230038642883,0.09429923444986343,-0.015088838525116444,0.1646673083305359,0.17894461750984192,0.10443578660488129,0.2353489100933075,0.11904551833868027,-0.038637690246105194,0.2371259480714798,0.13354532420635223,0.03865782544016838,0.20228496193885803,0.20426064729690552,-0.0581928975880146,0.21213677525520325,0.20216503739356995,0.04102904349565506,0.2604122459888458,0.2524069547653198,-0.0523880310356617,0.26347315311431885,0.24406670033931732,0.029415633529424667,0.27410775423049927,0.25037816166877747,-0.050488196313381195,0.2746651768684387,0.24165868759155273,0.02713323011994362,0.2623541057109833,0.28383052349090576,-0.05549634248018265,0.27054363489151,0.27552729845046997,0.01576586253941059
30,TEST,MOVING,0.15899458527565002,0.1654825061559677,0.01928253099322319,0.15461212396621704,0.16816596686840057,0.013379974290728569,0.1537260115146637,0.16760821640491486,0.013382499106228352,0.15263128280639648,0.16716188192367554,0.013327619060873985,0.15789000689983368,0.17201122641563416,0.02448705956339836,0.15788476169109344,0.17204011976718903,0.024518633261322975,0.15772628784179688,0.1722467839717865,0.024489253759384155,0.1454315036535263,0.1612163633108139,-0.0001257690164493397,0.15066124498844147,0.1673852652311325,0.05271350219845772,0.1594875305891037,0.15709082782268524,0.016545141115784645,0.1615811437368393,0.15869513154029846,0.03149358928203583,0.1487218290567398,0.12325052171945572,-0.01851014234125614,0.16275714337825775,0.1435266137123108,0.07890009135007858,0.17093583941459656,0.09188349545001984,-0.04080360382795334,0.18583133816719055,0.15843862295150757,0.11074730008840561,0.17589658498764038,0.09238006174564362,0.0007112410967238247,0.17997951805591583,0.16568952798843384,0.12756778299808502,0.17643693089485168,0.09010270237922668,0.002834159415215254,0.17928706109523773,0.16692546010017395,0.13402624428272247,0.17565025389194489,0.0933658704161644,0.006444060243666172,0.17649391293525696,0.16743260622024536,0.12986010313034058,0.17589642107486725,0.09456489980220795,0.0037104603834450245,0.1770232617855072,0.1651778370141983,0.12590761482715607,0.23441055417060852,0.11716707795858383,-0.0413542315363884,0.23801901936531067,0.12788674235343933,0.04129904881119728,0.2027391493320465,0.2103249430656433,-0.059561215341091156,0.20916810631752014,0.20630164444446564,0.03552640601992607,0.2558820843696594,0.2642849385738373,-0.05844787880778313,0.25429806113243103,0.25850361585617065,0.025026723742485046,0.2689664661884308,0.26243555545806885,-0.05733398348093033,0.2645180821418762,0.25720009207725525,0.02243650332093239,0.25591108202934265,0.29723453521728516,-0.06255455315113068,0.2588968873023987,0.29250505566596985,0.012187540531158447
31,TEST,MOVING,0.159489244222641,0.1706632673740387,0.06156008318066597,0.153701514005661,0.16979855298995972,0.05995069071650505,0.15278765559196472,0.1681555062532425,0.05994412302970886,0.15186549723148346,0.16652445495128632,0.05990060046315193,0.15559229254722595,0.17292219400405884,0.06931554526090622,0.15566562116146088,0.17355987429618835,0.06933615356683731,0.15568450093269348,0.17420630156993866,0.06925974041223526,0.14757156372070312,0.15805429220199585,0.0637906864285469,0.15187658369541168,0.16851438581943512,0.10640839487314224,0.16063439846038818,0.16263484954833984,0.06294439733028412,0.16237956285476685,0.1667124181985855,0.07530849426984787,0.15306541323661804,0.12681379914283752,0.0375840961933136,0.16502122581005096,0.15031395852565765,0.11804886162281036,0.17942605912685394,0.09278609603643417,0.0072385333478450775,0.18929800391197205,0.15623776614665985,0.08910106122493744,0.1881559193134308,0.08661604672670364,-0.0027136425487697124,0.179992213845253,0.1606682389974594,0.01890471763908863,0.19106534123420715,0.08311530202627182,-0.004230836872011423,0.17886312305927277,0.1614074409008026,0.01341431587934494,0.1889755129814148,0.085384301841259,-0.0024922064039856195,0.17526765167713165,0.16211232542991638,0.014442714862525463,0.18901796638965607,0.08716275542974472,-0.0012147596571594477,0.1761450469493866,0.16017746925354004,0.017254475504159927,0.2311021089553833,0.12537863850593567,-0.03817274421453476,0.23688384890556335,0.13573306798934937,0.03798213601112366,0.20029863715171814,0.21078969538211823,-0.05695849657058716,0.2214440107345581,0.205301895737648,-0.0034635323099792004,0.26158803701400757,0.25263723731040955,-0.06909827888011932,0.281857430934906,0.24124549329280853,-0.04415787756443024,0.2746827304363251,0.2492615431547165,-0.06956486403942108,0.29268932342529297,0.23887275159358978,-0.04971587285399437,0.27216169238090515,0.28437814116477966,-0.0722019150853157,0.2979768216609955,0.27201467752456665,-0.06702570617198944
32,TEST,HIGH MOVEMENT,0.1564784198999405,0.16950170695781708,0.0199500173330307,0.15105900168418884,0.17105743288993835,0.011135423555970192,0.1500016152858734,0.16698989272117615,0.011137866415083408,0.14875733852386475,0.1679544746875763,0.011094333603978157,0.15270251035690308,0.17217181622982025,0.021183829754590988,0.1538875848054886,0.17172327637672424,0.021207507699728012,0.1545882672071457,0.1717219352722168,0.02117287740111351,0.14470049738883972,0.15993836522102356,-0.010770765133202076,0.15018466114997864,0.16490742564201355,0.034991554915905,0.15732434391975403,0.1616685390472412,0.012868696823716164,0.15939787030220032,0.16412527859210968,0.026159042492508888,0.15474572777748108,0.13511179387569427,-0.029346179217100143,0.15974701941013336,0.13652141392230988,0.057205598801374435,0.192017063498497,0.11140302568674088,-0.001801279024221003,0.1871584951877594,0.12289699912071228,0.09256616234779358,0.1945187747478485,0.11945203691720963,0.039200279861688614,0.18671149015426636,0.13282780349254608,0.1096729263663292,0.19566796720027924,0.1202557235956192,0.04493113234639168,0.18889765441417694,0.13388118147850037,0.11889278888702393,0.19211775064468384,0.12201335281133652,0.04824848845601082,0.18619002401828766,0.1365894228219986,0.11193279922008514,0.1918928027153015,0.12088850140571594,0.04311137646436691,0.18566066026687622,0.13680671155452728,0.10761895030736923,0.23085567355155945,0.12482347339391708,-0.03820858150720596,0.23553530871868134,0.1284264773130417,0.03804228454828262,0.19651827216148376,0.2097540944814682,-0.057783342897892,0.21168740093708038,0.20002903044223785,0.03454594314098358,0.2522583305835724,0.25137168169021606,-0.06260757148265839,0.2596622109413147,0.23562873899936676,0.025563016533851624,0.265126496553421,0.24847613275051117,-0.06109250709414482,0.2694719135761261,0.23275713622570038,0.02329581417143345,0.255779892206192,0.28157132863998413,-0.056281495839357376,0.2682543098926544,0.26648110151290894,0.02376497909426689
43,TEST,HIGH MOVEMENT,0.6559216976165771,0.16034913063049316,-1.0735175609588623,0.5385780334472656,0.1933542639017105,-1.1252294778823853,0.5191013813018799,0.17592205107212067,-1.1261751651763916,0.4982268810272217,0.1622757911682129,-1.1277978420257568,0.5682889223098755,0.2583184242248535,-1.0199922323226929,0.5714080333709717,0.28478649258613586,-1.0200272798538208,0.5724174976348877,0.3123873472213745,-1.0218127965927124,0.4526606500148773,0.15323972702026367,-0.7932291626930237,0.5474780797958374,0.3538309335708618,-0.289319783449173,0.664986252784729,0.09153974056243896,-0.8740177154541016,0.6996777057647705,0.18307018280029297,-0.7389944195747375,0.48772358894348145,-0.49554139375686646,-0.5899876952171326,0.9039653539657593,0.2668266296386719,0.29202452301979065,0.8360724449157715,-1.1767116785049438,-1.1195255517959595,1.4078863859176636,0.00948476791381836,-0.01712118647992611,0.6784955263137817,-0.38509777188301086,-0.8384820818901062,1.310433268547058,-0.23042845726013184,-0.4946974217891693,0.609905481338501,-0.16392111778259277,-0.8867543935775757,1.3167295455932617,-0.27792179584503174,-0.5683388710021973,0.5577104091644287,-0.1257392168045044,-0.6300639510154724,1.2554285526275635,-0.29398658871650696,-0.5226219892501831,0.6189279556274414,-0.18224655091762543,-0.7223939299583435,1.2577308416366577,-0.30672046542167664,-0.5059385895729065,1.7221524715423584,-1.3090013265609741,-0.45815199613571167,1.9557729959487915,-0.7887848615646362,0.464682012796402,2.5204265117645264,-1.964876413345337,0.16361331939697266,2.7606608867645264,-1.3996270895004272,1.1553329229354858,3.2439074516296387,-2.5700926780700684,1.547684669494629,3.4630630016326904,-2.0900557041168213,2.191631317138672,3.322544813156128,-2.691602945327759,1.66509211063385,3.5594513416290283,-2.2124743461608887,2.280069351196289,3.5294723510742188,-2.6396684646606445,0.8866056203842163,3.7129874229431152,-2.211408853530884,1.4720951318740845
44,TEST,HIGH MOVEMENT,0.6577494740486145,0.22774860262870789,-1.015744924545288,0.5396753549575806,0.27030736207962036,-1.1298104524612427,0.5196458101272583,0.2530628442764282,-1.130751371383667,0.4984886050224304,0.23708295822143555,-1.1324659585952759,0.5774796009063721,0.3282019793987274,-0.9733527302742004,0.5850107073783875,0.34898513555526733,-0.9733688235282898,0.5919369459152222,0.37156203389167786,-0.9749517440795898,0.45496052503585815,0.19276827573776245,-1.2327548265457153,0.565971314907074,0.36969900131225586,-0.3086751103401184,0.6695353984832764,0.12112808972597122,-0.9356118440628052,0.7107817530632019,0.19854888319969177,-0.7232521772384644,0.5110329389572144,-0.6130010485649109,-1.12033212184906,0.9336692094802856,0.21057584881782532,0.28446418046951294,0.9584612846374512,-1.35901939868927,-0.9544684290885925,1.4852279424667358,-0.10166485607624054,0.6327121257781982,1.152968406677246,-0.9592289328575134,-0.19900710880756378,1.7834155559539795,-0.3325027525424957,0.13360793888568878,1.2057435512542725,-0.8913154006004333,-0.22961226105690002,1.9232065677642822,-0.3801572620868683,0.05153735727071762,1.1589136123657227,-0.806721568107605,-0.1482677310705185,1.8428131341934204,-0.39820560812950134,-0.08660098910331726,1.1548326015472412,-0.810418426990509,-0.14142820239067078,1.7842166423797607,-0.39989471435546875,0.03835950046777725,1.776023268699646,-1.3467974662780762,-0.4992105960845947,1.9996004104614258,-0.7868388891220093,0.5061811208724976,2.666487455368042,-1.9648411273956299,-0.09200547635555267,2.8576300144195557,-1.3988280296325684,1.0578875541687012,3.4262192249298096,-2.565284013748169,1.2405688762664795,3.599536418914795,-2.045456647872925,1.93020761013031,3.517874240875244,-2.6919801235198975,1.3380975723266602,3.7012743949890137,-2.168269634246826,1.9958089590072632,3.710840940475464,-2.535428762435913,0.5648802518844604,3.8685977458953857,-2.1015563011169434,1.2069003582000732
45,TEST,HIGH MOVEMENT,0.7754321694374084,0.295539915561676,-0.3541512191295624,0.6795799136161804,0.3627270758152008,-0.5414999723434448,0.6590250134468079,0.35334110260009766,-0.5423803329467773,0.6357778906822205,0.3427288234233856,-0.5432850122451782,0.7122229337692261,0.39440375566482544,-0.2937740385532379,0.7151035666465759,0.4052478075027466,-0.29343611001968384,0.717509388923645,0.418338805437088,-0.2947123944759369,0.5621273517608643,0.29813238978385925,-1.0995988845825195,0.6322084069252014,0.3773304522037506,0.14655344188213348,0.7734692096710205,0.1828015297651291,-0.46438294649124146,0.803767204284668,0.22700995206832886,-0.14233407378196716,0.5950604677200317,-0.434768944978714,-1.2290689945220947,0.8669365048408508,0.0566684864461422,0.7658565640449524,1.0544013977050781,-1.133544683456421,-1.3246755599975586,1.387094259262085,-0.3439381718635559,1.1310808658599854,1.2055423259735107,-0.7494608163833618,-0.38381198048591614,1.6912314891815186,-0.45647910237312317,0.9308765530586243,1.2276184558868408,-0.6321946382522583,-0.5600740909576416,1.804673194885254,-0.4877588152885437,0.9603627324104309,1.1739530563354492,-0.5676353573799133,-0.5027890205383301,1.7579551935195923,-0.46479493379592896,0.812637448310852,1.172333002090454,-0.594272792339325,-0.3987223505973816,1.7156261205673218,-0.4434798061847687,0.8338636159896851,1.8291610479354858,-1.2477107048034668,-0.6621825098991394,1.9965553283691406,-0.7957131862640381,0.6693510413169861,2.6370162963867188,-1.5956794023513794,-0.28478139638900757,2.7610526084899902,-1.1663373708724976,1.1555815935134888,3.381997585296631,-2.165614366531372,1.0362508296966553,3.572150707244873,-1.8394229412078857,1.9793462753295898,3.4684977531433105,-2.337545156478882,1.1515960693359375,3.6632258892059326,-1.9923807382583618,2.0436904430389404,3.6671528816223145,-2.10923171043396,0.5862025618553162,3.8359875679016113,-1.854695439338684,1.4815361499786377
46,TEST,HIGH MOVEMENT,0.8124321699142456,0.38807493448257446,-1.077312707901001,0.6982203722000122,0.41838905215263367,-1.2475664615631104,0.6743317246437073,0.39082351326942444,-1.248187780380249,0.6500270962715149,0.36532530188560486,-1.249396562576294,0.7473533153533936,0.49038422107696533,-1.0411338806152344,0.7593160271644592,0.5120282769203186,-1.0409704446792603,0.7711070775985718,0.5354231595993042,-1.0422658920288086,0.5984757542610168,0.2972782552242279,-1.385725736618042,0.725425660610199,0.459619402885437,-0.4834861159324646,0.8263207674026489,0.22920556366443634,-1.072453498840332,0.8652896881103516,0.3071590065956116,-0.8108451962471008,0.6979236602783203,-0.4394931495189667,-1.333339810371399,0.983709990978241,0.10090663284063339,0.3397906422615051,1.154786229133606,-1.136504054069519,-1.2758476734161377,1.4650075435638428,-0.25262126326560974,0.7875298261642456,1.2719050645828247,-0.8121328353881836,-0.5164304375648499,1.7693920135498047,-0.4456850290298462,0.6757117509841919,1.2959920167922974,-0.7299322485923767,-0.5741649866104126,1.892878532409668,-0.4854563772678375,0.6933122873306274,1.2329305410385132,-0.6616232991218567,-0.48485374450683594,1.8347558975219727,-0.4251139461994171,0.5554360151290894,1.236688494682312,-0.6742947697639465,-0.46731477975845337,1.7884023189544678,-0.39857718348503113,0.5910683274269104,1.930611252784729,-1.183860421180725,-0.6146132946014404,2.075239419937134,-0.6806092858314514,0.6217102408409119,2.7126097679138184,-1.548961877822876,-0.24485984444618225,2.831165075302124,-1.0380550622940063,1.000354528427124,3.467927932739258,-2.0731682777404785,0.8981402516365051,3.6121978759765625,-1.6827718019485474,1.7520719766616821,3.549720287322998,-2.227409601211548,0.9855826497077942,3.7017598152160645,-1.8289271593093872,1.7972882986068726,3.775479793548584,-2.0031144618988037,0.30913472175598145,3.924182415008545,-1.6837670803070068,1.1411250829696655
47,TEST,HIGH MOVEMENT,0.8279751539230347,0.4195782542228699,-0.8962855339050293,0.7132841944694519,0.45673730969429016,-1.039365530014038,0.6863833665847778,0.4292328953742981,-1.0400700569152832,0.6590226888656616,0.4024510681629181,-1.0406765937805176,0.7685893774032593,0.5238144993782043,-0.8058085441589355,0.7817344665527344,0.5429196953773499,-0.8055594563484192,0.7939169406890869,0.5624911785125732,-0.8067787289619446,0.5917073488235474,0.30613070726394653,-1.3129208087921143,0.7342514395713806,0.47617271542549133,-0.09582933783531189,0.8350183367729187,0.25317662954330444,-0.9068927764892578,0.8804967999458313,0.3274504840373993,-0.5892935991287231,0.7891198992729187,-0.39945951104164124,-1.166571855545044,0.9899287223815918,0.12468184530735016,0.6286811828613281,1.1737126111984253,-1.1671788692474365,-1.3179473876953125,1.464352011680603,-0.32130059599876404,0.9086737632751465,1.475382924079895,-1.1384787559509277,-0.9339138269424438,1.8108584880828857,-0.6122375130653381,0.4649752080440521,1.5506794452667236,-1.16041100025177,-1.0732371807098389,1.9582488536834717,-0.6877272725105286,0.4347600042819977,1.5085570812225342,-1.066317081451416,-0.9831711649894714,1.922660231590271,-0.668854832649231,0.26966768503189087,1.4868046045303345,-1.0529413223266602,-0.8994588851928711,1.863800287246704,-0.6460540890693665,0.3565754294395447,1.9320729970932007,-1.1845215559005737,-0.6153325438499451,2.069308280944824,-0.6858396530151367,0.6224410533905029,2.758007526397705,-1.6244922876358032,-0.41380801796913147,2.9040751457214355,-1.108115553855896,0.8317145109176636,3.565645933151245,-2.1463191509246826,0.5708411335945129,3.749000072479248,-1.7452656030654907,1.3885501623153687,3.636693239212036,-2.296265125274658,0.6373027563095093,3.8454041481018066,-1.8909804821014404,1.4120253324508667,3.9363293647766113,-2.104074716567993,-0.15462970733642578,4.0991106033325195,-1.7758113145828247,0.5762133598327637
48,TEST,HIGH MOVEMENT,0.8305073976516724,0.43090569972991943,-0.97013920545578,0.7083826065063477,0.4636484980583191,-1.104736089706421,0.6789575219154358,0.4317077100276947,-1.1054704189300537,0.6495615243911743,0.40085527300834656,-1.1061569452285767,0.7710567116737366,0.5426693558692932,-0.8695769309997559,0.7864354848861694,0.5653821229934692,-0.8690954446792603,0.8002960085868835,0.5874223113059998,-0.870123028755188,0.5823714733123779,0.295491099357605,-1.1741598844528198,0.7421554327011108,0.49481841921806335,-0.13684779405593872,0.8392159342765808,0.2574358880519867,-0.9404681921005249,0.8912113308906555,0.3394266963005066,-0.6362730860710144,0.8076130747795105,-0.41030824184417725,-1.1963979005813599,1.0130507946014404,0.12597984075546265,0.591227650642395,1.1918694972991943,-1.1954337358474731,-1.324000597000122,1.473421335220337,-0.2716037631034851,0.8707493543624878,1.5288504362106323,-1.1625925302505493,-0.9294846653938293,1.8471651077270508,-0.53960120677948,0.385548859834671,1.616000771522522,-1.1811763048171997,-1.0508232116699219,1.9976850748062134,-0.6106809377670288,0.3498624861240387,1.576578140258789,-1.0868782997131348,-0.9579046964645386,1.9624431133270264,-0.5977637767791748,0.17395497858524323,1.551855444908142,-1.0716181993484497,-0.888501763343811,1.9031813144683838,-0.5824933648109436,0.27214115858078003,1.956498146057129,-1.1746680736541748,-0.6085913181304932,2.0928330421447754,-0.6665686368942261,0.6157644987106323,2.788377046585083,-1.6055834293365479,-0.42921876907348633,2.938194751739502,-1.0891839265823364,0.8452476263046265,3.596841335296631,-2.1187355518341064,0.5663416981697083,3.780367612838745,-1.7038065195083618,1.3982905149459839,3.6710216999053955,-2.269423484802246,0.6312121152877808,3.8794751167297363,-1.8489564657211304,1.4231027364730835,3.9654643535614014,-2.0650930404663086,-0.1672540307044983,4.130063533782959,-1.7243670225143433,0.6048623919487
49,TEST,HIGH MOVEMENT,0.817543625831604,0.39876917004585266,-0.9068323373794556,0.680918276309967,0.434503972530365,-1.0627689361572266,0.651349663734436,0.40682724118232727,-1.0634278059005737,0.6239315271377563,0.3804278075695038,-1.0644773244857788,0.7455630898475647,0.5065053105354309,-0.8487148284912109,0.7621524930000305,0.5290154218673706,-0.8482517004013062,0.7772514224052429,0.5518370866775513,-0.8497109413146973,0.5809804201126099,0.2934878468513489,-1.1221280097961426,0.7384160161018372,0.48590049147605896,-0.15175941586494446,0.8362010717391968,0.2454938441514969,-0.892206072807312,0.8891178369522095,0.3270189166069031,-0.6040352582931519,0.7616898417472839,-0.48003000020980835,-1.192262887954712,1.0026177167892456,0.2525598704814911,0.33370840549468994,1.1456718444824219,-1.2262864112854004,-1.0540045499801636,1.4924372434616089,-0.13042959570884705,0.8310754895210266,1.4839527606964111,-1.1858121156692505,-0.8844090700149536,1.828203558921814,-0.4379747211933136,0.16896891593933105,1.5869724750518799,-1.222079873085022,-0.9743689298629761,1.9670822620391846,-0.5368016958236694,0.0654674842953682,1.5588359832763672,-1.1151396036148071,-0.907522976398468,1.9172645807266235,-0.5126751661300659,-0.12443095445632935,1.5239777565002441,-1.0829885005950928,-0.827966570854187,1.8600908517837524,-0.48654139041900635,0.04339578002691269,1.9269218444824219,-1.153124213218689,-0.4697639048099518,2.0784428119659424,-0.5517690777778625,0.47746556997299194,2.767127275466919,-1.6149359941482544,-0.3244224190711975,2.9309418201446533,-1.050856351852417,0.5563234090805054,3.5779051780700684,-2.113591432571411,0.6431339979171753,3.7664902210235596,-1.5820549726486206,1.0632476806640625,3.674874782562256,-2.2418410778045654,0.7006111741065979,3.8790760040283203,-1.6950064897537231,1.0871541500091553,3.9068801403045654,-2.0776145458221436,-0.10013359785079956,4.075211048126221,-1.632051706314087,0.2507944107055664
50,TEST,HIGH MOVEMENT,0.6702637076377869,0.3828316628932953,-0.8098831176757812,0.5605688095092773,0.43153703212738037,-0.9750321507453918,0.5311721563339233,0.41001126170158386,-0.9751964807510376,0.5015944242477417,0.38880655169487,-0.9765523672103882,0.6178063154220581,0.49002963304519653,-0.7388750314712524,0.6289883852005005,0.5101240277290344,-0.7376725077629089,0.6390520930290222,0.5327273011207581,-0.7385324835777283,0.4344410300254822,0.29751503467559814,-1.1405932903289795,0.5919952392578125,0.4831260144710541,-0.07307425141334534,0.6670917868614197,0.2380722314119339,-0.8564721941947937,0.7266368269920349,0.3211911618709564,-0.5289769768714905,0.5052133798599243,-0.5621660351753235,-1.1819359064102173,0.7973334789276123,0.23984067142009735,0.29079508781433105,0.9605807065963745,-1.28235924243927,-1.2283897399902344,1.30001962184906,-0.12591074407100677,0.6999508142471313,1.3495677709579468,-1.2115741968154907,-1.132290244102478,1.7691857814788818,-0.3666244149208069,0.06058172509074211,1.4280104637145996,-1.251792073249817,-1.313533067703247,1.8943389654159546,-0.392189085483551,-0.04875572770833969,1.4027221202850342,-1.1255227327346802,-1.2546957731246948,1.8483654260635376,-0.42761725187301636,-0.28156107664108276,1.3757200241088867,-1.0980359315872192,-1.1132678985595703,1.7920211553573608,-0.4276629686355591,-0.08483190834522247,1.6775166988372803,-1.1648876667022705,-0.49964290857315063,1.8218406438827515,-0.5596891641616821,0.5089545845985413,2.6568267345428467,-1.6402912139892578,-0.43572884798049927,2.768622875213623,-1.047690510749817,0.6882538795471191,3.566300630569458,-2.137187957763672,0.6169370412826538,3.651057004928589,-1.553094744682312,1.3549349308013916,3.644665479660034,-2.2714273929595947,0.6759207248687744,3.7571606636047363,-1.6580251455307007,1.3984419107437134,3.901704788208008,-2.073432207107544,-0.24060699343681335,3.9655795097351074,-1.6178611516952515,0.4394047260284424
51,TEST,HIGH MOVEMENT,0.6222310066223145,0.3781827688217163,-0.8298436999320984,0.5142976641654968,0.42040541768074036,-0.9798394441604614,0.48654550313949585,0.3992638885974884,-0.9796204566955566,0.4580458700656891,0.37879377603530884,-0.9816834330558777,0.5708131790161133,0.4800732433795929,-0.7676625847816467,0.5829988718032837,0.5026549696922302,-0.7671301960945129,0.5949481725692749,0.5303993821144104,-0.7683781385421753,0.40024518966674805,0.29423776268959045,-1.1554276943206787,0.5625789165496826,0.4768058657646179,-0.10588628053665161,0.6196337938308716,0.2223934829235077,-0.8781452178955078,0.6858177185058594,0.2906092703342438,-0.5335644483566284,0.4587867856025696,-0.62171870470047,-1.158294916152954,0.799940288066864,0.20782338082790375,0.19264103472232819,0.9413771629333496,-1.3199541568756104,-1.216801643371582,1.317063331604004,-0.09428231418132782,0.5050434470176697,1.331383466720581,-1.2588568925857544,-1.1242611408233643,1.7931842803955078,-0.3449774384498596,-0.03887457400560379,1.4309957027435303,-1.3087612390518188,-1.1934130191802979,1.962909460067749,-0.367128849029541,-0.1289493292570114,1.427690863609314,-1.1869291067123413,-1.034114122390747,1.9263427257537842,-0.424907386302948,-0.3240010440349579,1.3945928812026978,-1.1560877561569214,-0.9941487312316895,1.8554582595825195,-0.4264342188835144,-0.16171398758888245,1.6697098016738892,-1.1771141290664673,-0.5025162100791931,1.8176507949829102,-0.5800167918205261,0.511390209197998,2.6427435874938965,-1.6561048030853271,-0.3520858585834503,2.758894443511963,-1.065582036972046,0.7628170847892761,3.554274082183838,-2.153433084487915,0.7545230984687805,3.6236698627471924,-1.5737422704696655,1.4554415941238403,3.633957624435425,-2.2916269302368164,0.8261429071426392,3.7315380573272705,-1.6871854066848755,1.5024082660675049,3.8997833728790283,-2.0726475715637207,-0.02576572820544243,3.9453976154327393,-1.6186573505401611,0.6075913906097412
52,TEST,HIGH MOVEMENT,0.6103740930557251,0.36631447076797485,-0.8160910606384277,0.5021591782569885,0.4139544367790222,-0.9390391111373901,0.4721596837043762,0.3926039934158325,-0.939293384552002,0.44189733266830444,0.3721475303173065,-0.941193699836731,0.56490159034729,0.478956013917923,-0.7302571535110474,0.5786917209625244,0.4958639144897461,-0.7290801405906677,0.5914522409439087,0.5154959559440613,-0.7300963401794434,0.38188478350639343,0.29223886132240295,-1.0286188125610352,0.5542659759521484,0.44706302881240845,0.001058606430888176,0.5983268618583679,0.209196075797081,-0.8252784013748169,0.6703374981880188,0.26245057582855225,-0.5138155221939087,0.44154787063598633,-0.6266477108001709,-1.1089526414871216,0.7791513800621033,0.15977877378463745,0.23533518612384796,0.9138555526733398,-1.311745285987854,-1.2292605638504028,1.3114409446716309,-0.09865687787532806,0.2623285949230194,1.3212143182754517,-1.3229432106018066,-1.2179179191589355,1.787187933921814,-0.3352389633655548,-0.7412022352218628,1.4331996440887451,-1.4128649234771729,-1.3839144706726074,1.914743423461914,-0.348839670419693,-0.9015944600105286,1.4354827404022217,-1.300485372543335,-1.3636157512664795,1.873992681503296,-0.409784734249115,-1.063633680343628,1.400686502456665,-1.2551062107086182,-1.211596131324768,1.8220460414886475,-0.41751185059547424,-0.8615843057632446,1.6173174381256104,-1.1823084354400635,-0.5045429468154907,1.7646806240081787,-0.5751972794532776,0.5131809711456299,2.585496425628662,-1.6470587253570557,-0.3955070376396179,2.6943540573120117,-1.0612183809280396,0.7881651520729065,3.4690804481506348,-2.136018991470337,0.5752428770065308,3.542827606201172,-1.5676158666610718,1.4584929943084717,3.5629544258117676,-2.2787373065948486,0.6280253529548645,3.6479039192199707,-1.6796340942382812,1.5056155920028687,3.788623332977295,-2.0400593280792236,-0.28957635164260864,3.8504843711853027,-1.6163972616195679,0.5777220129966736
53,TEST,HIGH MOVEMENT,0.6021788120269775,0.35254716873168945,-0.5791020393371582,0.4977777898311615,0.41035494208335876,-0.6960088610649109,0.46738043427467346,0.3895779550075531,-0.6965840458869934,0.43756598234176636,0.3694067597389221,-0.698387861251831,0.559074342250824,0.46827009320259094,-0.4932296872138977,0.5720170736312866,0.48090288043022156,-0.49204951524734497,0.5837008953094482,0.4944005012512207,-0.49293604493141174,0.3828960061073303,0.29106512665748596,-0.7844193577766418,0.5433788895606995,0.42300236225128174,0.17468775808811188,0.5905657410621643,0.2002868950366974,-0.5789092779159546,0.6542988419532776,0.24622978270053864,-0.3013588786125183,0.42767515778541565,-0.610457718372345,-0.9366123080253601,0.7465277314186096,0.14848777651786804,0.41767048835754395,0.8612049221992493,-1.15334153175354,-1.205260992050171,1.1576824188232422,-0.08940652757883072,0.32500794529914856,1.313765048980713,-1.2202067375183105,-1.1577718257904053,1.5912421941757202,-0.3355622887611389,-0.5524461269378662,1.3941619396209717,-1.2860726118087769,-1.3361842632293701,1.749289870262146,-0.3525039553642273,-0.6838781237602234,1.383476972579956,-1.1836793422698975,-1.3107284307479858,1.717638611793518,-0.4154297709465027,-0.8471810221672058,1.358709454536438,-1.147437334060669,-1.156692624092102,1.655684471130371,-0.4217255711555481,-0.6700812578201294,1.5572912693023682,-1.1314576864242554,-0.5002237558364868,1.6902936697006226,-0.5525562763214111,0.5083159804344177,2.4926133155822754,-1.5415840148925781,-0.39970090985298157,2.5865063667297363,-0.9975690245628357,0.5932151079177856,3.353598117828369,-2.023332118988037,0.432183176279068,3.434527635574341,-1.5130555629730225,0.9934923052787781,3.451220750808716,-2.1703245639801025,0.47605329751968384,3.5377895832061768,-1.6264278888702393,1.0118249654769897,3.6509437561035156,-1.9236257076263428,-0.35159003734588623,3.7279186248779297,-1.5565990209579468,0.12427620589733124
54,TEST,HIGH MOVEMENT,0.5493949055671692,0.34567657113075256,-0.6793440580368042,0.4573635458946228,0.40871134400367737,-0.7635282278060913,0.42836737632751465,0.38846224546432495,-0.7641085386276245,0.401726633310318,0.36732038855552673,-0.7652207016944885,0.5303908586502075,0.45784643292427063,-0.6065295338630676,0.5503686666488647,0.467960923910141,-0.6056467294692993,0.5679869651794434,0.47801002860069275,-0.6068012714385986,0.37358301877975464,0.2887164354324341,-0.5207609534263611,0.547356903553009,0.4160674512386322,0.08061706274747849,0.5239694714546204,0.19553790986537933,-0.6233106851577759,0.6108750104904175,0.2405504435300827,-0.39058244228363037,0.4149368405342102,-0.509877622127533,-0.5423977971076965,0.7679683566093445,0.15044160187244415,0.3268962502479553,0.8255464434623718,-0.646777868270874,-1.354807734489441,1.0140386819839478,0.06607026606798172,-0.48865318298339844,0.8379058837890625,0.16880501806735992,-1.5543487071990967,1.294252634048462,-0.1647176295518875,-1.6440856456756592,0.7959613800048828,0.3700634837150574,-1.7428009510040283,1.3695496320724487,-0.1745024174451828,-1.8870929479599,0.7822802066802979,0.3990996479988098,-1.5834434032440186,1.3307255506515503,-0.194492369890213,-1.8966010808944702,0.8497867584228516,0.29826149344444275,-1.5001178979873657,1.305790662765503,-0.2108127474784851,-1.7119537591934204,1.517737627029419,-1.0704954862594604,-0.32815980911254883,1.6709880828857422,-0.49229079484939575,0.3346763849258423,2.3965506553649902,-1.5054219961166382,-0.3697526454925537,2.530442953109741,-0.9015661478042603,0.23825868964195251,3.1940553188323975,-1.980875849723816,0.39037150144577026,3.338871479034424,-1.4529894590377808,0.5521950125694275,3.288256883621216,-2.1001951694488525,0.42740315198898315,3.436549425125122,-1.5659104585647583,0.5665186643600464,3.4766993522644043,-1.926819920539856,-0.4479758143424988,3.6070704460144043,-1.540063500404358,-0.3000388741493225
55,TEST,HIGH MOVEMENT,0.5541629791259766,0.33394378423690796,-0.7173715233802795,0.458496630191803,0.4003750681877136,-0.7547929286956787,0.4298727512359619,0.38212984800338745,-0.7551447153091431,0.40293940901756287,0.3622649610042572,-0.7563608884811401,0.5328099131584167,0.4444201588630676,-0.6303257346153259,0.553261399269104,0.4547539949417114,-0.6293525695800781,0.5709980130195618,0.46450039744377136,-0.630369246006012,0.37321919202804565,0.2856142818927765,-0.467559814453125,0.5518743991851807,0.4096706807613373,0.07098747044801712,0.5359429121017456,0.19005851447582245,-0.6080327033996582,0.6153944730758667,0.2333492636680603,-0.4286579191684723,0.4179436266422272,-0.46756109595298767,-0.5169884562492371,0.7779125571250916,0.1523033082485199,0.3264620304107666,0.8289066553115845,-0.49890488386154175,-1.3188618421554565,1.0992438793182373,0.09987417608499527,-0.543617844581604,0.8307679891586304,0.3543339967727661,-1.3113223314285278,1.1741218566894531,0.06630577147006989,-1.8972446918487549,0.8068331480026245,0.5457221865653992,-1.4635964632034302,1.2126357555389404,0.10627125948667526,-2.1379618644714355,0.7790889143943787,0.5691798329353333,-1.3459670543670654,1.180932641029358,0.06270353496074677,-2.123013734817505,0.8538895845413208,0.43550655245780945,-1.2635995149612427,1.1643364429473877,0.018642395734786987,-1.9595324993133545,1.478279709815979,-1.0206953287124634,-0.27081483602523804,1.6333526372909546,-0.4733234941959381,0.2769984304904938,2.356797695159912,-1.4510445594787598,-0.2871413826942444,2.4883310794830322,-0.8836646676063538,0.3235485851764679,3.156292676925659,-1.898127794265747,0.38980549573898315,3.2965118885040283,-1.398573637008667,0.5395978689193726,3.243506908416748,-2.009977102279663,0.4231439232826233,3.3906924724578857,-1.5099159479141235,0.5383484363555908,3.4360599517822266,-1.854367733001709,-0.41154828667640686,3.5533738136291504,-1.4925029277801514,-0.3435659110546112
56,TEST,HIGH MOVEMENT,0.5577492713928223,0.31149566173553467,-0.5839086771011353,0.46512752771377563,0.3613514006137848,-0.6031509041786194,0.43915534019470215,0.34303519129753113,-0.6034046411514282,0.4142218232154846,0.32323214411735535,-0.6046949625015259,0.5304656624794006,0.40518543124198914,-0.485531747341156,0.5493559837341309,0.41779404878616333,-0.4845469892024994,0.5665621161460876,0.43000850081443787,-0.4854423403739929,0.38001373410224915,0.2499270737171173,-0.35311514139175415,0.5545514822006226,0.38637998700141907,0.20235350728034973,0.5487895607948303,0.17972175776958466,-0.4617176055908203,0.6151684522628784,0.2250988930463791,-0.3041786551475525,0.41848692297935486,-0.44476214051246643,-0.4734622538089752,0.7767147421836853,0.15391521155834198,0.4755019545555115,0.7627049684524536,-0.49269577860832214,-1.2978148460388184,1.0162208080291748,0.3142686188220978,-0.3019408583641052,0.7580541968345642,0.2586519420146942,-1.1521475315093994,1.0276039838790894,0.18605679273605347,-1.443877100944519,0.740321934223175,0.4713580906391144,-1.2083914279937744,1.0653741359710693,0.19030623137950897,-1.6071008443832397,0.7279080748558044,0.4829100966453552,-0.9797161221504211,1.0307201147079468,0.11553636938333511,-1.551637887954712,0.7541748285293579,0.4094267189502716,-1.0314693450927734,1.0197168588638306,0.0890566036105156,-1.4765546321868896,1.4303810596466064,-0.9679040908813477,-0.30992311239242554,1.5732016563415527,-0.4356997311115265,0.31506747007369995,2.28932523727417,-1.3417354822158813,-0.267423540353775,2.411404848098755,-0.7961745858192444,0.43542248010635376,3.0683465003967285,-1.7296725511550903,0.3544611930847168,3.20662260055542,-1.238507628440857,0.6883276700973511,3.152876138687134,-1.8337777853012085,0.3899151384830475,3.2970433235168457,-1.3432776927947998,0.691199541091919,3.35014271736145,-1.6854740381240845,-0.38622573018074036,3.4682490825653076,-1.3162856101989746,-0.11665715277194977
57,TEST,HIGH MOVEMENT,0.5679740905761719,0.22865505516529083,-0.5170126557350159,0.47549718618392944,0.2700733244419098,-0.5475683212280273,0.4535689353942871,0.254494845867157,-0.548023521900177,0.43099841475486755,0.23681527376174927,-0.5487346649169922,0.5318307280540466,0.30643612146377563,-0.4262518286705017,0.5514576435089111,0.3178115785121918,-0.42576250433921814,0.5684574246406555,0.32928141951560974,-0.4265804886817932,0.3893197178840637,0.16687287390232086,-0.3646649420261383,0.5640403628349304,0.296088308095932,0.20690789818763733,0.5567737221717834,0.12379836291074753,-0.415804922580719,0.6252404451370239,0.16920588910579681,-0.2548999488353729,0.42069563269615173,-0.4095417857170105,-0.528631865978241,0.7767659425735474,0.036047711968421936,0.5812223553657532,0.7370946407318115,-0.1402701437473297,-1.2906111478805542,1.0766339302062988,0.20097091794013977,-0.23373480141162872,0.7907989025115967,0.5561583638191223,-1.1474909782409668,1.0640795230865479,0.2981303632259369,-1.1219550371170044,0.7667989134788513,0.7078196406364441,-1.2100472450256348,1.0596275329589844,0.3966866135597229,-1.273484468460083,0.7547077536582947,0.7019795179367065,-1.011168360710144,1.0453592538833618,0.40040770173072815,-1.2987473011016846,0.7595888376235962,0.6256323456764221,-1.0325493812561035,1.0452934503555298,0.3350149095058441,-1.1854151487350464,1.4732578992843628,-1.0011705160140991,-0.30613312125205994,1.6131623983383179,-0.5135273337364197,0.31075820326805115,2.2345621585845947,-1.3191372156143188,-0.4090823531150818,2.349177598953247,-0.855576753616333,0.4068339765071869,2.952047824859619,-1.7364305257797241,0.0666627511382103,3.091961145401001,-1.3358854055404663,0.48774781823158264,3.0462498664855957,-1.8510475158691406,0.09447438269853592,3.1818079948425293,-1.4269163608551025,0.47464364767074585,3.181962013244629,-1.698954701423645,-0.5318495035171509,3.3394837379455566,-1.4176325798034668,-0.18782879412174225
58,TEST,HIGH MOVEMENT,0.5729631781578064,0.16707272827625275,-0.47895413637161255,0.49132856726646423,0.22163797914981842,-0.5123881101608276,0.4703746736049652,0.20987312495708466,-0.5128923654556274,0.44841670989990234,0.19635561108589172,-0.5135295987129211,0.5404446125030518,0.24894550442695618,-0.3934215009212494,0.5572478771209717,0.25800105929374695,-0.39323267340660095,0.5731033682823181,0.2676931321620941,-0.39397960901260376,0.3987361788749695,0.13189682364463806,-0.38135093450546265,0.5703873038291931,0.24410633742809296,0.186172217130661,0.5624241828918457,0.068505197763443,-0.40051326155662537,0.6266217827796936,0.10999107360839844,-0.24014851450920105,0.43010425567626953,-0.41646623611450195,-0.5720523595809937,0.7752739191055298,-0.08096350729465485,0.6110022664070129,0.7415621280670166,-0.20672930777072906,-1.2822906970977783,1.1061501502990723,-0.06919792294502258,0.22323457896709442,0.7861526608467102,0.510431170463562,-1.1389915943145752,1.0694665908813477,0.23929409682750702,-0.5740824937820435,0.7581071853637695,0.6986594796180725,-1.2134543657302856,1.0439975261688232,0.35282519459724426,-0.6825230121612549,0.7220357060432434,0.6683241724967957,-1.0331404209136963,1.0345542430877686,0.38518035411834717,-0.730878472328186,0.7323640584945679,0.5849884152412415,-1.039233922958374,1.0392388105392456,0.3140397071838379,-0.641490638256073,1.4751355648040771,-1.0534518957138062,-0.3274261951446533,1.6051137447357178,-0.6883013248443604,0.3331392705440521,2.180367946624756,-1.3445173501968384,-0.42661142349243164,2.273918628692627,-0.9081686735153198,0.4529202878475189,2.848515510559082,-1.8065816164016724,0.05884765833616257,2.990758180618286,-1.4838902950286865,0.5674436092376709,2.908175230026245,-1.935842514038086,0.09586610645055771,3.067631483078003,-1.63832688331604,0.5573717951774597,3.1447911262512207,-1.7646491527557373,-0.45315998792648315,3.2746708393096924,-1.5023196935653687,-0.06461211293935776
59,TEST,HIGH MOVEMENT,0.5783993005752563,0.15707416832447052,-0.486255407333374,0.49522608518600464,0.20152422785758972,-0.524964451789856,0.4786938726902008,0.18808947503566742,-0.5254693031311035,0.46102744340896606,0.17345374822616577,-0.5261480212211609,0.5444029569625854,0.23474597930908203,-0.40973782539367676,0.5596877932548523,0.245545893907547,-0.4095729887485504,0.5734251141548157,0.2568861246109009,-0.4104892313480377,0.41780486702919006,0.11385468393564224,-0.37958815693855286,0.5705851316452026,0.23154117166996002,0.1622316986322403,0.5669714212417603,0.06637285649776459,-0.40022826194763184,0.6323867440223694,0.1093669906258583,-0.2477588951587677,0.4320717751979828,-0.42275604605674744,-0.5381147861480713,0.7605872750282288,-0.04338488727807999,0.586944043636322,0.7521998286247253,-0.21485282480716705,-1.2811990976333618,1.084547758102417,-0.04115955904126167,-0.19437092542648315,0.7767854332923889,0.46518856287002563,-1.1448363065719604,0.992829442024231,0.29688113927841187,-1.3540480136871338,0.7586323022842407,0.6435267925262451,-1.246127963066101,0.9714699983596802,0.40139931440353394,-1.5256632566452026,0.7227343916893005,0.6601992845535278,-1.0997774600982666,0.9570070505142212,0.4046247601509094,-1.5392411947250366,0.7581762075424194,0.5458188652992249,-1.073859691619873,0.9643259048461914,0.33549773693084717,-1.4158642292022705,1.4543347358703613,-1.0562779903411865,-0.3138276934623718,1.586595892906189,-0.6644858121871948,0.31883421540260315,2.1342172622680664,-1.324368953704834,-0.5102415084838867,2.22162127494812,-0.8686962127685547,0.21393358707427979,2.822007179260254,-1.7950046062469482,-0.12783828377723694,2.954158067703247,-1.4803833961486816,0.2651178538799286,2.9108641147613525,-1.930511474609375,-0.10970351845026016,3.0366222858428955,-1.6365023851394653,0.24960319697856903,3.054574966430664,-1.7446645498275757,-0.6978838443756104,3.22076153755188,-1.4939625263214111,-0.36192789673805237
60,TEST,HIGH MOVEMENT,0.5909238457679749,0.15287144482135773,-0.012213635258376598,0.5148940086364746,0.19597595930099487,-0.10312213748693466,0.4982309937477112,0.18223242461681366,-0.1031591147184372,0.48037105798721313,0.1678650826215744,-0.10344518721103668,0.5520050525665283,0.2257860004901886,0.04465755075216293,0.5626643300056458,0.2338927835226059,0.04495473578572273,0.5739508867263794,0.24220098555088043,0.04499322921037674,0.42908209562301636,0.104140505194664,-0.27935516834259033,0.5703612565994263,0.20589785277843475,0.3930602967739105,0.5866629481315613,0.0607047900557518,-0.05466756969690323,0.6360819935798645,0.09821519255638123,0.1406213641166687,0.4429563879966736,-0.3363679051399231,-0.5724396109580994,0.6820360422134399,-0.1960834413766861,0.7705665826797485,0.7595884203910828,-0.03154264762997627,-0.9402996301651001,0.9596995115280151,-0.047330092638731,1.0301554203033447,0.7638741135597229,0.5426852107048035,-0.4784507155418396,0.8601319193840027,0.3154774308204651,0.8586529493331909,0.7395657896995544,0.7255999445915222,-0.5226703882217407,0.8311055898666382,0.39473292231559753,0.8705981373786926,0.7068301439285278,0.6816552877426147,-0.41748419404029846,0.8126891255378723,0.4223131537437439,0.7719279527664185,0.744036078453064,0.6184410452842712,-0.4200982451438904,0.8280807733535767,0.37869957089424133,0.8002839088439941,1.4298187494277954,-0.9897046685218811,-0.44791537523269653,1.5235764980316162,-0.8013409972190857,0.4502250552177429,1.3807768821716309,-0.37380358576774597,-0.5928441286087036,1.528924822807312,-0.27091076970100403,0.3294234573841095,2.0404038429260254,-0.7487452626228333,-0.04314327985048294,2.1077401638031006,-0.7215863466262817,0.5113005638122559,2.1336100101470947,-0.9388084411621094,0.011298324912786484,2.1763768196105957,-0.8877466917037964,0.47972017526626587,2.226400136947632,-0.5458686351776123,-0.07438590377569199,2.3448474407196045,-0.523402750492096,0.572295069694519
61,TEST,HIGH MOVEMENT,0.5926810503005981,0.12768952548503876,-0.11938153207302094,0.5151488184928894,0.16258876025676727,-0.17751538753509521,0.4984418451786041,0.14707136154174805,-0.17781375348567963,0.48035183548927307,0.13137021660804749,-0.1783735305070877,0.5535787343978882,0.19733142852783203,-0.053642917424440384,0.5646007657051086,0.20699666440486908,-0.05329689383506775,0.575896143913269,0.21721979975700378,-0.0536339171230793,0.4309522211551666,0.07336604595184326,-0.2156408280134201,0.5706394910812378,0.18927620351314545,0.3629072308540344,0.5891179442405701,0.026581019163131714,-0.11010926961898804,0.638756275177002,0.07699628919363022,0.05616471916437149,0.4461284577846527,-0.34173816442489624,-0.5102804899215698,0.6766696572303772,-0.15888001024723053,0.7005366086959839,0.7102909088134766,-0.07284167408943176,-0.9563899040222168,0.8902691602706909,-0.043841902166604996,0.7807055115699768,0.7044699788093567,0.5031680464744568,-0.5997918844223022,0.7659205794334412,0.2909758985042572,0.5028784871101379,0.693209171295166,0.6587803959846497,-0.6530418992042542,0.7354597449302673,0.35745012760162354,0.4613524377346039,0.6735543608665466,0.6845120787620544,-0.5443226099014282,0.7248290181159973,0.3827151358127594,0.3977549076080322,0.6916502714157104,0.5743950009346008,-0.5487968325614929,0.7415508031845093,0.33852627873420715,0.448782354593277,1.4117785692214966,-0.9654890298843384,-0.45621055364608765,1.512001872062683,-0.7554576396942139,0.4588766098022461,1.5478160381317139,-0.494291752576828,-0.7050195336341858,1.7113653421401978,-0.252717524766922,0.2216465175151825,2.27012300491333,-1.0123859643936157,-0.26887014508247375,2.3851370811462402,-0.8856789469718933,0.3738323450088501,2.3479580879211426,-1.2260349988937378,-0.2240433394908905,2.446455955505371,-1.0691165924072266,0.37279313802719116,2.554988145828247,-0.8178521394729614,-0.3432450294494629,2.7023184299468994,-0.7674542665481567,0.4660119116306305
62,TEST,HIGH MOVEMENT,0.5939112901687622,0.12517049908638,-0.10153654962778091,0.5162356495857239,0.1619442105293274,-0.16414791345596313,0.4989294111728668,0.14599046111106873,-0.1644430011510849,0.48044076561927795,0.12976013123989105,-0.16502003371715546,0.5558835864067078,0.1994318962097168,-0.041603222489356995,0.5669680833816528,0.21025903522968292,-0.041378334164619446,0.578349769115448,0.22132401168346405,-0.04169147461652756,0.4316743314266205,0.06815828382968903,-0.2075999528169632,0.573457658290863,0.19063608348369598,0.3658411502838135,0.5903702974319458,0.017437102273106575,-0.09387367963790894,0.6406892538070679,0.07024272531270981,0.07128127664327621,0.4484415054321289,-0.3479064702987671,-0.513433575630188,0.6783472299575806,-0.11434869468212128,0.7125819325447083,0.7287337183952332,-0.06016167253255844,-0.9453840255737305,0.9062503576278687,-0.05305953696370125,0.8077067136764526,0.7479331493377686,0.5347744226455688,-0.5950515270233154,0.8073350191116333,0.28483566641807556,0.5460832715034485,0.7186383605003357,0.6978958249092102,-0.6436977386474609,0.780515730381012,0.35730141401290894,0.5067416429519653,0.7048250436782837,0.7074407935142517,-0.5430275201797485,0.757304310798645,0.5004423260688782,0.4405253529548645,0.7067070007324219,0.6339820027351379,-0.5456868410110474,0.7849631905555725,0.33839213848114014,0.4919724464416504,1.4161878824234009,-0.9822534322738647,-0.46000251173973083,1.5126872062683105,-0.7959874272346497,0.4623657763004303,1.511509895324707,-0.48459962010383606,-0.6668164134025574,1.7192283868789673,-0.2742321789264679,0.2521269917488098,2.256523609161377,-0.9960729479789734,-0.2465895116329193,2.3604111671447754,-0.9339146018028259,0.37610751390457153,2.338413953781128,-1.223401427268982,-0.20041796565055847,2.416782855987549,-1.1316719055175781,0.377629816532135,2.5576870441436768,-0.7660788893699646,-0.3369982838630676,2.6852574348449707,-0.7958783507347107,0.3089030981063843
63,TEST,HIGH MOVEMENT,0.5892062187194824,0.12750816345214844,-0.07191997021436691,0.5138922929763794,0.16816772520542145,-0.11576318740844727,0.49662142992019653,0.15368835628032684,-0.11601142585277557,0.47871413826942444,0.13922402262687683,-0.11649666726589203,0.5517442226409912,0.2035776525735855,0.00022864055063109845,0.5611792802810669,0.21412990987300873,0.0006940956809557974,0.5706892013549805,0.22526536881923676,0.00019140468793921173,0.4317018389701843,0.08159568905830383,-0.09424121677875519,0.5633422136306763,0.19902482628822327,0.4406796395778656,0.5872021913528442,0.023246515542268753,-0.04447465389966965,0.6317282915115356,0.07360050827264786,0.10954605042934418,0.40429744124412537,-0.3370439410209656,-0.3448449373245239,0.6594534516334534,-0.11044511198997498,0.730029284954071,0.6561680436134338,-0.030187547206878662,-0.8805815577507019,0.8635660409927368,-0.01866518333554268,0.6152912378311157,0.6487276554107666,0.5089722275733948,-0.6437777280807495,0.7549458146095276,0.2937384247779846,0.0922165960073471,0.6347633600234985,0.6524987816810608,-0.7153306007385254,0.7281717658042908,0.36519843339920044,0.018451010808348656,0.6127155423164368,0.6333094835281372,-0.6086357831954956,0.7171747088432312,0.4148137867450714,-0.026446232572197914,0.6345709562301636,0.5749384760856628,-0.5986645817756653,0.7296314239501953,0.33445799350738525,0.038100715726614,1.3180818557739258,-0.9586690664291382,-0.45403069257736206,1.4429556131362915,-0.7586613297462463,0.45601755380630493,1.6887006759643555,-0.5617893934249878,-0.6991024017333984,1.7913106679916382,-0.29054462909698486,0.07944096624851227,2.4220128059387207,-1.0817748308181763,-0.35396090149879456,2.5221710205078125,-0.9485107064247131,0.1967223882675171,2.5068466663360596,-1.2886170148849487,-0.32351648807525635,2.5865695476531982,-1.1329728364944458,0.18626639246940613,2.683281660079956,-0.9223161339759827,-0.6138612031936646,2.8390285968780518,-0.8727554082870483,-0.15635338425636292
64,TEST,HIGH MOVEMENT,0.5614492893218994,0.135086789727211,-0.18465372920036316,0.49211716651916504,0.17619679868221283,-0.22360959649085999,0.4738594591617584,0.1610461175441742,-0.2240709811449051,0.4555264115333557,0.1459539234638214,-0.2247333824634552,0.5341449975967407,0.21281284093856812,-0.11089740693569183,0.5454094409942627,0.2237291932106018,-0.11049189418554306,0.5561131834983826,0.2351509928703308,-0.1111636608839035,0.4183324873447418,0.08924134075641632,-0.08273608237504959,0.5501291155815125,0.2078283280134201,0.3785986006259918,0.5575592517852783,0.029831865802407265,-0.13750246167182922,0.6025420427322388,0.08041132986545563,0.0179801844060421,0.3627067506313324,-0.34515729546546936,-0.3108082413673401,0.6472837328910828,-0.0705910474061966,0.6575632691383362,0.626308798789978,-0.1185154989361763,-0.9444212913513184,0.9081894755363464,-0.018294166773557663,-0.11718084663152695,0.6687385439872742,0.42627063393592834,-0.9688495397567749,0.8441113233566284,0.2681380808353424,-1.2497433423995972,0.6802255511283875,0.5698729157447815,-1.091558814048767,0.8369976878166199,0.33087125420570374,-1.3987641334533691,0.6476326584815979,0.5874231457710266,-0.951302707195282,0.8199648857116699,0.3801543414592743,-1.408299207687378,0.6646493077278137,0.5024691224098206,-0.9169300198554993,0.8199570775032043,0.3006719946861267,-1.3052423000335693,1.2292677164077759,-0.9470397233963013,-0.3378821611404419,1.3685972690582275,-0.6035686135292053,0.3408806025981903,1.7721967697143555,-0.9630452394485474,-0.6394582986831665,1.810074806213379,-0.32193270325660706,-0.12951204180717468,2.49031400680542,-1.261511206626892,-0.30218666791915894,2.616234540939331,-1.0925991535186768,0.010129707865417004,2.586057186126709,-1.2979164123535156,-0.29242315888404846,2.694394826889038,-1.225245714187622,-0.0032240026630461216,2.778822183609009,-1.2693634033203125,-0.8682878613471985,2.925222873687744,-1.2454718351364136,-0.5974584221839905
65,TEST,HIGH MOVEMENT,0.5535242557525635,0.13578087091445923,-0.0996827781200409,0.4834575057029724,0.18045803904533386,-0.09821076691150665,0.4643167555332184,0.1648668348789215,-0.09885688871145248,0.445441335439682,0.1493646651506424,-0.09976688027381897,0.5265282392501831,0.2179202139377594,-0.008984463289380074,0.5379782915115356,0.22887034714221954,-0.008685263805091381,0.5487548112869263,0.24028578400611877,-0.009701244533061981,0.4084324836730957,0.09213680773973465,0.07082073390483856,0.5397936701774597,0.2126864343881607,0.47560685873031616,0.5505514740943909,0.0389229990541935,-0.029579928144812584,0.5949643850326538,0.08271453529596329,0.08919142186641693,0.3351810574531555,-0.35235539078712463,-0.1510653793811798,0.6634238958358765,0.014347926713526249,0.6706210374832153,0.6203895211219788,-0.29679879546165466,-0.7882457971572876,0.8681858777999878,0.005957219284027815,0.10825657844543457,0.6925679445266724,0.2685668170452118,-0.8740655779838562,0.7959145307540894,0.25695425271987915,-0.8217867612838745,0.7036166787147522,0.39153262972831726,-1.001814842224121,0.7900378704071045,0.3249625563621521,-0.9566179513931274,0.6520601511001587,0.49832025170326233,-0.8838504552841187,0.7309728860855103,0.4574984014034271,-0.975043773651123,0.6889904737472534,0.36406210064888,-0.8322994112968445,0.7627667188644409,0.2812596559524536,-0.8774674534797668,1.1527209281921387,-0.9249055981636047,-0.316886305809021,1.2999217510223389,-0.5422877073287964,0.32007092237472534,1.819506287574768,-1.006426215171814,-0.6260823607444763,1.893341064453125,-0.405337393283844,-0.2871585488319397,2.5272774696350098,-1.3055760860443115,-0.36561980843544006,2.621962547302246,-1.0997670888900757,-0.15665432810783386,2.602370262145996,-1.4070594310760498,-0.3684079349040985,2.6696958541870117,-1.2370027303695679,-0.17955034971237183,2.7789721488952637,-1.277005672454834,-0.9825162887573242,2.9302048683166504,-1.236894130706787,-0.8002678751945496
66,TEST,HIGH MOVEMENT,0.5550709366798401,0.1492493450641632,-0.1338881254196167,0.48711642622947693,0.19749292731285095,-0.15402540564537048,0.4658075273036957,0.18171708285808563,-0.1544949859380722,0.44580888748168945,0.1669066846370697,-0.155178964138031,0.5343326330184937,0.23245960474014282,-0.05343656614422798,0.5463837385177612,0.24153652787208557,-0.053188223391771317,0.5580559968948364,0.25050652027130127,-0.053975559771060944,0.40870124101638794,0.11136113852262497,-0.035141922533512115,0.5450546145439148,0.2142462283372879,0.42807164788246155,0.5548192262649536,0.04519519954919815,-0.07184498757123947,0.5989972352981567,0.08383980393409729,0.05929829552769661,0.3540080487728119,-0.3143090009689331,-0.28171393275260925,0.6662052869796753,0.030454250052571297,0.7372255325317383,0.6222127079963684,-0.20556631684303284,-0.8756484985351562,0.8847638964653015,0.0004039567138534039,0.19309774041175842,0.7036555409431458,0.3849126696586609,-0.8419497609138489,0.8405851125717163,0.2670421898365021,-0.6401318311691284,0.7189372181892395,0.5733318328857422,-0.9187033772468567,0.8141643404960632,0.44950464367866516,-0.7615008354187012,0.6708626747131348,0.6148532032966614,-0.7855309844017029,0.7815377712249756,0.4934656322002411,-0.840707004070282,0.6980906128883362,0.46294131875038147,-0.786628782749176,0.796350359916687,0.4571337401866913,-0.7023409605026245,1.2013695240020752,-0.9212417602539062,-0.3379863500595093,1.3318519592285156,-0.5612682104110718,0.3407531976699829,1.7421449422836304,-0.6816850304603577,-0.6965279579162598,1.815930962562561,-0.26530709862709045,-0.16244632005691528,2.4051902294158936,-1.1474316120147705,-0.38972607254981995,2.459707736968994,-1.0015193223953247,-0.002488846890628338,2.4855713844299316,-1.3241539001464844,-0.36784908175468445,2.499269962310791,-1.1698012351989746,-0.00952615775167942,2.6232612133026123,-1.0392950773239136,-0.7774884104728699,2.765498161315918,-1.0392986536026,-0.4545615315437317
67,TEST,HIGH MOVEMENT,0.6221745610237122,0.16131407022476196,-0.9053531885147095,0.5454118847846985,0.19882291555404663,-0.8779014348983765,0.5269919633865356,0.18313416838645935,-0.8787217140197754,0.5090035796165466,0.16559356451034546,-0.8800215721130371,0.5943468809127808,0.24992500245571136,-0.8354833722114563,0.6115323305130005,0.26892438530921936,-0.8352200388908386,0.6289225220680237,0.28741878271102905,-0.8364580869674683,0.5049153566360474,0.10608959943056107,-0.4335819184780121,0.6544696688652039,0.2674536108970642,-0.22378413379192352,0.649137556552887,0.0586540549993515,-0.7155888080596924,0.7087697982788086,0.12466954439878464,-0.6568597555160522,0.645774781703949,-0.3560386896133423,-0.30669358372688293,0.8971964716911316,0.24066509306430817,0.19808386266231537,0.8728620409965515,-0.8864786624908447,-0.8088414072990417,1.3461897373199463,0.01384023204445839,-0.2089686095714569,0.8607630729675293,-0.6191110610961914,-1.1425436735153198,1.3379590511322021,0.011056626215577126,-1.2963874340057373,0.8552440404891968,-0.5816649794578552,-1.2388780117034912,1.3635385036468506,0.023602386936545372,-1.4518630504608154,0.8290914297103882,-0.5242584347724915,-1.149896502494812,1.3117810487747192,0.013696224428713322,-1.4541599750518799,0.8553469777107239,-0.5262832045555115,-1.1121695041656494,1.3017884492874146,-0.005567185580730438,-1.3332810401916504,1.5432813167572021,-0.9307082891464233,-0.24785128235816956,1.716723084449768,-0.5149112939834595,0.2523128390312195,2.2483572959899902,-1.32487154006958,-0.15849444270133972,2.407538652420044,-0.8687458634376526,0.20007219910621643,2.879547595977783,-1.7315876483917236,0.5296926498413086,3.0296359062194824,-1.3424067497253418,0.5547197461128235,2.9565677642822266,-1.8090850114822388,0.5678547024726868,3.104506731033325,-1.4159560203552246,0.5671430230140686,3.098165988922119,-1.7674155235290527,-0.123896524310112,3.228848695755005,-1.4756324291229248,-0.23869545757770538
68,TEST,HIGH MOVEMENT,0.7492280006408691,0.1648961454629898,-0.6089903712272644,0.6703447699546814,0.19522124528884888,-0.6560248732566833,0.6608161926269531,0.17691384255886078,-0.6564773917198181,0.6505604982376099,0.1571364402770996,-0.6571944952011108,0.6889812350273132,0.2482815533876419,-0.543423056602478,0.6931195855140686,0.26682284474372864,-0.5432068109512329,0.6974594593048096,0.28528115153312683,-0.5441014766693115,0.6311959624290466,0.08907938748598099,-0.6575846672058105,0.6946653127670288,0.24905803799629211,-0.06625990569591522,0.7887758016586304,0.08165760338306427,-0.5328551530838013,0.8121663928031921,0.1422981470823288,-0.3902093172073364,0.7957122325897217,-0.35548532009124756,-0.7178786993026733,0.9403435587882996,0.23229922354221344,0.36127346754074097,1.011042833328247,-0.797279953956604,-0.8457149267196655,1.222959280014038,-0.08450450748205185,0.4163743555545807,1.0595022439956665,-0.5230737924575806,-0.7035984992980957,1.1838282346725464,-0.013636200688779354,-0.054158709943294525,1.060677170753479,-0.46933332085609436,-0.7429295778274536,1.1865384578704834,0.020269595086574554,-0.09582985937595367,1.0268903970718384,-0.4220612943172455,-0.653917670249939,1.1542526483535767,0.03291996568441391,-0.1463431417942047,1.0337071418762207,-0.4424603581428528,-0.6585516333580017,1.156092643737793,0.0124202910810709,-0.11194507777690887,1.6764307022094727,-0.9081957340240479,-0.40263718366622925,1.7755413055419922,-0.5656687617301941,0.40749382972717285,2.223270893096924,-1.2278748750686646,-0.2318868339061737,2.308473587036133,-0.8148626089096069,0.7439080476760864,2.804421901702881,-1.65727698802948,0.6319981217384338,2.924483299255371,-1.2913309335708618,1.319549322128296,2.8701891899108887,-1.693427562713623,0.7024022340774536,2.992032289505005,-1.3942121267318726,1.3502665758132935,3.0293235778808594,-1.7286194562911987,0.2455490529537201,3.1599974632263184,-1.3928146362304688,0.8776748776435852
69,TEST,HIGH MOVEMENT,0.7520500421524048,0.16989819705486298,-0.6183769702911377,0.6745244860649109,0.1907806694507599,-0.657192587852478,0.6662014126777649,0.16797539591789246,-0.6575419902801514,0.6569806337356567,0.14277143776416779,-0.6585714221000671,0.6897639036178589,0.24851711094379425,-0.5586963891983032,0.692895770072937,0.2669634521007538,-0.5585294365882874,0.696290910243988,0.2855900228023529,-0.5595297813415527,0.6385578513145447,0.06461393088102341,-0.52853924036026,0.6923264861106873,0.2470351904630661,-0.04627431929111481,0.790131688117981,0.09300396591424942,-0.5311018824577332,0.811964213848114,0.16423937678337097,-0.40263262391090393,0.7459028363227844,-0.3520025908946991,-0.6113460063934326,0.919722855091095,0.18543501198291779,0.3976682424545288,0.9226840734481812,-0.6798303127288818,-0.6328719854354858,0.9852259755134583,0.30119097232818604,0.4997428357601166,1.0169363021850586,-0.3496674597263336,0.070123590528965,0.7298731803894043,0.34609130024909973,0.6537561416625977,0.9617912173271179,-0.28931108117103577,0.061775464564561844,0.6609054207801819,0.4002496302127838,0.6178807020187378,0.9995940923690796,-0.2542387843132019,0.1562584936618805,0.6834934949874878,0.34070903062820435,0.6564760208129883,0.9952191114425659,-0.270982950925827,0.11403888463973999,0.7105797529220581,0.301349014043808,0.6312684416770935,1.6059629917144775,-0.8463342189788818,-0.3985954523086548,1.7282365560531616,-0.47670778632164,0.4031316339969635,2.250636339187622,-1.1876482963562012,-0.27396389842033386,2.3670802116394043,-0.821052610874176,0.5338082909584045,2.8542628288269043,-1.5748302936553955,0.40119242668151855,2.961052417755127,-1.280779480934143,0.9003769755363464,2.927680253982544,-1.6613930463790894,0.4393486976623535,3.0374674797058105,-1.33419668674469,0.9128208160400391,3.059774160385132,-1.5766927003860474,-0.10822731256484985,3.1603896617889404,-1.33644700050354,0.30866381525993347
70,TEST,HIGH MOVEMENT,0.7292482852935791,0.13188807666301727,-0.7311986684799194,0.6628085374832153,0.08197052031755447,-0.7163751721382141,0.6596086621284485,0.05251569673418999,-0.7167993783950806,0.6562279462814331,0.026450850069522858,-0.7176827788352966,0.6700342893600464,0.15299764275550842,-0.6724175810813904,0.6737868785858154,0.17008325457572937,-0.6723552942276001,0.681711733341217,0.1838388741016388,-0.6737695932388306,0.6582645177841187,-0.02006411738693714,-0.5156837701797485,0.6760944128036499,0.155856654047966,-0.16607433557510376,0.7774773836135864,0.07348170876502991,-0.5725847482681274,0.7853474020957947,0.1519910991191864,-0.5208010673522949,0.7748819589614868,-0.37592464685440063,-0.44115281105041504,0.9286249876022339,0.23077581822872162,0.2681313157081604,1.0042423009872437,-0.7652238011360168,-0.6797769665718079,1.044980525970459,0.2053137719631195,0.010265347547829151,0.9741185903549194,-0.25813817977905273,-0.5344371199607849,0.8210092782974243,0.28163987398147583,-0.01704111136496067,0.8465036153793335,-0.14655868709087372,-0.5548431277275085,0.757418692111969,0.34042879939079285,-0.10068187862634659,0.8425374031066895,-0.14026042819023132,-0.2381569892168045,0.7710065841674805,0.3196258842945099,-0.08268768340349197,0.8660848736763,-0.20847764611244202,-0.4579983651638031,0.7962349057197571,0.2749599814414978,-0.06247204542160034,1.6283559799194336,-0.8664625883102417,-0.3116835951805115,1.7631645202636719,-0.4812904894351959,0.31667405366897583,2.2597670555114746,-1.3151930570602417,-0.20394685864448547,2.3748984336853027,-0.9020357728004456,0.38906770944595337,2.8262791633605957,-1.6873315572738647,0.39076462388038635,2.9384889602661133,-1.3777332305908203,0.7682303190231323,2.8993401527404785,-1.755434274673462,0.4272492825984955,3.0126731395721436,-1.444331407546997,0.7763642072677612,3.0343017578125,-1.737738847732544,-0.16714689135551453,3.1387581825256348,-1.467565655708313,0.014001930132508278
71,TEST,HIGH MOVEMENT,0.6946988105773926,0.19913139939308167,-1.2773323059082031,0.6426955461502075,0.16853715479373932,-1.260175347328186,0.6375361084938049,0.14783212542533875,-1.2605699300765991,0.6357772350311279,0.13169366121292114,-1.261584997177124,0.6262434124946594,0.24678675830364227,-1.3083256483078003,0.6200069189071655,0.25540146231651306,-1.3087053298950195,0.6219141483306885,0.282460480928421,-1.3098080158233643,0.6504400372505188,0.1461336463689804,-0.8718839883804321,0.6337441802024841,0.33982694149017334,-1.0978652238845825,0.7594760656356812,0.19794711470603943,-1.0864773988723755,0.7457568645477295,0.2881467640399933,-1.1598460674285889,0.7960071563720703,0.12008319795131683,-0.6504084467887878,0.8707269430160522,0.5219361186027527,-0.5384784936904907,1.048784852027893,-0.4173918068408966,-0.4641555845737457,0.841305136680603,0.34966832399368286,-0.37059590220451355,0.9706128239631653,-0.1389274299144745,-0.3129054009914398,0.5888420343399048,0.5135772824287415,0.061687152832746506,0.9228712916374207,-0.07197211682796478,-0.3157558739185333,0.5047673583030701,0.5659912824630737,0.10645941644906998,0.8325694799423218,0.13680274784564972,-0.21592199802398682,0.5424925088882446,0.6290642619132996,0.08436298370361328,0.8880558013916016,-0.0663732960820198,-0.27233240008354187,0.5794887542724609,0.5928714871406555,0.0519561693072319,1.6098674535751343,-0.3864666819572449,-0.20367217063903809,1.7229665517807007,-0.1296694427728653,0.20563539862632751,2.196908712387085,-0.8586596846580505,0.26577869057655334,2.324094295501709,-0.5801057815551758,0.5859227180480957,2.8115897178649902,-1.1958502531051636,1.1536626815795898,2.921705722808838,-0.9853559732437134,1.2664668560028076,2.857808828353882,-1.232700228691101,1.2329814434051514,2.9906697273254395,-1.0310229063034058,1.3171660900115967,2.959965229034424,-1.320020079612732,0.8012401461601257,3.0413818359375,-1.0898734331130981,0.7656521797180176
72,TEST,HIGH MOVEMENT,0.6911987662315369,0.2825275957584381,-1.1287493705749512,0.6382402777671814,0.2022644728422165,-1.1150753498077393,0.6420965194702148,0.18459801375865936,-1.1153299808502197,0.6483520269393921,0.16949881613254547,-1.1164777278900146,0.619390070438385,0.2642018496990204,-1.1265981197357178,0.6079126596450806,0.2736366093158722,-1.126284122467041,0.6012685894966125,0.29415398836135864,-1.1269397735595703,0.6754413843154907,0.1859319508075714,-0.7490183115005493,0.6173528432846069,0.34846800565719604,-0.8208099603652954,0.7507850527763367,0.3004154562950134,-0.9654189348220825,0.7439903020858765,0.3601486384868622,-0.9916879534721375,0.8193613290786743,0.16289986670017242,-0.7547162771224976,0.8706964254379272,0.6583168506622314,-0.2438301295042038,1.1057102680206299,-0.2997082471847534,-0.5752402544021606,0.8582943677902222,0.5423377752304077,-0.2637185752391815,0.9783689379692078,-0.06332523375749588,-0.3523624539375305,0.7327525019645691,0.6987453103065491,-0.13138732314109802,0.9390040636062622,-0.04270589351654053,-0.3843035101890564,0.6665598154067993,0.7698597311973572,-0.022702205926179886,0.8606165647506714,0.11773914843797684,-0.310546338558197,0.6837993860244751,0.8247678279876709,-0.05181209370493889,0.8940464854240417,0.006834305822849274,-0.32308438420295715,0.7096582651138306,0.7762081027030945,-0.15890935063362122,1.6493570804595947,-0.23767559230327606,-0.24339410662651062,1.7549864053726196,0.0777231901884079,0.246302992105484,2.2843098640441895,-0.6616787314414978,0.020434478297829628,2.390620470046997,-0.3224357068538666,0.4911540448665619,2.9011173248291016,-0.9169372916221619,0.794725239276886,2.9780006408691406,-0.61849445104599,1.0728703737258911,2.956984758377075,-0.9471762180328369,0.8527311086654663,3.0469613075256348,-0.6473929286003113,1.1109172105789185,3.101240634918213,-0.9771527647972107,0.30093511939048767,3.143054485321045,-0.6736930012702942,0.4507463574409485
73,TEST,HIGH MOVEMENT,0.6983684301376343,0.42454245686531067,-0.9224239587783813,0.6715141534805298,0.3286087214946747,-1.0246708393096924,0.6842859983444214,0.3034825623035431,-1.0242873430252075,0.6962531208992004,0.28128889203071594,-1.0235099792480469,0.6295219659805298,0.4005213677883148,-0.8928418159484863,0.6140049695968628,0.4203665852546692,-0.8925782442092896,0.6019681692123413,0.4492219388484955,-0.8933287858963013,0.7158694267272949,0.2888593077659607,-0.3965844511985779,0.618050217628479,0.5304409861564636,-0.5882877111434937,0.7646471858024597,0.43730220198631287,-0.925270676612854,0.7396960258483887,0.5042895674705505,-0.7605358362197876,0.8288695216178894,0.3123031258583069,-0.34113359451293945,0.8648067712783813,0.8700788617134094,-0.18991200625896454,1.0388686656951904,0.06367980688810349,-0.05469565466046333,0.8934710621833801,0.9590713977813721,-0.45071738958358765,0.952039361000061,0.16852688789367676,0.27946341037750244,0.7830732464790344,1.0708835124969482,-0.7281429171562195,0.9213014841079712,0.14086146652698517,0.2533642649650574,0.7298277616500854,1.119093418121338,-0.7695178389549255,0.8538832664489746,0.20869022607803345,0.269724577665329,0.7367974519729614,1.1594325304031372,-0.8153008222579956,0.8783105611801147,0.22448500990867615,0.28227177262306213,0.7577775120735168,1.1179271936416626,-0.7686708569526672,1.615281343460083,0.06921423226594925,-0.1137627363204956,1.7292836904525757,0.45639222860336304,0.11578506231307983,2.2521324157714844,-0.23059822618961334,0.006638684775680304,2.3674533367156982,0.08301902562379837,0.3101108968257904,2.8875956535339355,-0.4815738797187805,0.6343543529510498,2.981778860092163,-0.1649915874004364,0.7220927476882935,2.9594435691833496,-0.4980353116989136,0.6762467622756958,3.0563690662384033,-0.17887566983699799,0.7484689354896545,3.073817253112793,-0.5648297071456909,0.13571925461292267,3.144467830657959,-0.23031918704509735,0.0072324238717556
74,TEST,HIGH MOVEMENT,0.7489016056060791,0.4497239887714386,-0.8800716400146484,0.7312294840812683,0.36606305837631226,-0.899264931678772,0.7499746680259705,0.3381959795951843,-0.8994758725166321,0.7620676755905151,0.3152930438518524,-0.9001042246818542,0.6903772950172424,0.4382159113883972,-0.884588360786438,0.6769365072250366,0.4621315598487854,-0.8841596841812134,0.6585012674331665,0.4975774884223938,-0.8847284317016602,0.7813582420349121,0.33093053102493286,-0.4248676300048828,0.6622310280799866,0.5839430689811707,-0.643133819103241,0.8137300610542297,0.45931270718574524,-0.7736254334449768,0.7841779589653015,0.5360056757926941,-0.754797101020813,0.8627803921699524,0.3504633605480194,-0.4024930000305176,0.8508917689323425,0.9133140444755554,-0.1880629062652588,1.0500011444091797,0.13998152315616608,-0.36912697553634644,0.9118169546127319,0.9153728485107422,-0.2567281126976013,0.9485841989517212,0.2799980044364929,-0.1288474053144455,0.8088403940200806,0.7583460211753845,-0.21486349403858185,0.9157079458236694,0.2632145583629608,-0.17614009976387024,0.8222243189811707,0.8828012347221375,-0.18320979177951813,0.8651288747787476,0.30745354294776917,-0.10058803856372833,0.8339247703552246,1.001794695854187,-0.16801488399505615,0.8893624544143677,0.3439140021800995,-0.10066721588373184,0.8479045033454895,0.829747200012207,-0.20911161601543427,1.5999228954315186,0.2461668848991394,-0.16986997425556183,1.7174745798110962,0.6607104539871216,0.17269252240657806,2.2398619651794434,0.02445199526846409,-0.05197600647807121,2.3426601886749268,0.3956694006919861,0.5627228021621704,2.8698084354400635,-0.16909785568714142,0.6107434034347534,2.978794574737549,0.19563011825084686,1.2231042385101318,2.9427237510681152,-0.19619028270244598,0.6542735695838928,3.053917407989502,0.17400462925434113,1.2808609008789062,3.0564141273498535,-0.1953122615814209,0.09828078746795654,3.097060203552246,0.14205969870090485,0.611005425453186
75,TEST,HIGH MOVEMENT,0.7754673957824707,0.4470122456550598,-0.7728160619735718,0.7676362991333008,0.3663407862186432,-0.7473130822181702,0.7826727628707886,0.3442896902561188,-0.7472997903823853,0.7951935529708862,0.32453617453575134,-0.7479284405708313,0.7214471101760864,0.4281204342842102,-0.7765724062919617,0.7064500451087952,0.44942766427993774,-0.776070773601532,0.6898965835571289,0.4756450355052948,-0.7763961553573608,0.8108487129211426,0.3287505805492401,-0.3935927748680115,0.6887858510017395,0.5418006181716919,-0.5288437008857727,0.8349855542182922,0.47155413031578064,-0.6566517949104309,0.8009855151176453,0.5448898077011108,-0.7371142506599426,0.9187289476394653,0.43928688764572144,-0.4026520252227783,0.8393665552139282,0.8591893911361694,-0.10897734016180038,1.0720478296279907,0.346236914396286,-0.2361060380935669,0.8874808549880981,0.984418511390686,-0.1136513501405716,0.9396355748176575,0.4784277081489563,0.23879051208496094,0.7886901497840881,0.7405379414558411,0.2510514259338379,0.9134539365768433,0.47921690344810486,0.21170909702777863,0.7429672479629517,0.7284601926803589,0.2828906178474426,0.859036922454834,0.497104674577713,0.2890292704105377,0.7671706080436707,0.8288031220436096,0.3057703673839569,0.8846473693847656,0.521016538143158,0.26762303709983826,0.7867616415023804,0.6990954279899597,0.2543606460094452,1.6322742700576782,0.3826303482055664,-0.18573230504989624,1.7087018489837646,0.7146600484848022,0.1887742280960083,2.2562968730926514,0.21507617831230164,0.031545866280794144,2.33208966255188,0.5240294933319092,0.5110334157943726,2.864069938659668,0.11634712666273117,0.8863566517829895,2.938681125640869,0.41049665212631226,1.086951732635498,2.9355690479278564,0.11239863187074661,0.9523608088493347,3.013047695159912,0.3918916583061218,1.1381170749664307,3.0457255840301514,0.07420442998409271,0.4351378083229065,3.050264358520508,0.3937373757362366,0.4929552674293518
76,TEST,HIGH MOVEMENT,0.7759328484535217,0.44473710656166077,-0.8156560063362122,0.7703074812889099,0.37356555461883545,-0.7900328040122986,0.7843160033226013,0.3574315905570984,-0.7901402115821838,0.7968347668647766,0.34258800745010376,-0.7905691266059875,0.7235918641090393,0.42179742455482483,-0.8396137356758118,0.7086161375045776,0.43927955627441406,-0.8390278816223145,0.6932842135429382,0.46015623211860657,-0.8390944600105286,0.8078953623771667,0.36869195103645325,-0.47712960839271545,0.6877536773681641,0.5439425706863403,-0.7097734212875366,0.8309866786003113,0.485330730676651,-0.6916566491127014,0.7944505214691162,0.5509881377220154,-0.76453697681427,0.8906397819519043,0.6393564343452454,-0.46262937784194946,0.8152903318405151,0.9177644848823547,-0.26269787549972534,1.02828848361969,0.4885924160480499,-0.13472424447536469,0.9211279153823853,0.9409995675086975,0.008657901547849178,0.9080051183700562,0.5488022565841675,0.2498241364955902,0.7778964638710022,0.7806150317192078,0.562699556350708,0.8823364973068237,0.5227230191230774,0.2047918289899826,0.7338221073150635,0.7088180780410767,0.6049143671989441,0.8502405285835266,0.5662027597427368,0.24946364760398865,0.7513530850410461,0.7574443221092224,0.5904775857925415,0.8649219274520874,0.594962477684021,0.2628993093967438,0.7686771154403687,0.7295821905136108,0.5579186081886292,1.6253306865692139,0.6205803751945496,-0.15938954055309296,1.7031761407852173,0.9154413342475891,0.1631423532962799,2.173586130142212,0.5350806713104248,0.2911232113838196,2.206589460372925,0.7990367412567139,0.720930814743042,2.742746353149414,0.4374886453151703,1.4553167819976807,2.7841956615448,0.6890057921409607,1.664202094078064,2.8197779655456543,0.4371163547039032,1.5565578937530518,2.8560967445373535,0.6737947463989258,1.7511459589004517,2.8988101482391357,0.39658084511756897,1.1014670133590698,2.9331507682800293,0.6669479012489319,1.2026125192642212
77,TEST,HIGH MOVEMENT,0.6959745287895203,0.6890419721603394,-0.6404038071632385,0.7058011889457703,0.5617579817771912,-0.6328251361846924,0.7065215110778809,0.5682857632637024,-0.6337294578552246,0.6444719433784485,0.6710418462753296,-0.6343109011650085,0.687004804611206,0.6229963302612305,-0.7005235552787781,0.6836621761322021,0.624984085559845,-0.699913740158081,0.6721259951591492,0.6362740993499756,-0.7004294395446777,0.6207190155982971,0.7385225892066956,-0.31326088309288025,0.577766478061676,0.9033445715904236,-0.5994938611984253,0.7135666608810425,0.7610109448432922,-0.48220720887184143,0.6905165910720825,0.796073317527771,-0.5789503455162048,0.6911022067070007,0.8066933155059814,-0.23158299922943115,0.7135487794876099,1.2255736589431763,-0.20972840487957,0.921698272228241,0.46633753180503845,-0.2901999056339264,0.9240911602973938,0.8952101469039917,-0.3673273026943207,0.8192536234855652,0.47522681951522827,-0.6448482275009155,0.7863956689834595,0.7629954218864441,-0.5171211361885071,0.7953025698661804,0.46132710576057434,-0.7777048349380493,0.742514967918396,0.6905736327171326,-0.5663107633590698,0.7573912143707275,0.5026013851165771,-0.7358828783035278,0.7575479745864868,0.7113038301467896,-0.614917516708374,0.7702229619026184,0.5248661637306213,-0.6460958123207092,0.7714672684669495,0.6964744329452515,-0.5419942140579224,1.441857099533081,0.8169726729393005,-0.14873184263706207,1.4902870655059814,1.1710695028305054,0.1533433049917221,1.922937035560608,0.713836669921875,-0.31597912311553955,1.9214918613433838,1.2062822580337524,0.0013574163895100355,2.504438877105713,0.7108314633369446,0.22616763412952423,2.5322508811950684,1.0554152727127075,0.33411213755607605,2.578481435775757,0.7120310664176941,0.2579088509082794,2.605003595352173,1.0256284475326538,0.3537709414958954,2.6931662559509277,0.7291466593742371,-0.24019627273082733,2.723353147506714,1.067589521408081,-0.15249750018119812
78,TEST,HIGH MOVEMENT,0.632062554359436,0.5706532597541809,-0.23684954643249512,0.6965565085411072,0.4774336516857147,-0.22123193740844727,0.699569046497345,0.47168439626693726,-0.221579909324646,0.681624710559845,0.5188782215118408,-0.221694678068161,0.6811113953590393,0.5833955407142639,-0.25290122628211975,0.6778992414474487,0.6184699535369873,-0.25263386964797974,0.6649731397628784,0.588958740234375,-0.25263774394989014,0.657835841178894,0.5488048791885376,-0.0588654950261116,0.5876578688621521,0.860698938369751,-0.22918438911437988,0.5916485786437988,0.702080488204956,-0.16022701561450958,0.5880416631698608,0.7015119791030884,-0.21163401007652283,0.6780505180358887,0.8266631960868835,-0.27215614914894104,0.6646610498428345,1.1135647296905518,0.04234500974416733,0.8201916813850403,0.6258729696273804,-0.3355146646499634,0.7651714086532593,0.9984317421913147,0.04252074286341667,0.7478284239768982,0.6399368047714233,-0.7155466675758362,0.6985363364219666,0.9016777276992798,0.13100092113018036,0.73581862449646,0.6170473694801331,-0.8597628474235535,0.6943471431732178,0.8579963445663452,0.17073622345924377,0.7087773084640503,0.6490866541862488,-0.7988401055335999,0.681782603263855,0.8838199377059937,0.0643235594034195,0.7121623754501343,0.6689599752426147,-0.7039302587509155,0.6849004030227661,0.9035908579826355,0.09411994367837906,1.3918336629867554,0.8815831542015076,-0.15559273958206177,1.4245530366897583,1.099124550819397,0.16097405552864075,1.139742136001587,0.7883262634277344,-0.5024048089981079,1.2737233638763428,1.3652839660644531,-0.10373152792453766,1.6090583801269531,0.9014437794685364,0.043385520577430725,1.6659419536590576,1.188712239265442,0.3227030038833618,1.6913173198699951,0.9224181771278381,0.09078328311443329,1.6976066827774048,1.1418222188949585,0.37017732858657837,1.670972466468811,0.9084292650222778,-0.10192658752202988,1.7918431758880615,1.2436606884002686,0.14661356806755066
79,TEST,HIGH MOVEMENT,0.6339453458786011,0.5294552445411682,0.0591987781226635,0.7059573531150818,0.4438988268375397,0.08255975693464279,0.7133192420005798,0.4342656433582306,0.08293526619672775,0.7108322381973267,0.46105197072029114,0.08337756991386414,0.6783100366592407,0.5529235005378723,0.024606933817267418,0.6746695041656494,0.6040990352630615,0.025224899873137474,0.6632100343704224,0.5732178092002869,0.0258317943662405,0.6715680360794067,0.48555800318717957,0.2326631247997284,0.588649570941925,0.7599348425865173,-0.042651835829019547,0.6175346374511719,0.6034635305404663,0.13864950835704803,0.6284058094024658,0.6356673836708069,0.05438254401087761,0.6742390394210815,0.8159695267677307,0.11585798114538193,0.6788482069969177,1.0253198146820068,0.02203434333205223,0.7884725332260132,0.5906679630279541,0.10058542340993881,0.7653654217720032,0.8852506875991821,-0.09234704822301865,0.7070615887641907,0.56794273853302,-0.08295638859272003,0.7171167135238647,0.7707529664039612,0.04730677232146263,0.6945178508758545,0.5534646511077881,-0.1795528680086136,0.7172231674194336,0.7149903178215027,0.0989188402891159,0.6772177815437317,0.5750451683998108,-0.16890829801559448,0.706085205078125,0.701577365398407,0.003728038864210248,0.6774601340293884,0.5848368406295776,-0.09188669174909592,0.7055870294570923,0.7752677798271179,-0.000164617202244699,1.378767728805542,0.8937151432037354,-0.07314348965883255,1.3922406435012817,1.0462373495101929,0.0759982019662857,0.8381727337837219,0.6743888854980469,-0.32684117555618286,0.9344428777694702,1.0569249391555786,0.004181813448667526,0.9241533279418945,0.7567747831344604,0.3203551769256592,0.9280176162719727,0.9558051228523254,0.39546772837638855,0.9462698698043823,0.8200080990791321,0.3681640028953552,0.9338294863700867,0.9750314950942993,0.44156211614608765,0.8914765119552612,0.6834819316864014,0.09625345468521118,0.8586010932922363,0.8883650302886963,0.22512929141521454
80,TEST,HIGH MOVEMENT,0.5650855302810669,0.5646651387214661,0.0035568561870604753,0.6382661461830139,0.4551027715206146,0.0037605599500238895,0.6394152641296387,0.4555410146713257,0.00407341169193387,0.6328593492507935,0.47062328457832336,0.0042931800708174706,0.6366376876831055,0.5073084235191345,-0.031980961561203,0.6372565031051636,0.5509096384048462,-0.03133951872587204,0.6158746480941772,0.532326340675354,-0.030718738213181496,0.6036657094955444,0.5518296957015991,0.10551576316356659,0.495280921459198,0.687940776348114,-0.06459297984838486,0.5686947107315063,0.6270278692245483,0.06854312121868134,0.5551110506057739,0.6681004762649536,0.01528090238571167,0.6188405156135559,0.8173803687095642,0.012489033862948418,0.6175052523612976,1.0133154392242432,0.023696687072515488,0.7332094311714172,0.5228983759880066,0.049810413271188736,0.7139818072319031,0.8396806120872498,-0.11460186541080475,0.6657416224479675,0.4975970685482025,-0.04968476668000221,0.6761068105697632,0.6080915927886963,-0.07168740779161453,0.6524173617362976,0.48986101150512695,-0.13597503304481506,0.6856573820114136,0.5535771250724792,-0.06228354573249817,0.6384550333023071,0.5194734930992126,-0.10511080920696259,0.6740773916244507,0.56377774477005,-0.1356469690799713,0.6388540267944336,0.5256986618041992,-0.044169165194034576,0.6682509183883667,0.6114988923072815,-0.09404095262289047,1.2885922193527222,0.9398435354232788,-0.09481468051671982,1.3110754489898682,1.0384472608566284,0.09709788113832474,0.7571834921836853,0.6997057795524597,-0.2741483747959137,0.9009332656860352,0.944504976272583,0.11083108186721802,0.8380651473999023,0.8167434930801392,0.3692786693572998,0.8569813966751099,0.9124740362167358,0.5016528367996216,0.8605281710624695,0.8838946223258972,0.4166080355644226,0.8633130788803101,0.9460440874099731,0.5457218885421753,0.7887600064277649,0.7500221133232117,0.1998438984155655,0.7578318119049072,0.8493812084197998,0.37091371417045593
81,TEST,HIGH MOVEMENT,0.5978739857673645,0.5231460928916931,-0.14628930389881134,0.6551862955093384,0.45400092005729675,-0.16388383507728577,0.6622236967086792,0.4427880048751831,-0.1636183112859726,0.6656196713447571,0.4564615488052368,-0.1633283793926239,0.6458374261856079,0.4496426582336426,-0.17316006124019623,0.6444059610366821,0.46349021792411804,-0.17267079651355743,0.6297072768211365,0.4409257471561432,-0.17206288874149323,0.6751275658607483,0.5408812165260315,0.05319058150053024,0.6167051196098328,0.4821522831916809,-0.17240670323371887,0.6119176149368286,0.5953204035758972,-0.10661201179027557,0.5963882207870483,0.6172837615013123,-0.12769143283367157,0.6387447118759155,0.8295968770980835,-0.3842180073261261,0.654623806476593,0.9765652418136597,0.08380940556526184,0.7016739249229431,0.7146504521369934,-0.36872583627700806,0.6748001575469971,0.8386849164962769,0.0854320153594017,0.6626311540603638,0.685326337814331,-0.4594345986843109,0.5888879895210266,0.768466055393219,0.18544064462184906,0.6548429727554321,0.6606571674346924,-0.5897454023361206,0.5868209004402161,0.733412504196167,0.22906124591827393,0.6438416838645935,0.6734843850135803,-0.5564786195755005,0.5773159861564636,0.7577731013298035,0.1335972249507904,0.6414888501167297,0.6819551587104797,-0.4555613100528717,0.5719372630119324,0.7880651354789734,0.15220364928245544,1.3089407682418823,0.933912456035614,-0.20260775089263916,1.3465495109558105,0.9864926934242249,0.2042073756456375,0.8481472730636597,0.7153721451759338,-0.35936328768730164,0.932506263256073,0.9514302015304565,0.22829563915729523,1.0014477968215942,0.8996366262435913,0.2776622772216797,1.0326818227767944,0.9681398868560791,0.5798400640487671,1.0351643562316895,0.9603015780448914,0.32740524411201477,1.056638240814209,0.9930065274238586,0.6282302141189575,0.9706805944442749,0.8664210438728333,0.1918887197971344,0.9858576059341431,0.9428345561027527,0.6120842695236206
82,TEST,HIGH MOVEMENT,0.5888239145278931,0.5101875066757202,-0.07019925862550735,0.6444112062454224,0.43971845507621765,-0.07247977703809738,0.64942866563797,0.4328521192073822,-0.07231112569570541,0.6484310626983643,0.4430708885192871,-0.07189974933862686,0.6352676749229431,0.4482130706310272,-0.12187020480632782,0.6326277852058411,0.4551381766796112,-0.12142486870288849,0.6203541159629822,0.43365252017974854,-0.1211053878068924,0.6267417073249817,0.5286099314689636,0.023236745968461037,0.6045250296592712,0.49056389927864075,-0.2092290222644806,0.6229397654533386,0.5769803524017334,-0.014470015652477741,0.5793262124061584,0.602012038230896,-0.08507665246725082,0.6087629795074463,0.8447380065917969,-0.08895979821681976,0.6106103658676147,0.9841834306716919,-0.12340126931667328,0.7221280336380005,0.6143243908882141,-0.031133759766817093,0.7155618667602539,0.7998306751251221,-0.1834142804145813,0.6835793256759644,0.5841847062110901,-0.19961360096931458,0.6293764710426331,0.6420844793319702,0.03871718794107437,0.6792305111885071,0.5713016986846924,-0.3188205063343048,0.6513873934745789,0.5975992679595947,0.03785782307386398,0.6599398255348206,0.5934225916862488,-0.3158956468105316,0.6160870790481567,0.6071587800979614,-0.05389422923326492,0.658798336982727,0.5998850464820862,-0.2095896303653717,0.587658703327179,0.6473324298858643,0.024848731234669685,1.2775580883026123,0.9597979187965393,-0.11452201753854752,1.2983415126800537,1.047447919845581,0.1167847290635109,0.8512781858444214,0.7525956034660339,-0.21764305233955383,0.9514468908309937,1.0725171566009521,0.10753998905420303,1.0907557010650635,0.8672271370887756,0.4608317017555237,1.1406306028366089,1.0632803440093994,0.5741122961044312,1.1445205211639404,0.9277790188789368,0.5129832625389099,1.174980878829956,1.086602807044983,0.6280317306518555,1.069797158241272,0.815841794013977,0.36468181014060974,1.119185209274292,1.0327972173690796,0.5175813436508179
83,TEST,HIGH MOVEMENT,0.6088056564331055,0.471873939037323,-0.4332086145877838,0.6610890626907349,0.4048703908920288,-0.45619234442710876,0.6708401441574097,0.40350160002708435,-0.45603814721107483,0.6767163276672363,0.4098634719848633,-0.45561766624450684,0.6361916661262512,0.4017351567745209,-0.5087676048278809,0.6335387229919434,0.4045962989330292,-0.5086405277252197,0.6215907335281372,0.3952641785144806,-0.5085018873214722,0.6756126284599304,0.5077089667320251,-0.37896057963371277,0.60517418384552,0.47656485438346863,-0.626944899559021,0.6278240084648132,0.5700450539588928,-0.3740715980529785,0.5979648232460022,0.564907431602478,-0.4521368443965912,0.6037026643753052,0.8061829805374146,-0.4178124964237213,0.6036312580108643,0.9709230661392212,-0.31572479009628296,0.7353519797325134,0.6239826679229736,-0.09269753098487854,0.7244236469268799,0.8258926868438721,-0.255379855632782,0.7020586729049683,0.565463125705719,-0.215178444981575,0.6588257551193237,0.6953642964363098,-0.06317471712827682,0.6956747174263,0.5464601516723633,-0.3176085948944092,0.6720923781394958,0.6529983282089233,-0.03387567028403282,0.6734069585800171,0.5652316808700562,-0.31557467579841614,0.6482594609260559,0.6758167147636414,-0.13041315972805023,0.6743173599243164,0.5749899744987488,-0.21645374596118927,0.6355047821998596,0.710060715675354,-0.08068950474262238,1.2602392435073853,0.9458027482032776,-0.11984483897686005,1.2911456823349,1.0679569244384766,0.12208597362041473,0.922644317150116,0.8244746327400208,-0.20680804550647736,0.9799779653549194,1.1584206819534302,0.11634571850299835,1.2014840841293335,0.9526757597923279,0.49572473764419556,1.2398985624313354,1.0745960474014282,0.594098687171936,1.2563767433166504,0.9938695430755615,0.5534726977348328,1.268364667892456,1.0688121318817139,0.6330763101577759,1.2136921882629395,0.9322801828384399,0.42762431502342224,1.2916381359100342,1.0572668313980103,0.6154178380966187
84,TEST,HIGH MOVEMENT,0.5561113953590393,0.4632640779018402,-0.06433282047510147,0.6010669469833374,0.4035581648349762,-0.08179421722888947,0.5996639132499695,0.4055313169956207,-0.08247558772563934,0.5901780724525452,0.41926586627960205,-0.08272170275449753,0.5982023477554321,0.39352524280548096,-0.1271745264530182,0.5962041020393372,0.3943188488483429,-0.1274542212486267,0.5865696668624878,0.39187583327293396,-0.12851132452487946,0.49384650588035583,0.5540295839309692,-0.07229169458150864,0.4987727105617523,0.5410629510879517,-0.31862208247184753,0.4899398386478424,0.5812299251556396,-0.039622657001018524,0.4944019913673401,0.564893364906311,-0.10942737758159637,0.5179815292358398,0.8004392981529236,-0.16910120844841003,0.5276917815208435,0.942712664604187,-0.06699235737323761,0.7457268834114075,0.6193954944610596,0.045113660395145416,0.7429301142692566,0.9084019064903259,0.0559564046561718,0.7125345468521118,0.5643723011016846,-0.06515328586101532,0.6694227457046509,0.8570581674575806,0.17577005922794342,0.7074810862541199,0.5554750561714172,-0.12745678424835205,0.6733380556106567,0.8380512595176697,0.2445731908082962,0.6806426644325256,0.5605456829071045,-0.09363749623298645,0.6423757076263428,0.8787297010421753,0.16974285244941711,0.6813865900039673,0.5710121393203735,-0.053071875125169754,0.6353757381439209,0.8904263973236084,0.15639206767082214,1.15505850315094,0.8946091532707214,-0.12541832029819489,1.154876470565796,1.0887664556503296,0.1277950257062912,1.298022985458374,0.8719094395637512,-0.28267619013786316,1.034159779548645,1.2539782524108887,0.01835428923368454,1.8274953365325928,0.9014499187469482,0.31063222885131836,1.864656686782837,1.1287615299224854,0.44501814246177673,1.9006757736206055,0.905408501625061,0.35653889179229736,1.922461748123169,1.0931824445724487,0.48453980684280396,1.9536644220352173,0.9041949510574341,0.0949125736951828,2.0827534198760986,1.1713978052139282,0.2604082226753235
85,TEST,HIGH MOVEMENT,0.4759456515312195,0.6686278581619263,-0.6687295436859131,0.4633203148841858,0.6261500120162964,-0.6993831396102905,0.46467646956443787,0.6156185269355774,-0.7001179456710815,0.46541982889175415,0.6058183312416077,-0.7007843255996704,0.45508402585983276,0.6593858599662781,-0.723331093788147,0.4499991834163666,0.6750632524490356,-0.7230888605117798,0.44438162446022034,0.689281165599823,-0.7233759164810181,0.4398775100708008,0.6509734392166138,-0.5468458533287048,0.4148833751678467,0.7676958441734314,-0.6696418523788452,0.42420855164527893,0.7479461431503296,-0.5674310922622681,0.4301750063896179,0.7484493255615234,-0.6058054566383362,0.4910264015197754,0.8035585880279541,-0.47201013565063477,0.49596619606018066,1.0568535327911377,-0.2214663326740265,0.7237985730171204,0.5303246974945068,-0.4683310091495514,0.7306454181671143,0.8919865489006042,0.01641193777322769,0.7092238068580627,0.42957088351249695,-0.8831415176391602,0.6735043525695801,0.8058918714523315,0.08641523867845535,0.7094166278839111,0.4087686836719513,-1.008496642112732,0.6801482439041138,0.7787483930587769,0.12433109432458878,0.6745725870132446,0.42709028720855713,-1.0135143995285034,0.646560549736023,0.8124323487281799,0.10102669149637222,0.6734479069709778,0.44612476229667664,-0.8884941935539246,0.6413188576698303,0.8245740532875061,0.07861718535423279,1.0742522478103638,0.9087573885917664,-0.11084011942148209,1.11747407913208,1.139248013496399,0.11312465369701385,0.8612488508224487,0.7676817774772644,-0.26979029178619385,1.0395591259002686,1.2720791101455688,-0.010565247386693954,1.175558090209961,0.8123947381973267,0.5980154871940613,1.2334517240524292,1.118892788887024,0.7550104856491089,1.2342393398284912,0.8323463797569275,0.6797388792037964,1.2362009286880493,1.0860669612884521,0.8438825607299805,1.2313874959945679,0.7776375412940979,0.4767623841762543,1.3155543804168701,1.12587308883667,0.6874059438705444
86,TEST,HIGH MOVEMENT,0.5192219614982605,0.6219635605812073,-1.0234289169311523,0.5492099523544312,0.4309784471988678,-1.0719133615493774,0.5483439564704895,0.43269142508506775,-1.0719597339630127,0.528745710849762,0.5789299607276917,-1.0726968050003052,0.5267120003700256,0.4850529432296753,-1.1135131120681763,0.530195415019989,0.4841448962688446,-1.1135823726654053,0.5280089378356934,0.48724862933158875,-1.114048957824707,0.49842315912246704,0.5573035478591919,-0.9930447340011597,0.4665437340736389,0.6954320669174194,-1.1963680982589722,0.4927533268928528,0.734003484249115,-0.9508612751960754,0.4885537624359131,0.7019363045692444,-1.0137677192687988,0.46532517671585083,0.6760433316230774,-0.7683582305908203,0.4971143305301666,1.0300527811050415,-0.7067717909812927,0.7272440195083618,0.5193051695823669,-0.34063220024108887,0.7408953309059143,1.0139856338500977,-0.31543368101119995,0.6942374110221863,0.4317401051521301,0.008382968604564667,0.6791762113571167,0.9707221388816833,-0.05937546491622925,0.6931521892547607,0.4162873327732086,0.040412090718746185,0.6839779615402222,0.9598361849784851,0.03131457045674324,0.6537876725196838,0.42872267961502075,0.04282722249627113,0.651347279548645,0.9824331998825073,-0.06418241560459137,0.6507464051246643,0.4512828290462494,0.028986284509301186,0.645221471786499,0.9739614129066467,-0.08122718334197998,0.8988014459609985,0.8575404286384583,-0.046541113406419754,0.9481348991394043,1.1187503337860107,0.04806738346815109,0.8077523112297058,0.7350656390190125,-0.2781485617160797,1.0866539478302002,1.1405009031295776,-0.36335867643356323,1.124859094619751,0.7580621838569641,0.5803567171096802,1.1912877559661865,0.9998706579208374,0.6563171148300171,1.1682692766189575,0.7886273860931396,0.6622077226638794,1.1592590808868408,0.9753398895263672,0.8088822364807129,1.2410590648651123,0.7346095442771912,0.566869854927063,1.3425548076629639,1.01118004322052,0.7772271633148193
87,TEST,HIGH MOVEMENT,0.5216072201728821,0.5292094945907593,-0.47852325439453125,0.5628231763839722,0.42014452815055847,-0.5087909698486328,0.5642588138580322,0.41865915060043335,-0.5095523595809937,0.5498236417770386,0.47582530975341797,-0.5110518336296082,0.6231349110603333,0.371248334646225,-0.5311771631240845,0.623080849647522,0.3700999915599823,-0.5311613082885742,0.6194496750831604,0.3742421865463257,-0.5316874384880066,0.5368824601173401,0.49673599004745483,-0.5503029823303223,0.6004946827888489,0.48873093724250793,-0.650157630443573,0.5343962907791138,0.6789730191230774,-0.4676991403102875,0.4955461025238037,0.6676218509674072,-0.5049149394035339,0.5040076971054077,0.6779735684394836,-0.49315643310546875,0.5288271307945251,0.9931318759918213,-0.1442025601863861,0.7342893481254578,0.5138798952102661,-0.18104037642478943,0.7473558783531189,1.005119800567627,0.16418150067329407,0.6906164884567261,0.43620312213897705,-0.1082039326429367,0.6830599308013916,0.9691373109817505,0.29321596026420593,0.6919565200805664,0.42086055874824524,-0.14049339294433594,0.6902012825012207,0.9518458247184753,0.37434273958206177,0.6567305326461792,0.4342266023159027,-0.15901008248329163,0.6562658548355103,0.983745276927948,0.293239027261734,0.6383620500564575,0.4571090042591095,-0.11435598134994507,0.651249349117279,0.9818150401115417,0.26820117235183716,0.8700917959213257,0.8692117929458618,-0.06745012104511261,0.9032571911811829,1.0960026979446411,0.06909085810184479,0.8781667947769165,0.72037273645401,-0.2432466447353363,1.0699162483215332,1.2559857368469238,-0.2717575430870056,1.2642260789871216,0.7287862300872803,0.436184823513031,1.3138506412506104,0.9856695532798767,0.49343061447143555,1.313547134399414,0.7575189471244812,0.5001667141914368,1.3037159442901611,0.8532399535179138,0.599847137928009,1.3836408853530884,0.7100700736045837,0.49156704545021057,1.471859335899353,0.9818937182426453,0.6961092352867126
88,TEST,HIGH MOVEMENT,0.5450919270515442,0.5153602361679077,-0.5345720052719116,0.6213234066963196,0.3543216586112976,-0.5526353716850281,0.5772313475608826,0.42739760875701904,-0.5532888174057007,0.5657215714454651,0.4728437066078186,-0.5548560619354248,0.6243383288383484,0.3786410093307495,-0.6018852591514587,0.6247909069061279,0.3785540461540222,-0.6019461154937744,0.6208726763725281,0.38477808237075806,-0.6027565002441406,0.5462571382522583,0.49038317799568176,-0.479764461517334,0.5927280187606812,0.5088683366775513,-0.6835557222366333,0.5364037156105042,0.5940590500831604,-0.47804394364356995,0.5259775519371033,0.6102297902107239,-0.5448481440544128,0.5208902955055237,0.5740154385566711,-0.31663045287132263,0.5317273736000061,0.9227866530418396,-0.30154842138290405,0.7660157680511475,0.47326019406318665,0.01366417296230793,0.7511637806892395,1.1402459144592285,-0.1311933696269989,0.7268147468566895,0.42576971650123596,0.08626030385494232,0.7486204504966736,1.2657501697540283,-0.04769069328904152,0.7235113382339478,0.4256567060947418,0.07929937541484833,0.7517489194869995,1.3123791217803955,-0.03832942619919777,0.6777688264846802,0.42340803146362305,0.09093470871448517,0.726999819278717,1.3245388269424438,-0.09724786132574081,0.6723629832267761,0.4412536919116974,0.0915401503443718,0.7261854410171509,1.2917430400848389,-0.07604736089706421,0.8523505926132202,0.86406409740448,0.005470604635775089,0.8526788949966431,1.0832167863845825,-0.004747031722217798,1.200037956237793,0.756428599357605,0.21564260125160217,1.2058660984039307,1.1961562633514404,0.11032728850841522,1.6729907989501953,0.8038619160652161,0.9220794439315796,1.722145676612854,1.0720698833465576,0.6182407140731812,1.7286264896392822,0.8258237838745117,0.9883691668510437,1.7658987045288086,1.0171246528625488,0.670052170753479,1.8355382680892944,0.827233076095581,0.6967130899429321,1.9226760864257812,1.0778141021728516,0.407593309879303
89,TEST,HIGH MOVEMENT,0.6549690961837769,0.35220277309417725,-1.1576545238494873,0.7121339440345764,0.27215996384620667,-1.2110440731048584,0.7139020562171936,0.2812548577785492,-1.2111116647720337,0.7200413942337036,0.2861180603504181,-1.2121555805206299,0.6871778964996338,0.27914366126060486,-1.2820405960083008,0.6763579249382019,0.28880104422569275,-1.2824029922485352,0.6675971746444702,0.2914885878562927,-1.2830384969711304,0.698854386806488,0.30031368136405945,-1.1261217594146729,0.6453496217727661,0.3441932499408722,-1.4571497440338135,0.6917462944984436,0.41630613803863525,-1.0827772617340088,0.6654021143913269,0.4312984049320221,-1.1818768978118896,0.5300437211990356,0.4375978708267212,-0.7862010598182678,0.5232585668563843,0.8417227268218994,-0.9870626330375671,0.7821205258369446,0.3473981022834778,-0.3268294930458069,0.7191842794418335,1.0666130781173706,-0.7757870554924011,0.7229689359664917,0.3076947331428528,-0.09319902956485748,0.6429704427719116,1.0881136655807495,-0.5874227285385132,0.7094650864601135,0.3111237585544586,-0.004158090800046921,0.627862811088562,1.0991771221160889,-0.56592857837677,0.6660645008087158,0.31058698892593384,0.0540412962436676,0.5825597643852234,1.1744924783706665,-0.6074804067611694,0.6663815379142761,0.3369571566581726,-0.07727764546871185,0.5867970585823059,1.166810154914856,-0.595776379108429,0.8436579704284668,0.7903305292129517,0.11771782487630844,0.8512242436408997,1.0702862739562988,-0.11674915254116058,1.3042051792144775,0.797039806842804,0.38953685760498047,1.2946776151657104,1.1536502838134766,0.15673092007637024,1.7750980854034424,0.8954191207885742,1.0759984254837036,1.8014123439788818,1.1500409841537476,0.586560845375061,1.8229795694351196,0.9375371336936951,1.1331150531768799,1.8543405532836914,1.1692379713058472,0.615570068359375,1.9398927688598633,0.8807107210159302,0.7625923752784729,1.9623959064483643,1.0813629627227783,0.15767621994018555
90,TEST,HIGH MOVEMENT,0.684472382068634,0.32181692123413086,-0.35446733236312866,0.7164668440818787,0.25793296098709106,-0.30668550729751587,0.7244585752487183,0.2601882517337799,-0.30677086114883423,0.7325804233551025,0.2613838016986847,-0.30815330147743225,0.6898691654205322,0.25157076120376587,-0.3936988413333893,0.6809619665145874,0.2505977749824524,-0.39333242177963257,0.6694828271865845,0.25775521993637085,-0.3940469026565552,0.7270135283470154,0.28069427609443665,-0.05929199606180191,0.641800045967102,0.30288800597190857,-0.4559401571750641,0.7011557817459106,0.38731327652931213,-0.2569654583930969,0.6689814925193787,0.3929736316204071,-0.37594667077064514,0.6248804926872253,0.4739823043346405,0.11451826989650726,0.5038544535636902,0.8122846484184265,-0.3506540060043335,0.7960778474807739,0.3772364556789398,0.567071795463562,0.665998101234436,1.2028659582138062,-0.4115579128265381,0.6875407695770264,0.3459111750125885,0.862951397895813,0.7060456275939941,1.3812808990478516,-0.4878021776676178,0.6522568464279175,0.3385433852672577,0.9018555879592896,0.7062968015670776,1.4501492977142334,-0.49920853972435,0.6056075692176819,0.3507860004901886,0.924341082572937,0.7020999789237976,1.4428943395614624,-0.5605674386024475,0.6184829473495483,0.3735101819038391,0.873173713684082,0.7114066481590271,1.4056055545806885,-0.5153477787971497,0.9276872873306274,0.789756715297699,0.15726687014102936,0.8630902171134949,1.0590091943740845,-0.15673938393592834,1.449500322341919,1.0300959348678589,0.31625622510910034,1.3606691360473633,1.2684646844863892,0.08922382444143295,1.9166702032089233,1.188027024269104,0.8205116987228394,1.8608436584472656,1.4542418718338013,0.24862651526927948,1.9682025909423828,1.240730881690979,0.8845656514167786,1.9192116260528564,1.5056812763214111,0.26137691736221313,2.0780441761016846,1.2198370695114136,0.5825878381729126,2.0233418941497803,1.4480030536651611,-0.21033532917499542
91,TEST,HIGH MOVEMENT,0.6851508021354675,0.29900848865509033,-0.4080716073513031,0.7128444910049438,0.2391238808631897,-0.370441734790802,0.7235657572746277,0.23880313336849213,-0.37092697620391846,0.7396079301834106,0.24098584055900574,-0.3725907504558563,0.6849483251571655,0.23650464415550232,-0.4120863378047943,0.6774377822875977,0.2355339229106903,-0.41180306673049927,0.6685113906860352,0.23615023493766785,-0.4126214385032654,0.7472907304763794,0.2680252492427826,-0.12711654603481293,0.6580244302749634,0.27168673276901245,-0.3014996349811554,0.7065958380699158,0.36106374859809875,-0.31937581300735474,0.6688002943992615,0.3641482889652252,-0.37958985567092896,0.6901435852050781,0.37150052189826965,-0.02389000728726387,0.5160780549049377,0.7448481321334839,-0.10282818228006363,0.8845735788345337,0.3560618460178375,0.4141644537448883,0.4389203190803528,1.08909273147583,-0.3339793086051941,0.8232823610305786,0.31869950890541077,0.7796127200126648,0.11598439514636993,0.9853971600532532,-0.701894223690033,0.8285431861877441,0.3252212107181549,0.8302308917045593,0.007877117022871971,1.0285364389419556,-0.756257176399231,0.7789651155471802,0.30766090750694275,0.8187592625617981,0.007265154272317886,0.9762150645256042,-0.7734500765800476,0.7722963094711304,0.3209853768348694,0.7863119840621948,0.07449998706579208,0.9421674013137817,-0.7247534990310669,0.9653142690658569,0.7016909122467041,0.07778661698102951,0.889759361743927,1.0016262531280518,-0.07646298408508301,1.5076558589935303,1.0100523233413696,0.20826999843120575,1.3866101503372192,1.2873362302780151,0.08684252202510834,1.9996135234832764,1.2838008403778076,0.29016533493995667,1.8815019130706787,1.565438985824585,0.30858665704727173,2.0494894981384277,1.332134485244751,0.2970479130744934,1.9291532039642334,1.5981050729751587,0.31720295548439026,2.1571717262268066,1.3720834255218506,-0.15995433926582336,2.053877115249634,1.6055395603179932,-0.22486785054206848
92,TEST,HIGH MOVEMENT,0.7027688026428223,0.2886260449886322,-0.24977746605873108,0.7327312231063843,0.23163290321826935,-0.2010708749294281,0.7454149723052979,0.23368562757968903,-0.2014845907688141,0.7588357329368591,0.2368955761194229,-0.2029372751712799,0.702135443687439,0.22547051310539246,-0.23900604248046875,0.6949299573898315,0.22433413565158844,-0.2386263906955719,0.6876959204673767,0.22401507198810577,-0.23944370448589325,0.7632867097854614,0.2784770131111145,0.07144808024168015,0.6869561672210693,0.27089181542396545,-0.11318331956863403,0.7239899635314941,0.35523954033851624,-0.1559699922800064,0.6870580911636353,0.35087284445762634,-0.2135041505098343,0.7466742992401123,0.3517630696296692,0.1656845510005951,0.5267276167869568,0.6877936124801636,0.05461980029940605,0.9738714098930359,0.37374866008758545,0.6338561177253723,0.49928760528564453,1.0819212198257446,-0.19763098657131195,0.9041405916213989,0.3316827714443207,1.020801305770874,0.3053474426269531,0.9233238101005554,-0.5218806862831116,0.9003769755363464,0.36520788073539734,1.081266164779663,0.2327723205089569,0.9280142188072205,-0.5485063791275024,0.8510189056396484,0.30923354625701904,1.0839470624923706,0.22150318324565887,0.8876456022262573,-0.5580826997756958,0.8472825288772583,0.3400009274482727,1.0360934734344482,0.2629022002220154,0.8674293160438538,-0.5339983105659485,1.012057900428772,0.7093611359596252,0.06000826507806778,0.931079089641571,0.9998094439506531,-0.05929381772875786,1.5928184986114502,1.1012117862701416,0.12808069586753845,1.4471018314361572,1.3679311275482178,-0.00201168330386281,2.0928893089294434,1.4642014503479004,0.41919779777526855,1.9619216918945312,1.7387382984161377,0.09792044013738632,2.1391820907592773,1.5217992067337036,0.43991619348526,2.012275457382202,1.7870192527770996,0.09780659526586533,2.2612762451171875,1.577880859375,0.027598416432738304,2.1358184814453125,1.8079296350479126,-0.46631717681884766
93,TEST,HIGH MOVEMENT,0.7441374659538269,0.2842620611190796,-0.24541468918323517,0.7615381479263306,0.2360522747039795,-0.1778801828622818,0.7744649052619934,0.23808453977108002,-0.17808791995048523,0.7868942022323608,0.24071437120437622,-0.17959220707416534,0.726593554019928,0.23124678432941437,-0.22990019619464874,0.7169395685195923,0.23121534287929535,-0.2292478084564209,0.7079327702522278,0.2321033626794815,-0.22989697754383087,0.7835025191307068,0.28180012106895447,0.1490972638130188,0.6982834339141846,0.27931180596351624,-0.09977802634239197,0.7677428722381592,0.3427125811576843,-0.13780127465724945,0.7272244691848755,0.3424356281757355,-0.21283988654613495,0.8037031888961792,0.35694071650505066,0.23019902408123016,0.5310094356536865,0.6652469038963318,0.03195485845208168,1.0039528608322144,0.31770360469818115,0.6672101616859436,0.41604456305503845,0.9588679075241089,-0.3178645968437195,0.8951508402824402,0.27304545044898987,1.142606496810913,0.15461164712905884,0.8273829817771912,-0.8235825300216675,0.8846871256828308,0.30317458510398865,1.1991904973983765,0.13601934909820557,0.8389413952827454,-0.8709497451782227,0.830977737903595,0.2800496220588684,1.2216427326202393,0.14285728335380554,0.8164198994636536,-0.8910449147224426,0.8315452337265015,0.2890215814113617,1.1621915102005005,0.11613484472036362,0.7886751294136047,-0.8471959829330444,1.0568830966949463,0.7182806730270386,0.0684204176068306,0.930169403553009,1.002979040145874,-0.06749703735113144,1.6100342273712158,1.1616458892822266,0.0867663323879242,1.4427250623703003,1.4357563257217407,-0.023291166871786118,2.109564781188965,1.5962883234024048,0.3506329655647278,1.954018235206604,1.8835234642028809,0.11682931333780289,2.1530508995056152,1.6740821599960327,0.35660868883132935,2.0089001655578613,1.9516868591308594,0.11522959172725677,2.283470630645752,1.7083860635757446,-0.11510097980499268,2.1183464527130127,1.9533722400665283,-0.49990957975387573
94,TEST,HIGH MOVEMENT,0.7341057658195496,0.26791682839393616,-0.3350057005882263,0.7640400528907776,0.22460691630840302,-0.2904699146747589,0.7808684706687927,0.2272162288427353,-0.2907332479953766,0.7969009876251221,0.22987444698810577,-0.2920629680156708,0.7193904519081116,0.2151271402835846,-0.3344244658946991,0.708158552646637,0.21361719071865082,-0.33391353487968445,0.6974371671676636,0.21227005124092102,-0.33462756872177124,0.8030205965042114,0.263475239276886,0.018208274617791176,0.6865323781967163,0.2498634308576584,-0.18468312919139862,0.7678672075271606,0.3332189619541168,-0.23548884689807892,0.7116631269454956,0.3236401379108429,-0.30139514803886414,0.851828932762146,0.3840194344520569,0.12300308048725128,0.5232269763946533,0.6302644610404968,0.029368292540311813,1.1295392513275146,0.34727105498313904,0.5163050889968872,0.4244725704193115,0.9403640031814575,-0.21759943664073944,1.061511754989624,0.42158281803131104,0.8386995196342468,0.25192204117774963,0.8379109501838684,-0.682426929473877,1.0649030208587646,0.4937622845172882,0.8680770993232727,0.18247836828231812,0.842039942741394,-0.7337601184844971,1.0025116205215454,0.46338462829589844,0.8812057375907898,0.18860599398612976,0.8154249787330627,-0.7633506655693054,0.993567168712616,0.4550241231918335,0.8555424809455872,0.22802190482616425,0.7968724966049194,-0.7071675658226013,1.1236348152160645,0.7575857639312744,0.05563550069928169,0.9495434761047363,1.0231504440307617,-0.05485260486602783,1.6309707164764404,1.3037428855895996,0.1354990005493164,1.4377477169036865,1.5635130405426025,-0.01545553095638752,2.0941014289855957,1.8234782218933105,0.4374411106109619,1.9307886362075806,2.072704553604126,0.16701653599739075,2.133436918258667,1.9034513235092163,0.39748096466064453,1.981122374534607,2.1385533809661865,0.1683618277311325,2.2504091262817383,1.9615181684494019,0.0817660540342331,2.0961365699768066,2.160207509994507,-0.4290298521518707
95,TEST,HIGH MOVEMENT,0.7223328948020935,0.26034626364707947,-0.07729280740022659,0.758008599281311,0.20966321229934692,-0.008061746135354042,0.7754523158073425,0.21085722744464874,-0.008274970576167107,0.7920262813568115,0.2119905650615692,-0.00932933110743761,0.7115250825881958,0.20219995081424713,-0.05249636620283127,0.7004507780075073,0.2002839297056198,-0.05257728695869446,0.6904613971710205,0.19826354086399078,-0.05396667867898941,0.8017648458480835,0.23845943808555603,0.28545504808425903,0.6746923327445984,0.23371383547782898,0.061920057982206345,0.7544602751731873,0.3313538134098053,0.013170083984732628,0.6976026296615601,0.3211309313774109,-0.05603821203112602,0.8517566919326782,0.3835267424583435,0.31114432215690613,0.5101107358932495,0.6528905034065247,0.1464223861694336,1.153721570968628,0.35510674118995667,0.7652494311332703,0.4805781841278076,1.0308917760849,-0.4176681637763977,1.1707074642181396,0.4984676241874695,1.0632133483886719,0.35254278779029846,0.9504432678222656,-1.3014088869094849,1.1989705562591553,0.5814323425292969,1.1167786121368408,0.30696988105773926,0.9609277844429016,-1.38374662399292,1.147050380706787,0.5677730441093445,1.1271661520004272,0.30168822407722473,0.9342552423477173,-1.3956968784332275,1.1310598850250244,0.5466812252998352,1.0809578895568848,0.3204522430896759,0.9200447797775269,-1.3248295783996582,1.1659095287322998,0.810116171836853,0.06841180473566055,0.9555994272232056,1.0528606176376343,-0.06787604838609695,1.6376173496246338,1.3267768621444702,0.15513482689857483,1.4276843070983887,1.5922768115997314,0.18061721324920654,2.0888843536376953,1.8330892324447632,0.5252701044082642,1.9014053344726562,2.1236469745635986,0.574390172958374,2.1308979988098145,1.9184821844100952,0.5091014504432678,1.9498889446258545,2.2009730339050293,0.6054927110671997,2.2435126304626465,1.9604179859161377,0.13364610075950623,2.063586711883545,2.2264208793640137,-0.011147156357765198
96,TEST,HIGH MOVEMENT,0.7136756181716919,0.24260824918746948,-0.2250000685453415,0.7505373358726501,0.1935994029045105,-0.09640553593635559,0.7674657702445984,0.19621852040290833,-0.09634993225336075,0.7837813496589661,0.19852730631828308,-0.09796370565891266,0.7067524194717407,0.18202099204063416,-0.1064005047082901,0.6960776448249817,0.17818297445774078,-0.10710885375738144,0.6858128905296326,0.17343144118785858,-0.10660450160503387,0.8038457036018372,0.23548661172389984,0.11322365701198578,0.6801308393478394,0.2121066451072693,-0.13869647681713104,0.7452240586280823,0.3182308077812195,-0.12836743891239166,0.6899701356887817,0.3065372705459595,-0.07094962894916534,0.8578344583511353,0.38132914900779724,0.2088923156261444,0.5142313241958618,0.6193735003471375,0.05208063870668411,1.169656753540039,0.3589257597923279,0.31969818472862244,0.43088752031326294,0.954582154750824,-0.36533817648887634,1.10653817653656,0.4934844672679901,0.3950609564781189,0.21129266917705536,0.8350436687469482,-1.0564789772033691,1.1122812032699585,0.5489416122436523,0.3765154778957367,0.12258441746234894,0.8254441618919373,-1.1498825550079346,1.0609872341156006,0.5442401170730591,0.37641966342926025,0.12752756476402283,0.7966019511222839,-1.1908345222473145,1.0523960590362549,0.5163465142250061,0.3979911804199219,0.17770156264305115,0.7902166843414307,-1.0969780683517456,1.1641145944595337,0.8233548998832703,0.061723560094833374,0.9600852131843567,1.0581636428833008,-0.061275728046894073,1.5954612493515015,1.3566334247589111,0.15154433250427246,1.4201889038085938,1.624356985092163,0.13347753882408142,2.018576145172119,1.9110671281814575,0.43302154541015625,1.8585847616195679,2.165846824645996,0.5712295770645142,2.058785915374756,1.9945918321609497,0.44251638650894165,1.9034732580184937,2.235572099685669,0.5477035045623779,2.1567416191101074,2.04709792137146,-0.028255527839064598,2.0281498432159424,2.2547686100006104,-0.1468631476163864
97,TEST,HIGH MOVEMENT,0.7107707262039185,0.2577572166919708,-0.5020617246627808,0.7532104253768921,0.20113642513751984,-0.4246237277984619,0.7724716067314148,0.20439234375953674,-0.42435288429260254,0.7903788685798645,0.20757649838924408,-0.4256437420845032,0.70367032289505,0.19149184226989746,-0.44151657819747925,0.694243848323822,0.1875573694705963,-0.44142165780067444,0.6766909956932068,0.1827678084373474,-0.44212132692337036,0.8146026730537415,0.2452244907617569,-0.0404217354953289,0.6795591115951538,0.2199752777814865,-0.17675529420375824,0.7485812902450562,0.33563315868377686,-0.37721267342567444,0.6854999661445618,0.3255656659603119,-0.39483028650283813,0.8921992182731628,0.4044065475463867,0.1694638431072235,0.5151358842849731,0.6326373815536499,0.012286265380680561,1.29127037525177,0.6268002986907959,0.24450893700122833,0.4218806326389313,0.9587886929512024,-0.3791186213493347,1.2718284130096436,0.7320501804351807,0.36217567324638367,0.25032296776771545,1.006782054901123,-1.1272947788238525,1.2860000133514404,0.7997907996177673,0.36291608214378357,0.17073673009872437,1.021941900253296,-1.206558346748352,1.2376784086227417,0.7698222398757935,0.3772602677345276,0.18153251707553864,0.9959872961044312,-1.2462975978851318,1.222962737083435,0.7565432190895081,0.3708575665950775,0.23173117637634277,0.9914591312408447,-1.1656626462936401,1.1779539585113525,0.9469327330589294,0.055644650012254715,0.9511407613754272,1.1445447206497192,-0.05503499507904053,1.579133152961731,1.525254487991333,0.1247272714972496,1.3736307621002197,1.7602636814117432,0.11557354032993317,1.9790410995483398,2.1287825107574463,0.46077996492385864,1.7393414974212646,2.3775174617767334,0.5070548057556152,2.023813009262085,2.2158143520355225,0.48228487372398376,1.7760727405548096,2.460630178451538,0.5099698305130005,2.130199909210205,2.309269428253174,0.03963080421090126,1.8901588916778564,2.500640869140625,-0.14637091755867004
98,TEST,HIGH MOVEMENT,0.7180094122886658,0.26783931255340576,-0.5652841925621033,0.7547058463096619,0.21025806665420532,-0.5299028158187866,0.7709628343582153,0.21408280730247498,-0.5298570394515991,0.786255955696106,0.2171868234872818,-0.5312985181808472,0.70926833152771,0.20242604613304138,-0.5545167326927185,0.6974648833274841,0.19870471954345703,-0.5540018677711487,0.6816458702087402,0.19453763961791992,-0.5547165274620056,0.8009552955627441,0.24809247255325317,-0.24125194549560547,0.6742546558380127,0.22758911550045013,-0.35726770758628845,0.7481240034103394,0.3450646996498108,-0.45827895402908325,0.6893715858459473,0.3367852568626404,-0.4910971224308014,0.8713534474372864,0.4141216278076172,-0.01211977656930685,0.518433153629303,0.6273263096809387,-0.11230967193841934,1.1784002780914307,0.5627978444099426,0.2697371244430542,0.44714465737342834,0.9512697458267212,-0.27901408076286316,1.186598539352417,0.6719157695770264,0.4709935784339905,0.297610878944397,1.0395838022232056,-0.7440005540847778,1.2618064880371094,0.7637956738471985,0.4652504026889801,0.23171457648277283,1.068055510520935,-0.8046778440475464,1.2171655893325806,0.6876181960105896,0.476522833108902,0.23179130256175995,1.0444602966308594,-0.9317024350166321,1.1882798671722412,0.6795442700386047,0.4737914204597473,0.2730642557144165,1.0318750143051147,-0.8089271783828735,1.0966126918792725,0.9075802564620972,0.05205653980374336,0.8571715354919434,1.1337065696716309,-0.05131025239825249,1.4474378824234009,1.47987961769104,0.14433017373085022,1.1964120864868164,1.6930745840072632,0.08449755609035492,1.7901922464370728,2.062026262283325,0.5782393217086792,1.5444129705429077,2.2659780979156494,0.3732914924621582,1.8211393356323242,2.1471610069274902,0.6027815937995911,1.578120470046997,2.336444616317749,0.37962308526039124,1.891400694847107,2.2295374870300293,0.11146394163370132,1.6791839599609375,2.3879966735839844,-0.2490295171737671
99,TEST,HIGH MOVEMENT,0.7155420780181885,0.274780809879303,-0.6653547286987305,0.7526183724403381,0.2155442237854004,-0.6225512623786926,0.7683080434799194,0.2187132090330124,-0.6225547790527344,0.7830998301506042,0.22078712284564972,-0.624072790145874,0.7072674632072449,0.20853009819984436,-0.6467270851135254,0.6952617764472961,0.20504136383533478,-0.6462483406066895,0.6800803542137146,0.20157204568386078,-0.6470056176185608,0.7943844795227051,0.24503883719444275,-0.2862039804458618,0.6708576083183289,0.23553015291690826,-0.40288835763931274,0.7454957365989685,0.35051414370536804,-0.5374043583869934,0.6871706247329712,0.3430958688259125,-0.5713450312614441,0.8736242055892944,0.4319164454936981,-0.07397784292697906,0.5240088701248169,0.6343634724617004,-0.15941646695137024,1.1780544519424438,0.6036558151245117,0.21519510447978973,0.46066707372665405,0.9495904445648193,-0.2669089138507843,1.1230289936065674,0.6500385403633118,0.3239007592201233,0.416670560836792,1.1749076843261719,-0.6974098682403564,1.141221046447754,0.6971551179885864,0.30498963594436646,0.3841070532798767,1.2316784858703613,-0.7567611932754517,1.0944280624389648,0.6525338888168335,0.33068913221359253,0.389349102973938,1.1962058544158936,-0.8594873547554016,1.0821746587753296,0.6519830226898193,0.33097630739212036,0.41882213950157166,1.1786915063858032,-0.7486521005630493,1.0955228805541992,0.9620688557624817,0.04890237748622894,0.8481365442276001,1.1389116048812866,-0.04821735620498657,1.4199581146240234,1.6110421419143677,0.24205467104911804,1.162561058998108,1.7941615581512451,0.09478159248828888,1.7369420528411865,2.222891330718994,0.8137460947036743,1.4898234605789185,2.41120982170105,0.42291244864463806,1.7654609680175781,2.308687448501587,0.8546315431594849,1.5191876888275146,2.4848227500915527,0.4390825629234314,1.8254706859588623,2.408501386642456,0.37387776374816895,1.6259971857070923,2.5565083026885986,-0.1915890872478485
100,TEST,HIGH MOVEMENT,0.7224884629249573,0.2653177082538605,-0.6974585652351379,0.7575948238372803,0.20525814592838287,-0.646211564540863,0.7730146050453186,0.20784081518650055,-0.646064817905426,0.7868677377700806,0.20967398583889008,-0.6473257541656494,0.7079218626022339,0.1934201568365097,-0.6902474164962769,0.6938258409500122,0.18786998093128204,-0.6898924112319946,0.6790782809257507,0.18238455057144165,-0.6905604600906372,0.7953056693077087,0.23049484193325043,-0.29234975576400757,0.6683961153030396,0.20986706018447876,-0.4968656003475189,0.7475592494010925,0.339306503534317,-0.5634385943412781,0.6872283220291138,0.3271985948085785,-0.6220117211341858,0.8825629949569702,0.4495771825313568,-0.08643298596143723,0.5175340175628662,0.6422786712646484,-0.29349708557128906,1.2300106287002563,0.667266845703125,0.17814555764198303,0.4625908434391022,0.9516637921333313,-0.28004154562950134,1.2056560516357422,0.7452383041381836,0.18683530390262604,0.43174880743026733,1.3371436595916748,-0.6107903718948364,1.215693712234497,0.7892926931381226,0.16741934418678284,0.3971988558769226,1.4282324314117432,-0.6545127034187317,1.1688954830169678,0.7612941861152649,0.177546888589859,0.41138511896133423,1.4025464057922363,-0.7567631602287292,1.1563267707824707,0.7586612105369568,0.18400678038597107,0.4401906132698059,1.371778964996338,-0.6600301861763,1.1046067476272583,1.071977138519287,0.04709857702255249,0.8532356023788452,1.2174614667892456,-0.046517278999090195,1.4013125896453857,1.7308534383773804,0.19585998356342316,1.1498150825500488,1.8861565589904785,0.08582587540149689,1.6643174886703491,2.3597607612609863,0.7477767467498779,1.4218331575393677,2.5224411487579346,0.44037681818008423,1.687455177307129,2.4503750801086426,0.7853015661239624,1.4436684846878052,2.6078035831451416,0.460399329662323,1.740912675857544,2.5422911643981934,0.31957632303237915,1.5404174327850342,2.685898542404175,-0.1712421327829361
101,TEST,HIGH MOVEMENT,0.693186342716217,0.2679636776447296,-0.7335463762283325,0.7344286441802979,0.2087351530790329,-0.6890797019004822,0.7581979036331177,0.2117050439119339,-0.6888000965118408,0.7803048491477966,0.2135045826435089,-0.6896304488182068,0.6794654130935669,0.19584770500659943,-0.7013320326805115,0.6660654544830322,0.18949772417545319,-0.7007977366447449,0.6526271104812622,0.18397465348243713,-0.7014926671981812,0.7948809862136841,0.23587849736213684,-0.355705589056015,0.6567116379737854,0.2208501547574997,-0.4458480477333069,0.7353445291519165,0.3421669602394104,-0.6056536436080933,0.6699446439743042,0.3315032124519348,-0.6210718154907227,0.9223289489746094,0.5283037424087524,-0.20344853401184082,0.5226709842681885,0.6517589092254639,-0.24031612277030945,1.2548410892486572,0.8315961956977844,-0.15410685539245605,0.4853286147117615,0.9965887069702148,-0.12687237560749054,1.1769907474517822,1.041466236114502,-0.22987517714500427,0.6211296319961548,1.4898998737335205,-0.40052175521850586,1.176651954650879,1.1159311532974243,-0.265774130821228,0.6148303747177124,1.6214455366134644,-0.45701298117637634,1.1302334070205688,1.112436294555664,-0.22828254103660583,0.6617860198020935,1.5889623165130615,-0.5453498959541321,1.1204336881637573,1.0965921878814697,-0.22083130478858948,0.6733007431030273,1.5405608415603638,-0.4462305009365082,1.1178253889083862,1.2551932334899902,-0.047454796731472015,0.8434456586837769,1.382833480834961,0.05056069418787956,1.3494387865066528,1.9692050218582153,0.08324684202671051,1.0683326721191406,2.094721555709839,0.12412484735250473,1.5428410768508911,2.609645128250122,0.7012832760810852,1.2664166688919067,2.7347047328948975,0.4926927983760834,1.5792258977890015,2.695430278778076,0.7352815866470337,1.2895455360412598,2.823697805404663,0.5136292576789856,1.5551201105117798,2.834876775741577,0.2565176486968994,1.3572876453399658,2.9354193210601807,-0.1139087826013565
102,TEST,HIGH MOVEMENT,0.6818510293960571,0.33586356043815613,-0.6570810675621033,0.7257530689239502,0.25493428111076355,-0.6135572195053101,0.7507787942886353,0.2520604729652405,-0.6133681535720825,0.7769867777824402,0.2497260719537735,-0.6142764091491699,0.6695936322212219,0.26133742928504944,-0.6703187227249146,0.6544994711875916,0.26218846440315247,-0.6716372966766357,0.6395775675773621,0.2625930607318878,-0.6730231046676636,0.7992515563964844,0.27321621775627136,-0.3118059039115906,0.6461759805679321,0.2879888415336609,-0.2078239470720291,0.7300851345062256,0.4084106385707855,-0.5431482791900635,0.6611988544464111,0.4028163254261017,-0.5953558683395386,0.9598881006240845,0.6167498230934143,-0.27378857135772705,0.5327264070510864,0.6930922865867615,-0.07326047122478485,1.2660692930221558,0.9563950896263123,-0.32058289647102356,0.5137366056442261,1.178510069847107,0.007613453082740307,1.2644128799438477,1.272990107536316,-0.39794522523880005,0.5881963968276978,1.6051794290542603,-0.43465909361839294,1.3008699417114258,1.3696261644363403,-0.4495086669921875,0.5659762620925903,1.751814603805542,-0.5108541250228882,1.2384692430496216,1.4029324054718018,-0.4314679503440857,0.6271120309829712,1.7375067472457886,-0.5959345102310181,1.2145894765853882,1.370270848274231,-0.39941349625587463,0.6456660032272339,1.679407000541687,-0.4899864196777344,1.1146266460418701,1.4403870105743408,-0.1460178792476654,0.7944903373718262,1.5272526741027832,0.15096771717071533,1.2434920072555542,2.1745429039001465,0.024538159370422363,0.9304248690605164,2.256392002105713,0.32821527123451233,1.3705765008926392,2.8141205310821533,0.7472081184387207,1.0466272830963135,2.890040636062622,0.8032086491584778,1.4121792316436768,2.9034199714660645,0.7929165959358215,1.0659221410751343,2.983422040939331,0.8385050892829895,1.3284132480621338,3.044651746749878,0.2680028975009918,1.1004904508590698,3.1073851585388184,0.25921744108200073
103,TEST,HIGH MOVEMENT,0.6740878224372864,0.35854241251945496,-0.7474114894866943,0.7207478880882263,0.2775382697582245,-0.7185570597648621,0.7474027872085571,0.2759275436401367,-0.7180570363998413,0.7766904234886169,0.2752082943916321,-0.7187890410423279,0.6624191999435425,0.2824403941631317,-0.6877101063728333,0.6469014883041382,0.28434085845947266,-0.6872264742851257,0.6324754953384399,0.2857990562915802,-0.6878134608268738,0.811450183391571,0.30128341913223267,-0.4355391561985016,0.642932653427124,0.30478864908218384,-0.23408293724060059,0.7288743853569031,0.43617722392082214,-0.6391682028770447,0.6585814952850342,0.4309699833393097,-0.593359649181366,0.9629157185554504,0.6627823710441589,-0.3751884698867798,0.5380896329879761,0.7028546929359436,-0.025910500437021255,1.2370860576629639,1.0559643507003784,-0.3234829604625702,0.5130857825279236,1.1889500617980957,0.31626462936401367,1.2492187023162842,1.4134089946746826,-0.3329187035560608,0.544940173625946,1.6115480661392212,0.1071273535490036,1.293940544128418,1.5231225490570068,-0.37844914197921753,0.51535964012146,1.7563856840133667,0.07229606062173843,1.2318464517593384,1.5532207489013672,-0.392478346824646,0.565466046333313,1.75546133518219,-0.04058415815234184,1.2045092582702637,1.510203242301941,-0.34524810314178467,0.5867464542388916,1.7001605033874512,0.04931679368019104,1.0674254894256592,1.5636123418807983,-0.19317904114723206,0.7274400591850281,1.606528878211975,0.1981857419013977,1.1301848888397217,2.334110736846924,-0.17687802016735077,0.8198046684265137,2.3764355182647705,0.43711766600608826,1.213941216468811,3.033597469329834,0.47545045614242554,0.9024989008903503,3.074326992034912,0.971139132976532,1.250662088394165,3.1373772621154785,0.5091444253921509,0.9140936136245728,3.180979013442993,1.0079518556594849,1.160457968711853,3.253735065460205,-0.07840706408023834,0.941617488861084,3.294766902923584,0.3750377595424652
104,TEST,HIGH MOVEMENT,0.6713305711746216,0.3679773509502411,-0.8744212985038757,0.7155512571334839,0.28196731209754944,-0.8443021774291992,0.7414533495903015,0.278507798910141,-0.843880295753479,0.7699341773986816,0.27633410692214966,-0.8441336750984192,0.6556541323661804,0.29152873158454895,-0.8084346652030945,0.6400068998336792,0.29404643177986145,-0.8075575828552246,0.6259642243385315,0.29628652334213257,-0.8079909086227417,0.8092091679573059,0.3011123239994049,-0.521851658821106,0.6424114108085632,0.307868093252182,-0.28910312056541443,0.7282740473747253,0.44555261731147766,-0.7496281862258911,0.6578608751296997,0.4493025243282318,-0.6949072480201721,0.9919767379760742,0.685463547706604,-0.3775779902935028,0.5464353561401367,0.7029793858528137,-0.09786507487297058,1.2241542339324951,1.1162869930267334,-0.38599449396133423,0.514117956161499,1.1499048471450806,0.10398757457733154,1.2070519924163818,1.4303861856460571,-0.5457237362861633,0.5212162137031555,1.6053212881088257,-0.23473003506660461,1.234283685684204,1.5308096408843994,-0.6336807012557983,0.4878115653991699,1.7421997785568237,-0.30958783626556396,1.1784381866455078,1.5401557683944702,-0.6540794968605042,0.5210596919059753,1.7378265857696533,-0.41822266578674316,1.1578223705291748,1.5012720823287964,-0.5698572397232056,0.5448776483535767,1.6846948862075806,-0.2991964519023895,1.0179085731506348,1.6327558755874634,-0.15613995492458344,0.6759190559387207,1.6576780080795288,0.16139155626296997,1.047548532485962,2.4203479290008545,-0.158964142203331,0.7289238572120667,2.4493234157562256,0.296771377325058,1.083855390548706,3.146328926086426,0.4542454183101654,0.7696956396102905,3.181389570236206,0.7410684823989868,1.1069797277450562,3.2545242309570312,0.4819486141204834,0.7778667211532593,3.294933557510376,0.7691741585731506,1.025933027267456,3.3802878856658936,-0.14156745374202728,0.7993908524513245,3.4054131507873535,0.24502214789390564
105,TEST,HIGH MOVEMENT,0.6576664447784424,0.3785172998905182,-0.9220417737960815,0.7025828957557678,0.2934938967227936,-0.8982065320014954,0.7298756837844849,0.2902085483074188,-0.8981693387031555,0.7588447332382202,0.28781554102897644,-0.898415207862854,0.6417177319526672,0.30090010166168213,-0.8381129503250122,0.6265016794204712,0.30199629068374634,-0.8371133804321289,0.6139228940010071,0.3030441701412201,-0.8376571536064148,0.8065729141235352,0.3096805512905121,-0.5894469022750854,0.6376076936721802,0.3218011260032654,-0.2864205837249756,0.7185620069503784,0.46378228068351746,-0.8036813735961914,0.6488957405090332,0.46385738253593445,-0.7160865068435669,0.9816681742668152,0.697202742099762,-0.449191153049469,0.5470166206359863,0.7131741642951965,-0.04497199133038521,1.2243773937225342,1.1459647417068481,-0.5306861400604248,0.4964466691017151,1.2067909240722656,0.2499167025089264,1.2016148567199707,1.4979493618011475,-0.757014274597168,0.4841587543487549,1.6424049139022827,-0.17892774939537048,1.229992389678955,1.612443447113037,-0.8595552444458008,0.44510310888290405,1.7903913259506226,-0.26726916432380676,1.1749378442764282,1.6228302717208862,-0.8896435499191284,0.4928837716579437,1.7887364625930786,-0.4063444137573242,1.1528065204620361,1.5791335105895996,-0.786166787147522,0.5185362696647644,1.733682632446289,-0.2584133446216583,0.9818903803825378,1.7005220651626587,-0.1960183084011078,0.6300098896026611,1.70348060131073,0.20236127078533173,0.9882216453552246,2.49332332611084,-0.33319681882858276,0.6605233550071716,2.5000712871551514,0.36992347240448,0.9969976544380188,3.231950521469116,0.25494635105133057,0.6718969941139221,3.23266339302063,0.8949986696243286,1.0206751823425293,3.3457486629486084,0.27498871088027954,0.674458384513855,3.346987247467041,0.9281582832336426,0.9199892282485962,3.4586288928985596,-0.43491998314857483,0.6944228410720825,3.4592552185058594,0.21809172630310059
106,TEST,HIGH MOVEMENT,0.64992755651474,0.37123075127601624,-1.0196993350982666,0.6953880786895752,0.2888535261154175,-0.9885063171386719,0.7224999666213989,0.2863694727420807,-0.9887959361076355,0.7509282231330872,0.2846560478210449,-0.9892078638076782,0.6373729705810547,0.29482319951057434,-0.9329712986946106,0.6239441633224487,0.2956055700778961,-0.9321681261062622,0.6130544543266296,0.29633668065071106,-0.9328439831733704,0.8049127459526062,0.3075668513774872,-0.6344965100288391,0.6368128061294556,0.31858667731285095,-0.32482677698135376,0.7112576961517334,0.45403042435646057,-0.8820627331733704,0.6423854231834412,0.4560449421405792,-0.7988981604576111,0.9829322099685669,0.683541476726532,-0.44793200492858887,0.5487090349197388,0.7144868969917297,-0.061645977199077606,1.216310977935791,1.1087989807128906,-0.6552963256835938,0.4801224172115326,1.2185946702957153,0.09320048987865448,1.182707667350769,1.4147963523864746,-1.0896276235580444,0.4542969763278961,1.6457830667495728,-0.49761900305747986,1.2108409404754639,1.525881052017212,-1.2283693552017212,0.4104157090187073,1.8004038333892822,-0.6554814577102661,1.1534388065338135,1.5295276641845703,-1.2591897249221802,0.472001314163208,1.7990003824234009,-0.7967983484268188,1.1295742988586426,1.4894328117370605,-1.12400221824646,0.4984079897403717,1.739497423171997,-0.5886808037757874,0.9529500007629395,1.7181800603866577,-0.2039540708065033,0.6018792986869812,1.6970410346984863,0.21024402976036072,0.9350056648254395,2.5229334831237793,-0.33002084493637085,0.6122722625732422,2.510002851486206,0.36049705743789673,0.9303027987480164,3.2639272212982178,0.2622258961200714,0.6112805008888245,3.24475359916687,0.8083329200744629,0.9568527340888977,3.3848071098327637,0.28212976455688477,0.6124128103256226,3.3607215881347656,0.833271861076355,0.8350292444229126,3.472752332687378,-0.4362197518348694,0.6269664764404297,3.4798760414123535,0.13881038129329681
107,TEST,HIGH MOVEMENT,0.6450396180152893,0.36968326568603516,-0.9667140245437622,0.6914048194885254,0.28715184330940247,-0.9491492509841919,0.719340443611145,0.2847069203853607,-0.9493542909622192,0.7476447224617004,0.28306522965431213,-0.949604332447052,0.6347965002059937,0.29281583428382874,-0.8824915885925293,0.6223947405815125,0.2934715151786804,-0.8816892504692078,0.6114166975021362,0.29433968663215637,-0.8823599815368652,0.8037837147712708,0.30620497465133667,-0.6453936100006104,0.6349380016326904,0.3180597722530365,-0.31199032068252563,0.700389564037323,0.4517296552658081,-0.847790539264679,0.6374460458755493,0.45237094163894653,-0.7531511783599854,0.9743353128433228,0.6993351578712463,-0.5053591132164001,0.5483971834182739,0.7139590978622437,-0.04143902286887169,1.115768313407898,1.2027761936187744,-0.7253955602645874,0.4537877142429352,1.2155307531356812,0.054991405457258224,1.0071618556976318,1.5298677682876587,-1.1172552108764648,0.4133969843387604,1.6144046783447266,-0.6071885824203491,1.0161446332931519,1.6499358415603638,-1.2603545188903809,0.36562755703926086,1.759971022605896,-0.7595913410186768,0.9678138494491577,1.6454052925109863,-1.2945778369903564,0.4209669232368469,1.7518668174743652,-0.8816485404968262,0.9534843564033508,1.5998762845993042,-1.152129888534546,0.44863805174827576,1.6973090171813965,-0.6898244619369507,0.9177538752555847,1.7271641492843628,-0.21771864593029022,0.5663629174232483,1.6912776231765747,0.22429156303405762,0.8669511079788208,2.544429063796997,-0.3972960412502289,0.5405229330062866,2.5148165225982666,0.3332037925720215,0.8440784215927124,3.293611764907837,0.19155915081501007,0.5277937054634094,3.2558631896972656,0.7580793499946594,0.8678743243217468,3.415806770324707,0.20890212059020996,0.5276665091514587,3.3681769371032715,0.7809332013130188,0.7418777346611023,3.491421699523926,-0.5469129681587219,0.5310418009757996,3.490961790084839,0.05685249716043472
108,TEST,HIGH MOVEMENT,0.6450755596160889,0.3670338988304138,-0.9662691354751587,0.6914718747138977,0.28520235419273376,-0.9411530494689941,0.7193639874458313,0.28298288583755493,-0.9415453672409058,0.746997594833374,0.28151842951774597,-0.9418851733207703,0.6354905366897583,0.29040297865867615,-0.8784629106521606,0.6228533983230591,0.29093095660209656,-0.8777779340744019,0.6109563112258911,0.2917909622192383,-0.878409206867218,0.8027002215385437,0.3048979640007019,-0.6018326282501221,0.6338247060775757,0.3162948489189148,-0.3002707362174988,0.6974356174468994,0.44851577281951904,-0.8320549130439758,0.6359454393386841,0.44842174649238586,-0.7450902462005615,0.9645679593086243,0.7010990977287292,-0.566728949546814,0.5514138340950012,0.7090747952461243,0.06059374287724495,1.0246784687042236,1.1957403421401978,-0.7277366518974304,0.4567936062812805,1.2034553289413452,0.060816895216703415,0.8219420313835144,1.4765881299972534,-0.8822541236877441,0.43781542778015137,1.5673317909240723,-0.6266009211540222,0.7923205494880676,1.5935249328613281,-1.0154415369033813,0.39970919489860535,1.7067028284072876,-0.7766094207763672,0.7598587870597839,1.5708376169204712,-1.0284039974212646,0.4525824189186096,1.6900169849395752,-0.888340175151825,0.7661303877830505,1.5320930480957031,-0.9012093544006348,0.475518137216568,1.6387628316879272,-0.7045025825500488,0.8886287808418274,1.7299466133117676,-0.2892659306526184,0.5650601983070374,1.6960484981536865,0.2952108383178711,0.841403603553772,2.5269460678100586,-0.574255108833313,0.5413382649421692,2.509735345840454,0.35261014103889465,0.8423919677734375,3.3221428394317627,-0.09052912145853043,0.5500383377075195,3.2836427688598633,0.5813583731651306,0.8772845268249512,3.4594814777374268,-0.08503511548042297,0.5601539015769958,3.4071967601776123,0.5752632021903992,0.727109968662262,3.5097157955169678,-0.8104689717292786,0.5118955373764038,3.5105104446411133,-0.12751564383506775
109,TEST,HIGH MOVEMENT,0.6462962031364441,0.3643706738948822,-1.035790205001831,0.6914973855018616,0.28170254826545715,-1.0064141750335693,0.7190667986869812,0.27914735674858093,-1.0069407224655151,0.7463287115097046,0.2769937217235565,-1.0067198276519775,0.6367796659469604,0.2857765555381775,-0.9362949132919312,0.6242454648017883,0.2855638563632965,-0.9361945390701294,0.6121703386306763,0.2858469784259796,-0.9368955492973328,0.8028601408004761,0.2966642379760742,-0.6433144807815552,0.634186863899231,0.30967772006988525,-0.3038800060749054,0.6982476115226746,0.4480193257331848,-0.8899003267288208,0.636548638343811,0.4475862681865692,-0.7965875267982483,0.9590648412704468,0.6844659447669983,-0.6949223875999451,0.5561395287513733,0.7074936628341675,0.16052642464637756,0.9383314847946167,1.1034753322601318,-1.0539227724075317,0.46030616760253906,1.1784476041793823,-0.02746323123574257,0.5880409479141235,1.1536587476730347,-1.2538654804229736,0.3832356929779053,1.242496371269226,-1.0449659824371338,0.4981580376625061,1.199849247932434,-1.4176875352859497,0.3348342776298523,1.3115984201431274,-1.2166078090667725,0.5013930797576904,1.1185181140899658,-1.3736813068389893,0.25585469603538513,1.1477298736572266,-1.3205711841583252,0.5358949899673462,1.1102663278579712,-1.2488586902618408,0.26038801670074463,1.0460928678512573,-1.1319890022277832,0.8995259404182434,1.747769832611084,-0.3230699896812439,0.5927698016166687,1.7258187532424927,0.32792550325393677,0.8330200910568237,2.4268157482147217,-0.6179035305976868,0.5543143153190613,2.427642345428467,0.3600151836872101,0.8688504099845886,3.220730781555176,-0.10914871841669083,0.5795676112174988,3.1999359130859375,0.5264937877655029,0.9092183113098145,3.3614752292633057,-0.10295500606298447,0.5967048406600952,3.3241732120513916,0.5132359266281128,0.7675186395645142,3.390058994293213,-0.7795388102531433,0.5182424783706665,3.411127805709839,-0.115229032933712
110,TEST,HIGH MOVEMENT,0.6473929286003113,0.36287921667099,-1.0149481296539307,0.6918686628341675,0.28085243701934814,-0.9836663007736206,0.719313383102417,0.27851101756095886,-0.9841502904891968,0.7462764382362366,0.2766276001930237,-0.9839966893196106,0.6375119686126709,0.28493261337280273,-0.917870044708252,0.6250221133232117,0.2850044369697571,-0.9177082180976868,0.6130143404006958,0.28557300567626953,-0.9182301759719849,0.8033461570739746,0.29432961344718933,-0.6043062210083008,0.6343497633934021,0.3068578541278839,-0.29212120175361633,0.6989650130271912,0.44535505771636963,-0.860573947429657,0.6371775269508362,0.44489607214927673,-0.7741484045982361,0.9558004140853882,0.6748759150505066,-0.6067513227462769,0.558800995349884,0.701424241065979,0.18442130088806152,0.9653381109237671,1.0381499528884888,-1.1030595302581787,0.4618498384952545,1.117828607559204,-0.08909500390291214,0.7068934440612793,1.0067031383514404,-1.5749491453170776,0.36419185996055603,1.1498724222183228,-1.1613924503326416,0.6516844630241394,1.0488487482070923,-1.7743711471557617,0.3159081041812897,1.2090872526168823,-1.3490662574768066,0.6431178450584412,0.9924150109291077,-1.7456480264663696,0.3003142774105072,1.1460058689117432,-1.4550118446350098,0.6600291132926941,0.9856752157211304,-1.5866416692733765,0.32031238079071045,1.1162344217300415,-1.2497445344924927,0.8883282542228699,1.7256953716278076,-0.31680989265441895,0.589605450630188,1.703936219215393,0.3217161297798157,0.805284857749939,2.381822109222412,-0.635489821434021,0.5352891683578491,2.3846638202667236,0.34424471855163574,0.8299557566642761,3.178321599960327,-0.14039811491966248,0.5357421636581421,3.1604177951812744,0.4660758972167969,0.8660385012626648,3.3211686611175537,-0.13453409075737,0.5501981973648071,3.287640333175659,0.4490969777107239,0.7358018755912781,3.337879180908203,-0.8027428388595581,0.46492767333984375,3.360975742340088,-0.18015165627002716
111,TEST,HIGH MOVEMENT,0.647544264793396,0.36177077889442444,-1.0080440044403076,0.6914058923721313,0.28020820021629333,-0.9740703701972961,0.7188984155654907,0.2779632806777954,-0.974502444267273,0.7458208799362183,0.2762625813484192,-0.974284291267395,0.6375126242637634,0.284658282995224,-0.9074390530586243,0.6250993013381958,0.2844863831996918,-0.907357394695282,0.61320561170578,0.28456979990005493,-0.9078764915466309,0.8034344911575317,0.29295629262924194,-0.5892422795295715,0.6343844532966614,0.30401283502578735,-0.27701789140701294,0.6990085244178772,0.4435870945453644,-0.8517048954963684,0.6371525526046753,0.44318926334381104,-0.764538586139679,0.9528058767318726,0.6698635816574097,-0.6145879030227661,0.5584146976470947,0.7012864351272583,0.20296689867973328,0.9381100535392761,1.008918046951294,-1.1681445837020874,0.44773831963539124,1.0880775451660156,-0.10542754828929901,0.6581178903579712,0.9557904005050659,-1.6449772119522095,0.25229784846305847,1.0219687223434448,-1.1738791465759277,0.5943329334259033,0.9909013509750366,-1.8420734405517578,0.2823571264743805,1.1616531610488892,-1.355714201927185,0.5911937952041626,0.9388311505317688,-1.8070650100708008,0.15898427367210388,0.9981381297111511,-1.4539663791656494,0.6117897033691406,0.9344006180763245,-1.652620553970337,0.21648404002189636,0.976140558719635,-1.258946418762207,0.8821276426315308,1.7349008321762085,-0.3236674964427948,0.5876725912094116,1.7117897272109985,0.32837796211242676,0.7877084612846375,2.3434481620788574,-0.6566802859306335,0.5235551595687866,2.3622262477874756,0.3471709191799164,0.8262122273445129,3.146782159805298,-0.16509738564491272,0.5364973545074463,3.129387378692627,0.46865493059158325,0.8637288808822632,3.2935304641723633,-0.15808555483818054,0.5529438853263855,3.255099296569824,0.4529271125793457,0.7375329732894897,3.3004608154296875,-0.8052394986152649,0.4644251763820648,3.321320056915283,-0.15401175618171692
112,TEST,HIGH MOVEMENT,0.6474016904830933,0.34956589341163635,-1.0264447927474976,0.6910337209701538,0.2652893364429474,-0.9916881322860718,0.717974841594696,0.2638082206249237,-0.9922018051147461,0.7446179389953613,0.26312255859375,-0.9921325445175171,0.6382178068161011,0.2675262689590454,-0.9308937788009644,0.625725507736206,0.267556756734848,-0.9308056831359863,0.6135281324386597,0.26822030544281006,-0.9314759373664856,0.803188681602478,0.28889963030815125,-0.6023983359336853,0.6352010369300842,0.29578855633735657,-0.2943401634693146,0.6973322033882141,0.43691286444664,-0.871861457824707,0.63644939661026,0.4340988099575043,-0.7888020873069763,0.9482136964797974,0.6664825081825256,-0.5916693210601807,0.5561110973358154,0.6974726319313049,0.14361415803432465,0.9491092562675476,1.0073093175888062,-1.0783358812332153,0.4367579519748688,1.1016325950622559,-0.09602080285549164,0.6755651235580444,1.0096715688705444,-1.5834357738494873,0.3060052990913391,1.2842586040496826,-0.9672445058822632,0.6164436340332031,1.0629764795303345,-1.7868980169296265,0.30844202637672424,1.4261155128479004,-1.1318309307098389,0.6071566939353943,1.0215362310409546,-1.7537809610366821,0.323547899723053,1.3690714836120605,-1.2348710298538208,0.6229971051216125,1.0107853412628174,-1.5937232971191406,0.3515370488166809,1.3312615156173706,-1.0439441204071045,0.8717314004898071,1.7169855833053589,-0.31574583053588867,0.5611544847488403,1.6934049129486084,0.3201373815536499,0.8147336840629578,2.4289238452911377,-0.6446908116340637,0.5329899191856384,2.429511547088623,0.33931100368499756,0.848741352558136,3.2479183673858643,-0.15110819041728973,0.5593977570533752,3.227350950241089,0.448991060256958,0.8853138089179993,3.3911781311035156,-0.14639043807983398,0.5720130801200867,3.352888345718384,0.4376830458641052,0.7554261684417725,3.424795389175415,-0.8665870428085327,0.5144813060760498,3.4489104747772217,-0.2487201988697052
113,TEST,HIGH MOVEMENT,0.6478360891342163,0.3404909074306488,-1.059106469154358,0.6912585496902466,0.254399836063385,-1.0213494300842285,0.7180913686752319,0.25339844822883606,-1.0218663215637207,0.74480140209198,0.25328126549720764,-1.021780252456665,0.6384840607643127,0.2562289535999298,-0.963670551776886,0.6258218288421631,0.255971759557724,-0.9635491371154785,0.614066481590271,0.2565394341945648,-0.9642708897590637,0.8039941787719727,0.28413403034210205,-0.6257725358009338,0.6364606618881226,0.28654706478118896,-0.3329543471336365,0.6975522637367249,0.4276599884033203,-0.9018461108207703,0.6359323859214783,0.4232632517814636,-0.8220317959785461,0.9464389085769653,0.6643697619438171,-0.6030223369598389,0.5559863448143005,0.6867635846138,0.122780442237854,0.9626092910766602,1.022125482559204,-1.031775712966919,0.4369409680366516,1.1152774095535278,-0.07572431862354279,0.6651159524917603,1.021445631980896,-1.444101095199585,0.38676196336746216,1.407738447189331,-0.7830358147621155,0.5955467820167542,1.0827871561050415,-1.6355262994766235,0.3784492313861847,1.5528762340545654,-0.9494330286979675,0.5885450839996338,1.0564067363739014,-1.5941379070281982,0.4203105866909027,1.5134079456329346,-1.061161756515503,0.6098046898841858,1.0409448146820068,-1.4494283199310303,0.43681269884109497,1.4662057161331177,-0.8560048341751099,0.871207058429718,1.7176343202590942,-0.317844420671463,0.5561981201171875,1.6891837120056152,0.3223435878753662,0.8123425245285034,2.4254186153411865,-0.6298640966415405,0.5281219482421875,2.4245219230651855,0.34328433871269226,0.8380082249641418,3.2420623302459717,-0.10438426584005356,0.54358971118927,3.214139223098755,0.4837745726108551,0.8747814297676086,3.386308431625366,-0.09668108820915222,0.5553135871887207,3.3402609825134277,0.47925224900245667,0.7396243810653687,3.4210941791534424,-0.8030512928962708,0.4898865222930908,3.4360480308532715,-0.1907186210155487
114,TEST,HIGH MOVEMENT,0.6481110453605652,0.3318203091621399,-1.0588146448135376,0.6913936138153076,0.2460780143737793,-1.0198376178741455,0.7182260155677795,0.24592116475105286,-1.020382046699524,0.7451192736625671,0.24654871225357056,-1.0203992128372192,0.638692319393158,0.24738964438438416,-0.9658666849136353,0.6259747743606567,0.24716439843177795,-0.965691864490509,0.6143017411231995,0.24789883196353912,-0.9664101600646973,0.8042421340942383,0.28123751282691956,-0.6293734312057495,0.6368182897567749,0.2808551490306854,-0.3528699278831482,0.6976171135902405,0.4193403422832489,-0.9051715731620789,0.6348801851272583,0.4145423173904419,-0.8289702534675598,0.9461551904678345,0.6627789735794067,-0.5959245562553406,0.5528989434242249,0.6864582896232605,0.05616649240255356,0.9724084138870239,1.0420243740081787,-0.9625480771064758,0.44004184007644653,1.1388338804244995,-0.053808145225048065,0.7184303402900696,1.1830557584762573,-1.3428614139556885,0.41286301612854004,1.4956145286560059,-0.6878611445426941,0.661868691444397,1.2742096185684204,-1.5311535596847534,0.39184102416038513,1.6409170627593994,-0.8497380018234253,0.6446646451950073,1.2383369207382202,-1.5033974647521973,0.43552905321121216,1.6126163005828857,-0.9784436225891113,0.6603416204452515,1.216873288154602,-1.3543719053268433,0.4553881287574768,1.562591314315796,-0.7669181823730469,0.8717249631881714,1.7091124057769775,-0.3242214322090149,0.5560106039047241,1.6830190420150757,0.3288577198982239,0.8219718933105469,2.4444124698638916,-0.6432124376296997,0.5441999435424805,2.447075128555298,0.34297728538513184,0.8505030870437622,3.2749404907226562,-0.10158087313175201,0.5631851553916931,3.245443820953369,0.49927306175231934,0.8881461024284363,3.4197354316711426,-0.09468255937099457,0.5739386677742004,3.3729946613311768,0.49750328063964844,0.750128984451294,3.4593968391418457,-0.8256292343139648,0.5135172605514526,3.4701454639434814,-0.18416085839271545
115,TEST,HIGH MOVEMENT,0.6503228545188904,0.32331106066703796,-1.0636224746704102,0.6974344849586487,0.23897750675678253,-1.0317156314849854,0.7239848375320435,0.23893161118030548,-1.0322959423065186,0.7509256601333618,0.23987366259098053,-1.0323127508163452,0.6414034366607666,0.23932978510856628,-0.9751384854316711,0.6283633708953857,0.23830977082252502,-0.9749479293823242,0.6172058582305908,0.23822060227394104,-0.975695013999939,0.8073627352714539,0.2758815586566925,-0.669991135597229,0.6380919814109802,0.2738642990589142,-0.38496893644332886,0.7008543610572815,0.41323667764663696,-0.9200576543807983,0.6349630951881409,0.4068600535392761,-0.8407491445541382,0.9458743333816528,0.6647616624832153,-0.6714721322059631,0.5523781180381775,0.6822129487991333,0.03855793923139572,0.9681805372238159,1.0907809734344482,-0.9713676571846008,0.441047728061676,1.1554008722305298,0.030184919014573097,0.7010711431503296,1.2577704191207886,-1.2612875699996948,0.4121675491333008,1.548856258392334,-0.5355455875396729,0.6438097953796387,1.3461830615997314,-1.4300609827041626,0.38317662477493286,1.6982223987579346,-0.6627100706100464,0.6309559941291809,1.3083879947662354,-1.4060204029083252,0.4237295091152191,1.6736483573913574,-0.7946230173110962,0.6462032794952393,1.2860381603240967,-1.2707273960113525,0.4454987049102783,1.6204761266708374,-0.6136655807495117,0.8708553314208984,1.72385573387146,-0.34443914890289307,0.5569425821304321,1.6946409940719604,0.34862881898880005,0.8142070770263672,2.455594062805176,-0.6159226298332214,0.5400636196136475,2.4574949741363525,0.42843836545944214,0.837193489074707,3.275519847869873,-0.054151374846696854,0.5571711659431458,3.24530029296875,0.6979331970214844,0.8743053674697876,3.418174982070923,-0.04552832990884781,0.5669914484024048,3.3692128658294678,0.7072548270225525,0.7354680895805359,3.4612221717834473,-0.740460216999054,0.5074935555458069,3.4718105792999268,0.042031120508909225
116,TEST,HIGH MOVEMENT,0.6577655673027039,0.3160102069377899,-1.0989012718200684,0.7062093019485474,0.23263245820999146,-1.0656821727752686,0.7328795790672302,0.23240666091442108,-1.066352367401123,0.7597130537033081,0.2331407070159912,-1.0665569305419922,0.646356463432312,0.23218509554862976,-1.0098342895507812,0.6320459246635437,0.23078317940235138,-1.0095527172088623,0.6206967830657959,0.23019982874393463,-1.0103020668029785,0.8109480142593384,0.2686313986778259,-0.6854714751243591,0.6383174657821655,0.26755475997924805,-0.40491920709609985,0.7073968648910522,0.4055303633213043,-0.9479115605354309,0.637212872505188,0.3990361988544464,-0.8689694404602051,0.9475808143615723,0.6656007170677185,-0.6656773686408997,0.5515441298484802,0.6712117791175842,0.03874904289841652,0.9773157835006714,1.1337946653366089,-0.958419919013977,0.44231200218200684,1.161613941192627,0.12094046175479889,0.7242203950881958,1.3519139289855957,-1.0845049619674683,0.4100360870361328,1.5546704530715942,-0.4802141785621643,0.6716014742851257,1.4514926671981812,-1.2416139841079712,0.3739778697490692,1.7015753984451294,-0.6053009629249573,0.6547086238861084,1.413231611251831,-1.2165724039077759,0.41907501220703125,1.6763694286346436,-0.7490712404251099,0.6682361364364624,1.3857454061508179,-1.0892677307128906,0.4410054683685303,1.6245884895324707,-0.5631459951400757,0.8686518669128418,1.7341136932373047,-0.3536250591278076,0.55367511510849,1.702330470085144,0.35792529582977295,0.8140263557434082,2.480639696121216,-0.6100243330001831,0.5348380208015442,2.476022481918335,0.4562040865421295,0.8285571336746216,3.2989988327026367,-0.033693525940179825,0.5482710599899292,3.261496067047119,0.7658814191818237,0.8634493947029114,3.4411041736602783,-0.024016130715608597,0.5576534867286682,3.384188413619995,0.7776057124137878,0.7271028161048889,3.4857711791992188,-0.7168226838111877,0.49930864572525024,3.48944354057312,0.09747059643268585
117,TEST,MOVING,0.6618903279304504,0.3116113543510437,-1.128333568572998,0.7113212943077087,0.22870904207229614,-1.0900428295135498,0.7380304932594299,0.22832678258419037,-1.0907362699508667,0.7647216320037842,0.22887888550758362,-1.0910388231277466,0.6495617032051086,0.22804683446884155,-1.0341095924377441,0.6345640420913696,0.2264796793460846,-1.0337218046188354,0.623103678226471,0.2256162166595459,-1.0344467163085938,0.8136014938354492,0.26396363973617554,-0.6885166168212891,0.6387028694152832,0.2633887529373169,-0.40574127435684204,0.7111218571662903,0.40012648701667786,-0.9703701734542847,0.6388807892799377,0.3936207592487335,-0.8898008465766907,0.9497371912002563,0.6650004982948303,-0.6473708152770996,0.550654411315918,0.6652393341064453,0.04044308513402939,1.0290453433990479,1.1210962533950806,-0.9348476529121399,0.44613203406333923,1.1657365560531616,0.16905030608177185,0.7881802320480347,1.3574637174606323,-1.2385458946228027,0.4113714098930359,1.5602935552597046,-0.464735746383667,0.7440794706344604,1.4638465642929077,-1.4225016832351685,0.3741104304790497,1.707395315170288,-0.5955770611763,0.7139226198196411,1.4275327920913696,-1.403061866760254,0.4152267873287201,1.6837518215179443,-0.7535346150398254,0.7224041819572449,1.3981267213821411,-1.2508167028427124,0.438941091299057,1.6319215297698975,-0.5533887147903442,0.8713040351867676,1.7309963703155518,-0.3613189160823822,0.5549127459526062,1.6996408700942993,0.3660871684551239,0.8236481547355652,2.4886674880981445,-0.6525484323501587,0.542283833026886,2.4824531078338623,0.4553093910217285,0.8366559147834778,3.3086600303649902,-0.06267981231212616,0.5491290092468262,3.267834424972534,0.7666083574295044,0.8697441220283508,3.450148105621338,-0.054650258272886276,0.5555034279823303,3.39058780670166,0.7767130732536316,0.73890221118927,3.4959394931793213,-0.8039160966873169,0.503330647945404,3.494288682937622,0.06931321322917938
118,TEST,HIGH MOVEMENT,0.6665786504745483,0.307039737701416,-1.0969418287277222,0.7170272469520569,0.22496770322322845,-1.0591661930084229,0.7435358762741089,0.22543634474277496,-1.0597751140594482,0.769648015499115,0.22668786346912384,-1.059967279434204,0.6550312042236328,0.2221956104040146,-1.0042582750320435,0.6394612193107605,0.2199726551771164,-1.0039079189300537,0.6275513768196106,0.2183559089899063,-1.004615068435669,0.8188824653625488,0.26137059926986694,-0.6703484058380127,0.6434056162834167,0.2542344927787781,-0.38772475719451904,0.7148541212081909,0.39548566937446594,-0.9438630938529968,0.6432446241378784,0.3879621624946594,-0.8651598691940308,0.9506599307060242,0.6646859049797058,-0.6456961035728455,0.5520313382148743,0.6524019241333008,0.08800128847360611,1.017486572265625,1.0773810148239136,-1.1113383769989014,0.45327654480934143,1.0337597131729126,0.1879788488149643,0.7560817003250122,1.1834765672683716,-1.6211732625961304,0.41271767020225525,1.5327364206314087,-0.45736750960350037,0.7033421993255615,1.2538208961486816,-1.8346830606460571,0.3757418990135193,1.67680823802948,-0.596164882183075,0.6848841905593872,1.210976481437683,-1.7923380136489868,0.4176770746707916,1.6474132537841797,-0.7433199882507324,0.6966714859008789,1.2003484964370728,-1.6304471492767334,0.4414699077606201,1.5957770347595215,-0.5428591966629028,0.8658544421195984,1.7284489870071411,-0.3564625382423401,0.5516811013221741,1.6964552402496338,0.3612353801727295,0.8103629946708679,2.4722397327423096,-0.6527661085128784,0.5326244831085205,2.470383405685425,0.4497385621070862,0.8175227046012878,3.2851099967956543,-0.0879095047712326,0.5373128652572632,3.252009868621826,0.6499959230422974,0.8493694067001343,3.4269189834594727,-0.08139526844024658,0.5446118116378784,3.3744919300079346,0.6466919183731079,0.7221196889877319,3.466325283050537,-0.8240243792533875,0.48951172828674316,3.475085973739624,-0.0687638595700264
119,TEST,HIGH MOVEMENT,0.6733508110046387,0.30383560061454773,-1.1168659925460815,0.7226676940917969,0.2227393090724945,-1.0750164985656738,0.7492244243621826,0.2235143482685089,-1.0756547451019287,0.7751358151435852,0.22490514814853668,-1.075817584991455,0.6602541208267212,0.21863603591918945,-1.0160799026489258,0.6439758539199829,0.21580259501934052,-1.0155915021896362,0.63154137134552,0.21353735029697418,-1.0162246227264404,0.8239078521728516,0.2589273750782013,-0.6704219579696655,0.6448341012001038,0.24943600594997406,-0.3832017779350281,0.7200833559036255,0.39169153571128845,-0.9594274759292603,0.6485851407051086,0.38476505875587463,-0.8759027719497681,0.9508902430534363,0.6643959879875183,-0.6542342305183411,0.5522682666778564,0.642467737197876,0.10651693493127823,1.007000207901001,1.0804028511047363,-1.0859297513961792,0.4581144452095032,1.001706838607788,0.22130131721496582,0.7445775866508484,1.2381192445755005,-1.5913281440734863,0.41248202323913574,1.5221868753433228,-0.4694632887840271,0.693820059299469,1.327691912651062,-1.8084726333618164,0.37470996379852295,1.6642799377441406,-0.6135646104812622,0.6735678911209106,1.2839665412902832,-1.7821626663208008,0.41521233320236206,1.634896993637085,-0.770658552646637,0.6851319074630737,1.2651355266571045,-1.6066051721572876,0.4392315745353699,1.5842088460922241,-0.5607567429542542,0.8639174699783325,1.7223509550094604,-0.3593790531158447,0.5498923063278198,1.6943072080612183,0.3644886016845703,0.8091932535171509,2.475613594055176,-0.6572476029396057,0.5285003185272217,2.46691632270813,0.4294116497039795,0.8099495768547058,3.28772234916687,-0.08184796571731567,0.5279771685600281,3.246894121170044,0.6327919960021973,0.8397451639175415,3.4294028282165527,-0.07575305551290512,0.5330566763877869,3.3690617084503174,0.6288215517997742,0.7153868675231934,3.465080499649048,-0.846858024597168,0.4848286211490631,3.4675605297088623,-0.11884570121765137
120,TEST,HIGH MOVEMENT,0.6753824949264526,0.2999626398086548,-1.0921367406845093,0.727399468421936,0.2198271006345749,-1.0425740480422974,0.7538864612579346,0.22099407017230988,-1.043292760848999,0.7791386842727661,0.22276267409324646,-1.0438463687896729,0.6649478673934937,0.21462836861610413,-0.9797952771186829,0.6482915878295898,0.2111394703388214,-0.9789435267448425,0.6353136301040649,0.20771142840385437,-0.9793623685836792,0.8267830610275269,0.25794467329978943,-0.614440381526947,0.647219717502594,0.2409290224313736,-0.3130289912223816,0.7209194898605347,0.3887888193130493,-0.925602912902832,0.6499571204185486,0.3800147771835327,-0.8357361555099487,0.9457758665084839,0.6601780652999878,-0.6274493932723999,0.5520159602165222,0.6401166915893555,0.17410418391227722,1.0354254245758057,1.052214503288269,-1.0587064027786255,0.4595959186553955,1.0606707334518433,0.2927711308002472,0.7910991907119751,1.2349802255630493,-1.565671682357788,0.41320306062698364,1.5199940204620361,-0.41828322410583496,0.7507756352424622,1.3269248008728027,-1.7844699621200562,0.37466129660606384,1.6623693704605103,-0.5584503412246704,0.7193121910095215,1.2886496782302856,-1.7562005519866943,0.4138313829898834,1.638824224472046,-0.7198861837387085,0.728779137134552,1.2690595388412476,-1.5802865028381348,0.4386586546897888,1.5888820886611938,-0.511099100112915,0.8590356707572937,1.7195583581924438,-0.35430845618247986,0.5446187257766724,1.6873093843460083,0.3595395088195801,0.8150719404220581,2.497986316680908,-0.6688493490219116,0.5332458019256592,2.4822185039520264,0.400256484746933,0.8144302368164062,3.306096315383911,-0.1553983986377716,0.5327117443084717,3.2573399543762207,0.6051068305969238,0.8409633636474609,3.444241762161255,-0.15631887316703796,0.5342581272125244,3.3754777908325195,0.6021488904953003,0.7247921228408813,3.4855215549468994,-0.9452700614929199,0.4953940510749817,3.4788901805877686,-0.16974329948425293
121,TEST,HIGH MOVEMENT,0.6752120852470398,0.2910367548465729,-1.0738749504089355,0.7270641922950745,0.21261164546012878,-1.0289798974990845,0.7533647418022156,0.21419678628444672,-1.0296266078948975,0.7787200212478638,0.21625398099422455,-1.0304291248321533,0.6650234460830688,0.20684154331684113,-0.9624072313308716,0.6486502885818481,0.20389112830162048,-0.9614125490188599,0.6359412670135498,0.20068438351154327,-0.9617290496826172,0.8268886804580688,0.25548145174980164,-0.6108464002609253,0.6479020118713379,0.2357393056154251,-0.29762038588523865,0.7196174263954163,0.38290172815322876,-0.9123274683952332,0.64915931224823,0.3723074197769165,-0.8159516453742981,0.943259596824646,0.6587657332420349,-0.6259098052978516,0.5519722104072571,0.6379808783531189,0.17150232195854187,1.062622308731079,1.052385926246643,-1.0341696739196777,0.46776992082595825,1.0240143537521362,0.3605059087276459,0.8306743502616882,1.251907467842102,-1.48221755027771,0.4169093072414398,1.5301899909973145,-0.24227431416511536,0.7935845255851746,1.3465790748596191,-1.6810836791992188,0.37550362944602966,1.6742196083068848,-0.3536677956581116,0.7586722373962402,1.3125110864639282,-1.6484959125518799,0.4146842956542969,1.6622498035430908,-0.5170378684997559,0.7656162977218628,1.2931418418884277,-1.4920017719268799,0.44072842597961426,1.6119133234024048,-0.3318723440170288,0.8581832051277161,1.716755986213684,-0.3532178997993469,0.5447257161140442,1.6787676811218262,0.35853224992752075,0.8180204629898071,2.5073671340942383,-0.6917263865470886,0.5358390808105469,2.4921071529388428,0.413175493478775,0.815089225769043,3.3189570903778076,-0.215706467628479,0.5368707776069641,3.2690224647521973,0.6644483208656311,0.8409557342529297,3.455491781234741,-0.21780911087989807,0.5384119153022766,3.383883237838745,0.667533278465271,0.7261425852775574,3.5017924308776855,-1.0044504404067993,0.5008147954940796,3.4945318698883057,-0.1229233369231224
122,TEST,MOVING,0.6757164001464844,0.28806057572364807,-1.0696895122528076,0.7285256385803223,0.2101956009864807,-1.0265676975250244,0.7546296715736389,0.21201203763484955,-1.0271880626678467,0.7797865867614746,0.21428339183330536,-1.0278855562210083,0.6662594079971313,0.20411954820156097,-0.9619145393371582,0.6497116088867188,0.20108701288700104,-0.9609757661819458,0.6369439363479614,0.19777782261371613,-0.9613257646560669,0.8278952836990356,0.2545759081840515,-0.6113690137863159,0.6480586528778076,0.233567476272583,-0.3023505210876465,0.719889760017395,0.3805570900440216,-0.9106919169425964,0.6492747664451599,0.3698616027832031,-0.8154303431510925,0.9432392120361328,0.6580599546432495,-0.6090925931930542,0.5483494400978088,0.6389325857162476,0.16214415431022644,1.075417160987854,1.0576878786087036,-1.021874189376831,0.46560901403427124,1.07748544216156,0.3889729380607605,0.8532701730728149,1.2787123918533325,-1.456712245941162,0.4167594909667969,1.5465679168701172,-0.18596066534519196,0.8191231489181519,1.3753745555877686,-1.6534395217895508,0.3743789792060852,1.6924691200256348,-0.29270583391189575,0.7840732932090759,1.344214677810669,-1.621598243713379,0.4138411581516266,1.6828038692474365,-0.45787930488586426,0.7891942858695984,1.3240615129470825,-1.4671107530593872,0.43979471921920776,1.632270097732544,-0.27462244033813477,0.8589509129524231,1.714126706123352,-0.35124605894088745,0.5437029600143433,1.6776865720748901,0.35660797357559204,0.8208364248275757,2.5321812629699707,-0.6765921711921692,0.5366080403327942,2.514272928237915,0.41141071915626526,0.8165815472602844,3.3378875255584717,-0.16965636610984802,0.536882221698761,3.2843971252441406,0.7076686024665833,0.8408891558647156,3.4708383083343506,-0.1679917871952057,0.5369816422462463,3.395648956298828,0.7168680429458618,0.7289106249809265,3.5236384868621826,-0.954103946685791,0.5051958560943604,3.5134902000427246,-0.08823086321353912
123,TEST,HIGH MOVEMENT,0.6757224202156067,0.28485754132270813,-1.0924824476242065,0.7290118336677551,0.20723861455917358,-1.0527474880218506,0.7548936605453491,0.2090841382741928,-1.053383231163025,0.7799960970878601,0.21138426661491394,-1.0542080402374268,0.6675397157669067,0.20148704946041107,-0.9842570424079895,0.6511558294296265,0.19862696528434753,-0.9833566546440125,0.6383512616157532,0.19542910158634186,-0.9836726188659668,0.8284438252449036,0.2528109848499298,-0.6259037256240845,0.6490537524223328,0.23083053529262543,-0.3030213713645935,0.719810426235199,0.3764619827270508,-0.9298892021179199,0.6492971181869507,0.36573678255081177,-0.829602837562561,0.9420095682144165,0.6539248824119568,-0.607892632484436,0.548680305480957,0.6288076043128967,0.19898995757102966,1.0832490921020508,1.0448582172393799,-0.9836478233337402,0.4580417573451996,0.9782769680023193,0.43561673164367676,0.9110525846481323,1.2897685766220093,-1.4544070959091187,0.3923141360282898,1.4470386505126953,-0.26643532514572144,0.8931304216384888,1.400855302810669,-1.662116289138794,0.34594112634658813,1.5730329751968384,-0.38656085729599,0.8494026064872742,1.3677664995193481,-1.6611278057098389,0.3803572356700897,1.5632498264312744,-0.559020459651947,0.8493965864181519,1.3381664752960205,-1.4760349988937378,0.4087028503417969,1.522384762763977,-0.3615652024745941,0.8530791401863098,1.7039562463760376,-0.35424989461898804,0.5381262302398682,1.6557610034942627,0.35967230796813965,0.8126146197319031,2.5193724632263184,-0.7111196517944336,0.5217602252960205,2.5083227157592773,0.38892829418182373,0.7959335446357727,3.323355197906494,-0.2107265442609787,0.5098551511764526,3.276078939437866,0.694603443145752,0.8166699409484863,3.45674729347229,-0.2124525010585785,0.5072029232978821,3.3905720710754395,0.7008160352706909,0.7120682001113892,3.5071165561676025,-1.0287920236587524,0.4817306399345398,3.5041773319244385,-0.12425868213176727
124,TEST,HIGH MOVEMENT,0.6756535768508911,0.28334954380989075,-1.0951255559921265,0.7288817167282104,0.20582610368728638,-1.0584739446640015,0.75462806224823,0.2075684815645218,-1.0591257810592651,0.7797104716300964,0.2098861038684845,-1.0599374771118164,0.6681222915649414,0.20065000653266907,-0.9872687458992004,0.6518913507461548,0.19809339940547943,-0.9864107370376587,0.6391803026199341,0.19518016278743744,-0.9867535829544067,0.8283278346061707,0.2520081102848053,-0.6381218433380127,0.6494893431663513,0.23079659044742584,-0.2939992845058441,0.7197622060775757,0.37330567836761475,-0.9355342984199524,0.6492862105369568,0.36344242095947266,-0.8313466906547546,0.9419889450073242,0.6531440615653992,-0.6030518412590027,0.5490750670433044,0.6202859282493591,0.2246875762939453,1.0954735279083252,1.0444920063018799,-0.9832260012626648,0.4579032063484192,0.9658383727073669,0.5753303170204163,0.9707335233688354,1.3004215955734253,-1.546403169631958,0.362445205450058,1.3829034566879272,-0.03710094839334488,0.9662635922431946,1.4110342264175415,-1.7580353021621704,0.3113698363304138,1.4926526546478271,-0.1323404163122177,0.9207324981689453,1.378081202507019,-1.7690843343734741,0.3376176357269287,1.4792275428771973,-0.3165088891983032,0.9135672450065613,1.3466007709503174,-1.5763746500015259,0.3684748411178589,1.4450997114181519,-0.1335466057062149,0.8495551347732544,1.697360873222351,-0.35655441880226135,0.5336452722549438,1.6446983814239502,0.36199888586997986,0.8088656663894653,2.51598858833313,-0.718579113483429,0.5136353969573975,2.501969337463379,0.38621366024017334,0.7860525250434875,3.317054510116577,-0.20781071484088898,0.49779725074768066,3.2704126834869385,0.7154864072799683,0.8044357299804688,3.4491593837738037,-0.20859794318675995,0.49350088834762573,3.3898515701293945,0.7268581986427307,0.7076568603515625,3.499420166015625,-1.0333733558654785,0.47760337591171265,3.49649715423584,-0.12237106263637543
125,TEST,HIGH MOVEMENT,0.677032470703125,0.2797422409057617,-1.132086992263794,0.7306971549987793,0.2018207609653473,-1.1020433902740479,0.7569434642791748,0.20345620810985565,-1.1027629375457764,0.7821849584579468,0.205169215798378,-1.1035149097442627,0.6687039136886597,0.19569887220859528,-1.0254013538360596,0.652330219745636,0.19262169301509857,-1.024560809135437,0.6395349502563477,0.18930594623088837,-1.0248466730117798,0.830833911895752,0.24374349415302277,-0.6779958605766296,0.649678111076355,0.22314420342445374,-0.29771703481674194,0.7205739617347717,0.3693273961544037,-0.9694916009902954,0.6501724720001221,0.3597993850708008,-0.8604103326797485,0.944553017616272,0.6533922553062439,-0.6334167122840881,0.5493953824043274,0.617997407913208,0.2626931071281433,1.110386848449707,1.071913480758667,-1.0637165307998657,0.4444459080696106,0.9457209706306458,0.6449764966964722,0.9767374992370605,1.3770867586135864,-1.7226753234863281,0.19970488548278809,0.9871310591697693,-0.01230788417160511,0.9631274938583374,1.5077005624771118,-1.924543023109436,0.11989112943410873,1.025902509689331,-0.08945915102958679,0.9133577346801758,1.4575129747390747,-1.9384266138076782,0.11546581983566284,0.9563829302787781,-0.25750550627708435,0.9085919260978699,1.416385531425476,-1.7495613098144531,0.1602129191160202,0.9460788369178772,-0.10210829973220825,0.8510051965713501,1.7028238773345947,-0.3665935695171356,0.533318281173706,1.6502048969268799,0.3716893792152405,0.8107245564460754,2.521000385284424,-0.7086753845214844,0.5139577984809875,2.499152898788452,0.4265015125274658,0.791528582572937,3.31951904296875,-0.18515615165233612,0.5016794800758362,3.2683565616607666,0.8569599986076355,0.8111261129379272,3.4494590759277344,-0.18394124507904053,0.49850526452064514,3.383922815322876,0.8760355710983276,0.7141544222831726,3.499130964279175,-0.9962112307548523,0.4828959107398987,3.4928815364837646,0.04370575025677681
126,TEST,HIGH MOVEMENT,0.6769481897354126,0.2770216763019562,-1.1199872493743896,0.7305698394775391,0.20003224909305573,-1.0903974771499634,0.7567381262779236,0.20190051198005676,-1.0911128520965576,0.7819963693618774,0.2037694901227951,-1.0917761325836182,0.6688404679298401,0.1933906227350235,-1.0160939693450928,0.6526563763618469,0.19033685326576233,-1.01533842086792,0.6400482058525085,0.18705622851848602,-1.0156832933425903,0.8308559656143188,0.2424343377351761,-0.6816580891609192,0.6506832242012024,0.22052429616451263,-0.3008984923362732,0.7202467322349548,0.36646395921707153,-0.9607293009757996,0.6501652002334595,0.35688096284866333,-0.8559486269950867,0.942471981048584,0.6515163779258728,-0.6515780687332153,0.5514842867851257,0.6107540726661682,0.27283626794815063,1.1064900159835815,1.0788408517837524,-1.1202685832977295,0.4353579878807068,0.9390684366226196,0.6390262246131897,0.9462531208992004,1.3740971088409424,-1.7537510395050049,0.1495807021856308,0.9284952282905579,0.02779846265912056,0.9238864779472351,1.5006604194641113,-1.9452556371688843,0.07152913510799408,0.9401180148124695,-0.04333372786641121,0.878620982170105,1.4491199254989624,-1.9471105337142944,0.06742563098669052,0.8863455653190613,-0.2113514244556427,0.8775836229324341,1.410126805305481,-1.7742993831634521,0.09841335564851761,0.8847453594207764,-0.06344451010227203,0.8510698080062866,1.7022514343261719,-0.37016505002975464,0.533109188079834,1.6502368450164795,0.37492653727531433,0.8036777377128601,2.512319803237915,-0.735720694065094,0.5100551843643188,2.4805409908294678,0.43055376410484314,0.7885006666183472,3.3187930583953857,-0.23638728260993958,0.4993512034416199,3.265181064605713,0.8062270879745483,0.8096104860305786,3.448270559310913,-0.23652449250221252,0.4972860813140869,3.376532793045044,0.8189429044723511,0.7141509056091309,3.4948019981384277,-1.0337077379226685,0.4784756302833557,3.488196849822998,0.028113096952438354
127,TEST,HIGH MOVEMENT,0.6770893335342407,0.2738480567932129,-1.1262009143829346,0.7308729887008667,0.19763298332691193,-1.1001956462860107,0.757002592086792,0.19969241321086884,-1.1009936332702637,0.782372236251831,0.20161858201026917,-1.1018167734146118,0.6695863008499146,0.19037848711013794,-1.0232309103012085,0.6536725163459778,0.18715360760688782,-1.022436499595642,0.6411897540092468,0.18374080955982208,-1.0227314233779907,0.8318217396736145,0.239644855260849,-0.68687504529953,0.652616560459137,0.21616218984127045,-0.3025287389755249,0.7201828360557556,0.36305585503578186,-0.9662712216377258,0.6504669189453125,0.35242965817451477,-0.8578850030899048,0.9430774450302124,0.6514018774032593,-0.6462063193321228,0.5517531037330627,0.6023557782173157,0.2934545874595642,1.1498336791992188,1.078149676322937,-1.1099467277526855,0.43317610025405884,0.9337933659553528,0.824042022228241,1.0484607219696045,1.3602718114852905,-1.8230304718017578,0.1442396193742752,0.9466826915740967,0.33341217041015625,1.0435817241668701,1.484165072441101,-2.0229716300964355,0.06622089445590973,0.9431267380714417,0.2957788109779358,0.9876326322555542,1.4318495988845825,-2.0355467796325684,0.05973593145608902,0.91805499792099,0.11874936521053314,0.977328896522522,1.3945215940475464,-1.850795030593872,0.1003265231847763,0.9100908637046814,0.24640372395515442,0.8517434000968933,1.7019094228744507,-0.3824032247066498,0.5322564244270325,1.6502994298934937,0.38694918155670166,0.8052945137023926,2.5116162300109863,-0.7422000169754028,0.508307158946991,2.4802823066711426,0.5058174729347229,0.7880014181137085,3.3177895545959473,-0.22472143173217773,0.49507126212120056,3.2632553577423096,1.004291296005249,0.8069208264350891,3.4461591243743896,-0.22394844889640808,0.49133172631263733,3.3745906352996826,1.0304927825927734,0.7164052724838257,3.4946253299713135,-1.0353882312774658,0.47842615842819214,3.4861607551574707,0.21214182674884796
128,TEST,MOVING,0.6772247552871704,0.2724415361881256,-1.1483170986175537,0.7310190796852112,0.19624844193458557,-1.125598669052124,0.7570125460624695,0.1983574777841568,-1.12643563747406,0.7823971509933472,0.20028077065944672,-1.1274033784866333,0.6705131530761719,0.18873818218708038,-1.0458290576934814,0.654990017414093,0.18541423976421356,-1.0450080633163452,0.642710268497467,0.18197384476661682,-1.045295000076294,0.8323209881782532,0.23755903542041779,-0.7124361991882324,0.6557296514511108,0.21416550874710083,-0.3156232237815857,0.720156729221344,0.36109864711761475,-0.9880477786064148,0.6509406566619873,0.3502520024776459,-0.8760150074958801,0.9447910189628601,0.6508293747901917,-0.6720665693283081,0.5526267290115356,0.5961102247238159,0.30301398038864136,1.1452691555023193,1.084762692451477,-1.0870702266693115,0.4315658211708069,0.9269492030143738,0.9327360987663269,1.0220630168914795,1.386978030204773,-1.7119535207748413,0.15446214377880096,0.9297266602516174,0.5562179684638977,1.0093897581100464,1.5193156003952026,-1.9050014019012451,0.0713152065873146,0.9392120838165283,0.5382317900657654,0.9555916786193848,1.4638848304748535,-1.9136009216308594,0.06460751593112946,0.9205598831176758,0.36760470271110535,0.9492936134338379,1.4206374883651733,-1.7365827560424805,0.10273037105798721,0.9143489003181458,0.475445032119751,0.852237343788147,1.6994197368621826,-0.38602107763290405,0.5327730178833008,1.6472634077072144,0.3904068171977997,0.806336522102356,2.5094821453094482,-0.7370396852493286,0.5055177807807922,2.4763193130493164,0.5114566087722778,0.7789000868797302,3.317157745361328,-0.15768863260746002,0.48237675428390503,3.254424810409546,1.0341719388961792,0.7952520847320557,3.4392619132995605,-0.14971496164798737,0.47664743661880493,3.3575196266174316,1.0622127056121826,0.7072364687919617,3.4938199520111084,-0.9610589146614075,0.4650114178657532,3.474506139755249,0.25407111644744873
129,TEST,MOVING,0.6763387322425842,0.27167224884033203,-1.1402102708816528,0.7307129502296448,0.19573743641376495,-1.1188056468963623,0.756704568862915,0.19792166352272034,-1.1196156740188599,0.7822879552841187,0.1999397724866867,-1.1205486059188843,0.670496940612793,0.1879684329032898,-1.0391261577606201,0.6551109552383423,0.18458335101604462,-1.038358449935913,0.6430968046188354,0.18103435635566711,-1.0386788845062256,0.8325230479240417,0.23715580999851227,-0.7179961800575256,0.6572195291519165,0.21305762231349945,-0.3161630630493164,0.7178763151168823,0.3606146574020386,-0.9819260835647583,0.6506139039993286,0.3492036461830139,-0.8715203404426575,0.9419015645980835,0.6501815319061279,-0.6816088557243347,0.5564502477645874,0.5914365649223328,0.3136771619319916,1.1401374340057373,1.09287691116333,-1.1060783863067627,0.4387139678001404,0.9338228106498718,0.8095800280570984,0.9936561584472656,1.3728684186935425,-1.6873258352279663,0.17105157673358917,0.9654647707939148,0.2969205379486084,0.9759804010391235,1.4977079629898071,-1.8732366561889648,0.0909920483827591,0.993909478187561,0.2514130473136902,0.928544819355011,1.447805643081665,-1.871549367904663,0.08720318973064423,0.9716820120811462,0.07983752340078354,0.9245875477790833,1.4080013036727905,-1.7036969661712646,0.13012026250362396,0.9292369484901428,0.20990650355815887,0.8507140278816223,1.6984121799468994,-0.3926929831504822,0.5327733159065247,1.6435242891311646,0.3971059322357178,0.7934098839759827,2.50335693359375,-0.7929304838180542,0.49282392859458923,2.460914373397827,0.5385578274726868,0.7649238109588623,3.314499855041504,-0.33232128620147705,0.47227492928504944,3.250318765640259,0.9745606184005737,0.783613920211792,3.4386086463928223,-0.33474814891815186,0.4696792960166931,3.3532419204711914,0.9924839735031128,0.6901861429214478,3.488090991973877,-1.1412601470947266,0.448296457529068,3.4737555980682373,0.21021528542041779
130,TEST,HIGH MOVEMENT,0.6762427687644958,0.27112361788749695,-1.1359949111938477,0.7306705117225647,0.19555263221263885,-1.1118009090423584,0.7566395998001099,0.19786591827869415,-1.1125550270080566,0.782202422618866,0.1999759078025818,-1.1134381294250488,0.6706560850143433,0.18710178136825562,-1.0341572761535645,0.655534029006958,0.18349720537662506,-1.0334120988845825,0.643811047077179,0.17972639203071594,-1.0337542295455933,0.832793116569519,0.2371417135000229,-0.7125744223594666,0.6590957045555115,0.21166430413722992,-0.31345459818840027,0.717520534992218,0.36039018630981445,-0.9772283434867859,0.6505582928657532,0.3488500416278839,-0.8686806559562683,0.9424412846565247,0.6469656825065613,-0.6460301280021667,0.5565933585166931,0.5931993722915649,0.296904981136322,1.1428600549697876,1.0878996849060059,-1.050412654876709,0.43894901871681213,0.9415959119796753,0.5557559728622437,1.0026501417160034,1.3656182289123535,-1.6429507732391357,0.18249854445457458,1.0348353385925293,-0.25699418783187866,0.987525463104248,1.4863337278366089,-1.8261667490005493,0.1822633147239685,1.1571143865585327,-0.36133846640586853,0.9352473020553589,1.4371953010559082,-1.8439719676971436,0.20864169299602509,1.1376198530197144,-0.5149506330490112,0.9315093159675598,1.3994410037994385,-1.663755178451538,0.15815243124961853,1.0053750276565552,-0.34392809867858887,0.8504948616027832,1.6982605457305908,-0.3823372721672058,0.5319767594337463,1.641226053237915,0.386914998292923,0.791877806186676,2.5033810138702393,-0.7754446864128113,0.4910297393798828,2.4608235359191895,0.5375320315361023,0.7618799805641174,3.3125507831573486,-0.33743569254875183,0.47103673219680786,3.2500059604644775,0.9308696985244751,0.7804026007652283,3.4394218921661377,-0.34383684396743774,0.4693262577056885,3.352764129638672,0.9408797025680542,0.6850243806838989,3.4866435527801514,-1.1607202291488647,0.44493770599365234,3.4730679988861084,0.13500888645648956
131,TEST,MOVING,0.6760975122451782,0.2710932493209839,-1.135722279548645,0.7306157350540161,0.1955183446407318,-1.1098368167877197,0.7565897703170776,0.19789408147335052,-1.1106265783309937,0.7821532487869263,0.20005059242248535,-1.111417293548584,0.670730710029602,0.18662694096565247,-1.032886028289795,0.6557900905609131,0.1828467845916748,-1.0321345329284668,0.644293487071991,0.1789255142211914,-1.0324444770812988,0.8327771425247192,0.23717106878757477,-0.7025607824325562,0.6599692106246948,0.2111482471227646,-0.3051701486110687,0.7169497609138489,0.3605285882949829,-0.9742432832717896,0.6504534482955933,0.3489209711551666,-0.8629615902900696,0.9421604871749878,0.6410401463508606,-0.6235002279281616,0.5569318532943726,0.5933941602706909,0.28478294610977173,1.140307068824768,1.0601780414581299,-1.0503865480422974,0.4392157196998596,0.9454412460327148,0.5134141445159912,1.003414273262024,1.3402506113052368,-1.6858364343643188,0.20058183372020721,1.0228713750839233,-0.29702094197273254,0.9894350171089172,1.4655543565750122,-1.8856338262557983,0.1907648891210556,1.162628412246704,-0.401480108499527,0.9362297058105469,1.4152696132659912,-1.899606704711914,0.16355828940868378,1.0180448293685913,-0.5604601502418518,0.9321227073669434,1.3774739503860474,-1.7097151279449463,0.17638161778450012,0.9774683117866516,-0.38629525899887085,0.84452885389328,1.6954060792922974,-0.3787453770637512,0.5273069143295288,1.6344799995422363,0.38335686922073364,0.7778638005256653,2.5030715465545654,-0.7672377824783325,0.4787246584892273,2.458183526992798,0.5226870775222778,0.739827036857605,3.3122448921203613,-0.3398260474205017,0.45392870903015137,3.246070623397827,0.908122718334198,0.755381166934967,3.439194917678833,-0.34811198711395264,0.4518333971500397,3.34755539894104,0.9164447784423828,0.667195200920105,3.4824447631835938,-1.1677684783935547,0.42798107862472534,3.4710097312927246,0.08416500687599182
132,TEST,HIGH MOVEMENT,0.6758860349655151,0.27065733075141907,-1.1116070747375488,0.7306241989135742,0.19476744532585144,-1.0983917713165283,0.756616473197937,0.19729532301425934,-1.0991168022155762,0.7822808027267456,0.1995912492275238,-1.1000239849090576,0.6711552143096924,0.18528999388217926,-1.015350580215454,0.6566104292869568,0.18127979338169098,-1.0146515369415283,0.6454201936721802,0.1771252155303955,-1.0150296688079834,0.8336459398269653,0.23695939779281616,-0.7000080943107605,0.6623463034629822,0.20922258496284485,-0.3048880398273468,0.7159940004348755,0.36062195897102356,-0.9590379595756531,0.650446891784668,0.34857892990112305,-0.8434420824050903,0.9376583099365234,0.6422731280326843,-0.6358773112297058,0.5604482889175415,0.5874885320663452,0.2852059006690979,1.1366757154464722,1.0739877223968506,-1.0513275861740112,0.4409659504890442,0.9440001249313354,0.5065404772758484,0.995657742023468,1.3441640138626099,-1.5916715860366821,0.2100452482700348,1.0077908039093018,-0.26059216260910034,0.9755381345748901,1.4662525653839111,-1.752376914024353,0.13219814002513885,1.0159660577774048,-0.3472267985343933,0.9237305521965027,1.4154465198516846,-1.7512662410736084,0.14419564604759216,0.9833145141601562,-0.49428167939186096,0.9208887815475464,1.3787190914154053,-1.601921796798706,0.15970274806022644,0.9570035934448242,-0.3434813618659973,0.8331538438796997,1.69774329662323,-0.3778912127017975,0.5215107202529907,1.6340140104293823,0.38260403275489807,0.7448937296867371,2.501049757003784,-0.7832309007644653,0.45318660140037537,2.4515717029571533,0.5196167230606079,0.694683849811554,3.311126232147217,-0.40853437781333923,0.4138289988040924,3.2444558143615723,0.8882896304130554,0.7116188406944275,3.4383914470672607,-0.4184092581272125,0.4124746322631836,3.3461954593658447,0.899843692779541,0.6094396710395813,3.4802334308624268,-1.1989524364471436,0.3756280839443207,3.4706099033355713,0.11240281909704208
133,TEST,HIGH MOVEMENT,0.6757041215896606,0.2684382498264313,-1.082655429840088,0.7305986881256104,0.19289404153823853,-1.0813120603561401,0.7565802335739136,0.19571170210838318,-1.082018494606018,0.782238781452179,0.1982264518737793,-1.0827475786209106,0.6712011098861694,0.18296575546264648,-0.9899742007255554,0.6568132042884827,0.1790989488363266,-0.9891349673271179,0.6457915306091309,0.17514610290527344,-0.9895541071891785,0.8341730833053589,0.23573565483093262,-0.7167562246322632,0.6637393236160278,0.20715051889419556,-0.305087149143219,0.7157796025276184,0.3588944375514984,-0.9466063380241394,0.6504397988319397,0.34681445360183716,-0.8247248530387878,0.939349353313446,0.6444251537322998,-0.8041726350784302,0.5613300204277039,0.5851313471794128,0.3094542920589447,0.9659155607223511,1.1647599935531616,-1.0663602352142334,0.44382244348526,0.9426857233047485,0.46215900778770447,0.6700810790061951,1.3872228860855103,-1.1576950550079346,0.21549484133720398,0.972122073173523,-0.3659582734107971,0.6041072010993958,1.4993208646774292,-1.2746827602386475,0.12533730268478394,0.9843789339065552,-0.45170170068740845,0.5817898511886597,1.4420818090438843,-1.2486034631729126,0.12544015049934387,0.9645612239837646,-0.579858660697937,0.6021556854248047,1.4090405702590942,-1.145876169204712,0.15972289443016052,0.9475594162940979,-0.44939860701560974,0.8332670331001282,1.701749563217163,-0.38301098346710205,0.5213757157325745,1.6353404521942139,0.3875674605369568,0.7454899549484253,2.5016977787017822,-0.774400532245636,0.44577574729919434,2.4521327018737793,0.5275909900665283,0.7027862071990967,3.3124165534973145,-0.35586804151535034,0.41841158270835876,3.2482078075408936,0.8858890533447266,0.7244449257850647,3.4420154094696045,-0.3622130751609802,0.4193876385688782,3.351749897003174,0.8924449682235718,0.6074671149253845,3.482022523880005,-1.1845297813415527,0.37726742029190063,3.4757583141326904,0.12397515773773193
134,TEST,HIGH MOVEMENT,0.6756649017333984,0.26724421977996826,-1.063584804534912,0.7305735349655151,0.1918150931596756,-1.064407229423523,0.756566047668457,0.19477075338363647,-1.0651524066925049,0.782310962677002,0.19737905263900757,-1.0658477544784546,0.6713318824768066,0.18153885006904602,-0.9727423787117004,0.6570927500724792,0.1776583045721054,-0.9720040559768677,0.6462104916572571,0.17370754480361938,-0.9724525213241577,0.834672749042511,0.23468749225139618,-0.7168262004852295,0.6644066572189331,0.20554086565971375,-0.30390310287475586,0.7157427072525024,0.3577407896518707,-0.9322129487991333,0.6504568457603455,0.34570226073265076,-0.8100303411483765,0.94221431016922,0.6461279392242432,-0.7794848680496216,0.5625340342521667,0.5816592574119568,0.3152000308036804,1.0054116249084473,1.1831594705581665,-1.1023597717285156,0.4437755048274994,0.9348204731941223,0.6418776512145996,0.7384340167045593,1.4248287677764893,-1.3441908359527588,0.18067505955696106,0.9222450852394104,0.0795695036649704,0.6816784739494324,1.5434077978134155,-1.4794471263885498,0.10075380653142929,0.8879476189613342,0.041090503334999084,0.6452549695968628,1.4837958812713623,-1.4596354961395264,0.09661928564310074,0.8733940720558167,-0.09022154659032822,0.6601328253746033,1.4466630220413208,-1.3421872854232788,0.13428723812103271,0.8812139630317688,0.0028773013036698103,0.834154486656189,1.7055436372756958,-0.38275012373924255,0.5206993818283081,1.6370947360992432,0.3872266709804535,0.7487245798110962,2.5017142295837402,-0.761501133441925,0.447080135345459,2.4525742530822754,0.5210421085357666,0.7089738249778748,3.3140790462493896,-0.3075622618198395,0.4206382632255554,3.2528467178344727,0.8793914914131165,0.7309944033622742,3.4458775520324707,-0.3043411076068878,0.42177900671958923,3.357884645462036,0.8880793452262878,0.6186141967773438,3.4863860607147217,-1.0639357566833496,0.3816286623477936,3.482689619064331,0.14128288626670837
135,TEST,HIGH MOVEMENT,0.6756023168563843,0.266348659992218,-1.060438871383667,0.7305417656898499,0.19116216897964478,-1.0630730390548706,0.7565515041351318,0.19417105615139008,-1.0638363361358643,0.7824341058731079,0.19680044054985046,-1.0645225048065186,0.6713446378707886,0.18063606321811676,-0.9720220565795898,0.6571687459945679,0.17672736942768097,-0.9713554382324219,0.6463683247566223,0.1727227121591568,-0.9717825055122375,0.8354284167289734,0.2335958629846573,-0.7332444190979004,0.6649352312088013,0.20425625145435333,-0.3057055175304413,0.7157235741615295,0.35705748200416565,-0.9313149452209473,0.6504291892051697,0.344825804233551,-0.8086273074150085,0.949216365814209,0.6464993357658386,-0.7522238492965698,0.5626694560050964,0.5823417901992798,0.3094351887702942,1.0646607875823975,1.1657930612564087,-1.1305508613586426,0.4438091218471527,0.9286920428276062,0.8400119543075562,0.9120519757270813,1.4255180358886719,-1.6762828826904297,0.15907707810401917,0.9013530611991882,0.47918587923049927,0.8913534283638,1.5523732900619507,-1.8293638229370117,0.07554958760738373,0.8755512833595276,0.4728049337863922,0.8397208452224731,1.494996428489685,-1.8406965732574463,0.07391105592250824,0.845170259475708,0.31229329109191895,0.8350318074226379,1.4501382112503052,-1.6944997310638428,0.11010947078466415,0.8587526082992554,0.39953988790512085,0.8379529714584351,1.7052860260009766,-0.38618773221969604,0.5214306116104126,1.6372004747390747,0.3905150890350342,0.7496736645698547,2.501136064529419,-0.7601290941238403,0.45213112235069275,2.452618360519409,0.5452890396118164,0.7157700061798096,3.3134000301361084,-0.26127681136131287,0.4232710301876068,3.252941846847534,1.017820119857788,0.7370935082435608,3.4454920291900635,-0.2539287507534027,0.421119749546051,3.3575894832611084,1.039959192276001,0.6279822587966919,3.4859914779663086,-1.0247210264205933,0.38945579528808594,3.484400987625122,0.26828163862228394
136,TEST,HIGH MOVEMENT,0.6754230260848999,0.26414230465888977,-1.0670253038406372,0.730471134185791,0.18972186744213104,-1.0849602222442627,0.7564867734909058,0.19281047582626343,-1.085874319076538,0.782418429851532,0.19547615945339203,-1.0866639614105225,0.671491265296936,0.17891888320446014,-0.979430079460144,0.6575888991355896,0.1750432699918747,-0.9787083864212036,0.6470221281051636,0.17097108066082,-0.9790937304496765,0.8359201550483704,0.23254360258579254,-0.810644805431366,0.6672935485839844,0.20198900997638702,-0.31291812658309937,0.7152779698371887,0.3552872836589813,-0.9597558975219727,0.6504218578338623,0.34274426102638245,-0.8154479265213013,0.9590539932250977,0.6488983631134033,-0.839391827583313,0.5628064870834351,0.5829196572303772,0.32599273324012756,1.0810142755508423,1.16321861743927,-1.138328194618225,0.44397568702697754,0.9208915829658508,1.2042248249053955,0.9611783027648926,1.4986287355422974,-1.62667977809906,0.15299010276794434,0.901218056678772,1.1411547660827637,0.9507783651351929,1.6428699493408203,-1.795885443687439,0.07092881947755814,0.8682377338409424,1.1921627521514893,0.8971664309501648,1.5890086889266968,-1.7907813787460327,0.06994878500699997,0.8369118571281433,1.0201475620269775,0.8892720937728882,1.5335041284561157,-1.641149878501892,0.10475345700979233,0.8515142798423767,1.0666792392730713,0.8389114141464233,1.7051864862442017,-0.4149234890937805,0.5217005014419556,1.6374677419662476,0.4190916419029236,0.7527631521224976,2.504498243331909,-0.7874516844749451,0.45536765456199646,2.4568426609039307,0.6241425275802612,0.7129473090171814,3.3148727416992188,-0.21651390194892883,0.4209912419319153,3.2551238536834717,1.2256748676300049,0.7304412126541138,3.444910764694214,-0.20421616733074188,0.41518646478652954,3.357759952545166,1.2595926523208618,0.6291904449462891,3.4874539375305176,-0.9915339350700378,0.38832032680511475,3.484506130218506,0.46991950273513794
137,TEST,MOVING,0.6753969192504883,0.2630727291107178,-1.0528857707977295,0.7306201457977295,0.18905754387378693,-1.0689160823822021,0.756618857383728,0.19218584895133972,-1.0698195695877075,0.7826148271560669,0.19486959278583527,-1.070594072341919,0.6721135377883911,0.17814429104328156,-0.9667895436286926,0.6584147214889526,0.17423106729984283,-0.966175377368927,0.6479195356369019,0.17007489502429962,-0.9665471911430359,0.8363383412361145,0.23223210871219635,-0.7858524322509766,0.6688231229782104,0.2009059339761734,-0.31303489208221436,0.7151562571525574,0.35455942153930664,-0.94792240858078,0.6504558324813843,0.3417589068412781,-0.8072118759155273,0.9587063789367676,0.6524372696876526,-0.8071707487106323,0.5633406043052673,0.5829781889915466,0.31808072328567505,1.0858923196792603,1.1598838567733765,-1.1269832849502563,0.4442296028137207,0.9179602861404419,1.088710069656372,0.9718353152275085,1.5099961757659912,-1.608751893043518,0.15099938213825226,0.9078381657600403,0.939709484577179,0.9634766578674316,1.6536961793899536,-1.7710649967193604,0.06894534826278687,0.8810397982597351,0.9698403477668762,0.9081622958183289,1.6043545007705688,-1.7777900695800781,0.0674058347940445,0.850316047668457,0.7916747331619263,0.900395393371582,1.5480660200119019,-1.6272023916244507,0.10091869533061981,0.8621123433113098,0.8584955930709839,0.8387753367424011,1.7049751281738281,-0.41045498847961426,0.5219941139221191,1.6376755237579346,0.41468876600265503,0.7551324367523193,2.50840425491333,-0.761807382106781,0.45555758476257324,2.4582488536834717,0.5772498250007629,0.7063015699386597,3.3209376335144043,-0.15898633003234863,0.4162144660949707,3.2581372261047363,1.098715901374817,0.7227209806442261,3.449676036834717,-0.14671489596366882,0.4092826247215271,3.3593461513519287,1.1200498342514038,0.6262041330337524,3.4931342601776123,-0.9159928560256958,0.38629308342933655,3.487557888031006,0.35885652899742126
138,TEST,MOVING,0.6754668951034546,0.26206502318382263,-1.0311501026153564,0.7308435440063477,0.1883220076560974,-1.042838215827942,0.7567724585533142,0.19151383638381958,-1.043694257736206,0.7827695608139038,0.1942502111196518,-1.0444318056106567,0.6730994582176208,0.17729362845420837,-0.9437882304191589,0.659629225730896,0.17333883047103882,-0.9431899785995483,0.6492210626602173,0.16912904381752014,-0.9435965418815613,0.8364642858505249,0.2319134920835495,-0.776761531829834,0.6703018546104431,0.20022077858448029,-0.3028298318386078,0.7150558233261108,0.35369130969047546,-0.9239983558654785,0.6506122350692749,0.3408074676990509,-0.7883780002593994,0.9580916166305542,0.6540578603744507,-0.7931167483329773,0.5640584230422974,0.5828477740287781,0.3138955533504486,1.0789064168930054,1.1584564447402954,-1.1207407712936401,0.4446949064731598,0.9160894751548767,0.9544583559036255,0.9650403261184692,1.4979625940322876,-1.6015911102294922,0.14899234473705292,0.9077617526054382,0.6328009366989136,0.9476310610771179,1.6393828392028809,-1.764857292175293,0.06992387026548386,0.8861769437789917,0.6298606991767883,0.8968644142150879,1.588936448097229,-1.7661950588226318,0.06617088615894318,0.8684985637664795,0.45728573203086853,0.8923851251602173,1.534336805343628,-1.616046667098999,0.09791848808526993,0.8736428022384644,0.5475348234176636,0.8381711840629578,1.704828143119812,-0.4081898331642151,0.5221410989761353,1.6378334760665894,0.41244739294052124,0.7558577656745911,2.508634328842163,-0.7466365694999695,0.45298847556114197,2.4582648277282715,0.5443439483642578,0.703243613243103,3.3203725814819336,-0.16257630288600922,0.4128006100654602,3.2579238414764404,1.0461084842681885,0.7193609476089478,3.4491682052612305,-0.15263359248638153,0.4063674509525299,3.35923433303833,1.0638504028320312,0.6245786547660828,3.4926888942718506,-0.9213001132011414,0.3839729428291321,3.487294912338257,0.295857697725296
139,TEST,MOVING,0.6756695508956909,0.2611684203147888,-1.0342355966567993,0.7314477562904358,0.18744917213916779,-1.0389657020568848,0.7573442459106445,0.19082088768482208,-1.0398106575012207,0.7833638191223145,0.1937200278043747,-1.0405898094177246,0.6741668581962585,0.17614421248435974,-0.9449182748794556,0.6608080267906189,0.17217500507831573,-0.9443132281303406,0.6504219770431519,0.16796515882015228,-0.9447180032730103,0.8367239832878113,0.2319207340478897,-0.7612736225128174,0.6711699366569519,0.19999122619628906,-0.3009871542453766,0.7150188088417053,0.35319945216178894,-0.9192125201225281,0.6507885456085205,0.3402256369590759,-0.7897289991378784,0.956616997718811,0.6558519005775452,-0.7854060530662537,0.5645717978477478,0.5830352306365967,0.3115987181663513,1.0827916860580444,1.1552796363830566,-1.0649020671844482,0.44503718614578247,0.9156753420829773,0.9599387049674988,0.9658867716789246,1.4900739192962646,-1.5012850761413574,0.15193414688110352,0.9122015833854675,0.6682165861129761,0.9522625803947449,1.629921317100525,-1.648533582687378,0.07396151125431061,0.895165205001831,0.6691670417785645,0.8993762731552124,1.5796197652816772,-1.6733434200286865,0.07111535966396332,0.8801645636558533,0.4927296042442322,0.8951883316040039,1.5264687538146973,-1.523215413093567,0.10207202285528183,0.8811696767807007,0.5824703574180603,0.8375295400619507,1.7046951055526733,-0.40707868337631226,0.5221164226531982,1.637965440750122,0.411354124546051,0.7560696601867676,2.509063243865967,-0.7358197569847107,0.4513830244541168,2.4583189487457275,0.514569103717804,0.7011122107505798,3.320449113845825,-0.16463817656040192,0.41141682863235474,3.2580575942993164,0.9828751683235168,0.7170339822769165,3.4492132663726807,-0.15556475520133972,0.40537723898887634,3.35933256149292,0.9977115392684937,0.6238570213317871,3.4927194118499756,-0.9234908223152161,0.38402411341667175,3.48700213432312,0.21943704783916473
140,TEST,HIGH MOVEMENT,0.6760932207107544,0.255143940448761,-0.9424926042556763,0.7322039604187012,0.18188589811325073,-0.9515424966812134,0.7580398917198181,0.1854241043329239,-0.9520636796951294,0.7843577265739441,0.1884661614894867,-0.9525310397148132,0.6750328540802002,0.1708459109067917,-0.8564050793647766,0.6617743372917175,0.16700498759746552,-0.8558406829833984,0.6515418291091919,0.16281835734844208,-0.8562279939651489,0.838610827922821,0.22692422568798065,-0.7035099864006042,0.6725630164146423,0.19366812705993652,-0.2540031969547272,0.7153131365776062,0.3471107482910156,-0.8392777442932129,0.6512529253959656,0.3344966769218445,-0.7120670080184937,0.9563384056091309,0.6559423208236694,-0.7833179831504822,0.5663288831710815,0.5819721817970276,0.30435910820961,1.0527026653289795,1.166867971420288,-1.0641920566558838,0.4450899064540863,0.9148539304733276,0.557220458984375,0.8883735537528992,1.5035587549209595,-1.4135558605194092,0.15277791023254395,0.8814674615859985,-0.05887504667043686,0.8634995222091675,1.639668583869934,-1.5462021827697754,0.07325650006532669,0.846747636795044,-0.12266562134027481,0.8198093175888062,1.5919510126113892,-1.557976484298706,0.07025805115699768,0.8327004313468933,-0.26812034845352173,0.8224778175354004,1.5416268110275269,-1.4292306900024414,0.10201343148946762,0.8441188931465149,-0.14791803061962128,0.8343057632446289,1.7002147436141968,-0.3598795533180237,0.5213810205459595,1.6351453065872192,0.36423125863075256,0.7472977042198181,2.503483533859253,-0.5885072350502014,0.4455423951148987,2.4514400959014893,0.3573029935359955,0.6903544068336487,3.314713716506958,0.0033460515551269054,0.41004014015197754,3.2532129287719727,0.6481173634529114,0.7080597877502441,3.443944215774536,0.01801695115864277,0.40602168440818787,3.355769157409668,0.6494303345680237,0.6086112260818481,3.48775315284729,-0.6906865239143372,0.37960535287857056,3.4803106784820557,-0.08461300283670425
141,TEST,MOVING,0.6761788129806519,0.2507956624031067,-0.8429609537124634,0.732629656791687,0.17878563702106476,-0.8664262890815735,0.7583783268928528,0.18241526186466217,-0.8668783903121948,0.7848170399665833,0.18555885553359985,-0.8673081398010254,0.6757482886314392,0.16770943999290466,-0.761911153793335,0.6626620292663574,0.16389550268650055,-0.7613021731376648,0.6525755524635315,0.1597365289926529,-0.761698842048645,0.839777946472168,0.22424320876598358,-0.6759093999862671,0.674554705619812,0.1909782886505127,-0.18903806805610657,0.7152644395828247,0.34322139620780945,-0.7612453699111938,0.65142822265625,0.32981544733047485,-0.6212915778160095,0.956217885017395,0.6568285226821899,-0.7709740400314331,0.5681618452072144,0.5801175832748413,0.31832319498062134,1.0556457042694092,1.1852606534957886,-0.9898138046264648,0.4449177384376526,0.9148415327072144,0.6615921854972839,0.898521900177002,1.566074013710022,-1.2932095527648926,0.13754034042358398,0.8664190173149109,0.16300725936889648,0.8851479291915894,1.7085115909576416,-1.4171597957611084,0.05889448523521423,0.8297001123428345,0.12350890785455704,0.8372035026550293,1.666446566581726,-1.435300350189209,0.053846728056669235,0.8162510395050049,-0.033109746873378754,0.835319995880127,1.6101707220077515,-1.3114795684814453,0.08805379271507263,0.8298139572143555,0.0783616378903389,0.832342267036438,1.6954115629196167,-0.35153576731681824,0.5203869342803955,1.6334059238433838,0.3557905852794647,0.7433754801750183,2.5026633739471436,-0.5514039993286133,0.44478553533554077,2.449777126312256,0.31042248010635376,0.6832929849624634,3.3138575553894043,0.09559360146522522,0.4070519804954529,3.253016233444214,0.6002944111824036,0.7010876536369324,3.442051410675049,0.1165640726685524,0.4032096266746521,3.3557565212249756,0.60392826795578,0.5977393984794617,3.487720251083374,-0.5783222317695618,0.372612863779068,3.478698492050171,-0.1310659795999527
142,TEST,MOVING,0.6760901212692261,0.25048476457595825,-0.9021201133728027,0.732612669467926,0.17880195379257202,-0.9157893061637878,0.7582907676696777,0.1824730485677719,-0.9163565635681152,0.7846630811691284,0.18562154471874237,-0.9168806076049805,0.6760985255241394,0.16724583506584167,-0.8162277936935425,0.6633995771408081,0.16342641413211823,-0.8156574368476868,0.6536554098129272,0.1593039631843567,-0.8160573244094849,0.8397199511528015,0.2250719517469406,-0.6798375844955444,0.6766387820243835,0.1911107897758484,-0.21310384571552277,0.714309573173523,0.3427983224391937,-0.8038713335990906,0.6514342427253723,0.32920631766319275,-0.6700891852378845,0.9521343111991882,0.658275306224823,-0.7697296142578125,0.5682324767112732,0.5802440047264099,0.3130446672439575,1.0560535192489624,1.1844477653503418,-1.0630576610565186,0.4448467791080475,0.9148800373077393,0.5751675963401794,0.8892218470573425,1.5429818630218506,-1.4276647567749023,0.14092862606048584,0.8529123663902283,-0.08514386415481567,0.8664898872375488,1.6818747520446777,-1.5643622875213623,0.060749638825654984,0.8231784105300903,-0.1497940719127655,0.8204815983772278,1.6358667612075806,-1.571120262145996,0.057868123054504395,0.8050671219825745,-0.3056497573852539,0.8215370178222656,1.5829347372055054,-1.441461443901062,0.09190668910741806,0.8141958117485046,-0.17758676409721375,0.8321313858032227,1.6953359842300415,-0.35299354791641235,0.5202260613441467,1.6333624124526978,0.3572106659412384,0.7426446676254272,2.501555919647217,-0.5989897847175598,0.44411173462867737,2.447951555252075,0.35927245020866394,0.6817037463188171,3.3132615089416504,-0.003951424267143011,0.40431317687034607,3.2509613037109375,0.6994743347167969,0.6992143392562866,3.441615104675293,0.00980890728533268,0.40036511421203613,3.3541157245635986,0.7076876163482666,0.5974827408790588,3.486140489578247,-0.7208667993545532,0.3679713010787964,3.473827600479126,-0.03875076770782471
143,TEST,MOVING,0.6761149764060974,0.25021377205848694,-0.9257134199142456,0.7327128648757935,0.17877234518527985,-0.9369292259216309,0.7583415508270264,0.18251997232437134,-0.9375404119491577,0.7846928834915161,0.1856640726327896,-0.9381023645401001,0.6767153739929199,0.1666504591703415,-0.8389080166816711,0.6642599701881409,0.16279764473438263,-0.8383601903915405,0.6547083854675293,0.15870192646980286,-0.8387677073478699,0.8397228121757507,0.22579902410507202,-0.6824979782104492,0.6774801015853882,0.19114699959754944,-0.2235756367444992,0.7140706181526184,0.3426356613636017,-0.8216349482536316,0.6515172719955444,0.32895344495773315,-0.6889822483062744,0.9511224031448364,0.6583254933357239,-0.7538532018661499,0.569171130657196,0.5799968838691711,0.31353044509887695,1.0693445205688477,1.1818639039993286,-1.0632719993591309,0.4447268843650818,0.9148210287094116,0.6600558757781982,0.9271265864372253,1.530758261680603,-1.5377800464630127,0.1361926794052124,0.8516737818717957,-0.0611068420112133,0.9101603627204895,1.6686592102050781,-1.690384864807129,0.05682127922773361,0.8204328417778015,-0.12960419058799744,0.8605424761772156,1.6209098100662231,-1.7103843688964844,0.05231286212801933,0.8033842444419861,-0.21394824981689453,0.8585564494132996,1.5690585374832153,-1.5599857568740845,0.08618201315402985,0.8138979077339172,-0.13350602984428406,0.832162082195282,1.6915972232818604,-0.35468631982803345,0.5197505950927734,1.630443811416626,0.3589266836643219,0.7422274351119995,2.4937617778778076,-0.617518961429596,0.44372934103012085,2.440507173538208,0.37199488282203674,0.6790847182273865,3.3078668117523193,-0.03305931016802788,0.39746540784835815,3.247483730316162,0.7302243113517761,0.695444643497467,3.4357690811157227,-0.019194580614566803,0.3924276530742645,3.351475477218628,0.7399274110794067,0.5960665941238403,3.4833576679229736,-0.7617525458335876,0.36209267377853394,3.4698259830474854,-0.01939377561211586
144,TEST,STILL,0.6762231588363647,0.25023597478866577,-0.8569761514663696,0.7327877283096313,0.17881017923355103,-0.8765873908996582,0.7583907842636108,0.1825607419013977,-0.8771941065788269,0.7847340703010559,0.18582338094711304,-0.877741813659668,0.6772616505622864,0.16652877628803253,-0.7754467725753784,0.6650587916374207,0.16265970468521118,-0.7750126719474792,0.65572190284729,0.15857592225074768,-0.7755125761032104,0.8397431373596191,0.22643575072288513,-0.6610180139541626,0.678364634513855,0.19122985005378723,-0.18787416815757751,0.7140522003173828,0.34268900752067566,-0.7655831575393677,0.6518917083740234,0.32902389764785767,-0.6293302774429321,0.9507216215133667,0.6591235995292664,-0.7227529287338257,0.5710800290107727,0.5804145932197571,0.3229225277900696,1.073023796081543,1.1827890872955322,-1.0354408025741577,0.4426473081111908,0.9126735925674438,0.6750324368476868,0.9267920255661011,1.5275514125823975,-1.4716682434082031,0.12194111198186874,0.8425834774971008,-0.04910712316632271,0.9095799326896667,1.6648510694503784,-1.6095569133758545,0.042683787643909454,0.8158766627311707,-0.10790754854679108,0.8603631258010864,1.6160187721252441,-1.6235036849975586,0.036817580461502075,0.8001704812049866,-0.1893971562385559,0.8582696914672852,1.5640792846679688,-1.4897416830062866,0.07397861778736115,0.8123796582221985,-0.10477272421121597,0.8322159051895142,1.6917023658752441,-0.35105645656585693,0.5197775363922119,1.630659580230713,0.35504162311553955,0.742235541343689,2.493695020675659,-0.5823608636856079,0.4442322850227356,2.4407477378845215,0.34218770265579224,0.6795787215232849,3.3075811862945557,0.034157730638980865,0.3982529044151306,3.247687816619873,0.6503413915634155,0.6965334415435791,3.4353175163269043,0.053597621619701385,0.39368122816085815,3.3521668910980225,0.65632164478302,0.5939372777938843,3.4833662509918213,-0.6504274606704712,0.36174827814102173,3.4699759483337402,-0.07562466710805893
145,TEST,MOVING,0.676836371421814,0.25032180547714233,-0.8889743089675903,0.7333158850669861,0.17883752286434174,-0.9025055170059204,0.7589890360832214,0.18259955942630768,-0.9031354188919067,0.7852658033370972,0.18588237464427948,-0.9037073254585266,0.677564263343811,0.1665537804365158,-0.8041934967041016,0.665360152721405,0.16268706321716309,-0.8036912679672241,0.6560773253440857,0.1586097925901413,-0.8041619062423706,0.8398469686508179,0.22652283310890198,-0.6594976186752319,0.6782829761505127,0.19133158028125763,-0.19556263089179993,0.7143473029136658,0.3427901566028595,-0.7876660823822021,0.6524617075920105,0.32926568388938904,-0.6547724008560181,0.9497307538986206,0.6593770384788513,-0.7089043259620667,0.5713373422622681,0.5844208002090454,0.3291395604610443,1.0795613527297974,1.1815636157989502,-1.0562853813171387,0.4406811594963074,0.9106205105781555,0.688646674156189,0.934933066368103,1.524544596672058,-1.5893381834030151,0.1150636300444603,0.8316900134086609,0.0933731198310852,0.9173762202262878,1.661318063735962,-1.7437469959259033,0.0358184315264225,0.8078094720840454,0.05274737626314163,0.8680527806282043,1.6119002103805542,-1.7572543621063232,0.03013494238257408,0.7924622893333435,-0.07693737745285034,0.8655589818954468,1.5606484413146973,-1.61008620262146,0.06892699003219604,0.805397093296051,0.020942289382219315,0.8322683572769165,1.6942291259765625,-0.3522891700267792,0.5196526050567627,1.6355178356170654,0.3563101589679718,0.7429413795471191,2.501276731491089,-0.5758573412895203,0.4444448947906494,2.4500110149383545,0.3443090617656708,0.681041419506073,3.3098485469818115,0.06757654249668121,0.39934924244880676,3.2525112628936768,0.6829978823661804,0.6978715658187866,3.4362688064575195,0.08795692026615143,0.39483457803726196,3.3567018508911133,0.6921060681343079,0.5959239602088928,3.4874064922332764,-0.6366153955459595,0.3631480634212494,3.473304510116577,-0.06025981158018112
146,TEST,HIGH MOVEMENT,0.678533136844635,0.25017136335372925,-0.8000532984733582,0.7348101139068604,0.17885854840278625,-0.8187742233276367,0.760164737701416,0.1826382577419281,-0.8192566633224487,0.7862109541893005,0.18593502044677734,-0.8194155693054199,0.6796547174453735,0.1665479689836502,-0.7207643389701843,0.6673654317855835,0.16266945004463196,-0.720471978187561,0.6579338312149048,0.15858395397663116,-0.7211652994155884,0.8402459025382996,0.22657155990600586,-0.6280731558799744,0.679423451423645,0.19128145277500153,-0.17352920770645142,0.7155927419662476,0.34237781167030334,-0.7185370922088623,0.6538773775100708,0.3288283050060272,-0.5894080400466919,0.9482440948486328,0.6573948264122009,-0.7292323112487793,0.5722216367721558,0.5838350653648376,0.3201562464237213,0.9232131242752075,1.1111395359039307,-1.0958693027496338,0.436990350484848,0.8889466524124146,0.21052558720111847,0.4138554632663727,1.0268687009811401,-1.2032973766326904,0.11835290491580963,0.8086788058280945,-0.7344855666160583,0.4129880368709564,1.1113747358322144,-1.3071420192718506,0.04024333506822586,0.7912722229957581,-0.8645912408828735,0.42976969480514526,1.0359208583831787,-1.2361342906951904,0.035058822482824326,0.7725240588188171,-0.972154974937439,0.37173181772232056,0.9227701425552368,-1.1758047342300415,0.07260079681873322,0.7861494421958923,-0.823370635509491,0.8354843854904175,1.6942473649978638,-0.3185480833053589,0.5203691720962524,1.6327831745147705,0.32215696573257446,0.7417064309120178,2.4925146102905273,-0.512008786201477,0.43910226225852966,2.4479546546936035,0.3251069188117981,0.6816338896751404,3.2950592041015625,0.027283821254968643,0.395323246717453,3.244568347930908,0.5033913850784302,0.699644923210144,3.4258766174316406,0.043805234134197235,0.3938770890235901,3.350865364074707,0.4956963062286377,0.5968474745750427,3.464351177215576,-0.6647709608078003,0.3551720380783081,3.4668495655059814,-0.1790740191936493
147,TEST,HIGH MOVEMENT,0.6788352131843567,0.2501189410686493,-0.7546089887619019,0.7350059747695923,0.17886440455913544,-0.7820181846618652,0.7602629661560059,0.18265922367572784,-0.7824965119361877,0.786253809928894,0.18597175180912018,-0.7825626134872437,0.6805589199066162,0.1665264517068863,-0.6797148585319519,0.6684691309928894,0.16264472901821136,-0.6794870495796204,0.6591803431510925,0.15856046974658966,-0.6802517175674438,0.84039306640625,0.22654828429222107,-0.6266478300094604,0.6811655759811401,0.19130150973796844,-0.15728791058063507,0.7157233357429504,0.3420487642288208,-0.6861483454704285,0.6545425057411194,0.32851627469062805,-0.5516166090965271,0.9474924206733704,0.6567947864532471,-0.7826961278915405,0.5733792781829834,0.5832424759864807,0.31945401430130005,0.8241761326789856,1.076913595199585,-1.1515157222747803,0.4366622865200043,0.8796834349632263,0.20307675004005432,0.2883251905441284,0.9467993378639221,-1.1254041194915771,0.12095370143651962,0.7956194281578064,-0.712603747844696,0.16532371938228607,0.9398260712623596,-1.2255600690841675,0.04284552484750748,0.7828792333602905,-0.8418429493904114,0.1557067632675171,0.8774045705795288,-1.142775535583496,0.038346752524375916,0.7658722400665283,-0.9512422680854797,0.2080554962158203,0.8696554899215698,-1.090909481048584,0.07527755200862885,0.7790142297744751,-0.8032438158988953,0.8362612724304199,1.6950386762619019,-0.30972081422805786,0.5204185247421265,1.632301926612854,0.313154399394989,0.7399234175682068,2.4901015758514404,-0.48989781737327576,0.43457430601119995,2.4478201866149902,0.3269842267036438,0.6821737289428711,3.2900092601776123,0.012078442610800266,0.390899658203125,3.2426724433898926,0.48624387383461,0.701287031173706,3.422595977783203,0.02526920661330223,0.3918226361274719,3.3500585556030273,0.4771374762058258,0.5957790017127991,3.4552736282348633,-0.6667301654815674,0.34636420011520386,3.4651694297790527,-0.1831243932247162
148,TEST,MOVING,0.6788884401321411,0.25003618001937866,-0.7461370229721069,0.7349957823753357,0.17879968881607056,-0.7729259133338928,0.7602213025093079,0.18262764811515808,-0.7733719944953918,0.7861502766609192,0.18595948815345764,-0.7733803987503052,0.6806862354278564,0.16640232503414154,-0.671183705329895,0.6687132120132446,0.1625528335571289,-0.6709691882133484,0.6595454812049866,0.15850003063678741,-0.6717313528060913,0.8403986692428589,0.22651992738246918,-0.6205150485038757,0.6815295815467834,0.19133500754833221,-0.1513947695493698,0.7157126665115356,0.3415939509868622,-0.6774925589561462,0.6547392010688782,0.32818809151649475,-0.5437103509902954,0.9436122179031372,0.6560596227645874,-0.7986643314361572,0.5740951895713806,0.582348644733429,0.31886187195777893,0.7649989724159241,1.0613802671432495,-1.1704124212265015,0.4367048144340515,0.8768435716629028,0.1829778105020523,0.254462867975235,0.9368844628334045,-1.1251647472381592,0.12550362944602966,0.7940722107887268,-0.7324729561805725,0.13227978348731995,0.9318714141845703,-1.2303838729858398,0.04409624636173248,0.787652850151062,-0.8651583790779114,0.12093553692102432,0.8713039755821228,-1.1508325338363647,0.0393817201256752,0.7634708285331726,-0.9737839698791504,0.16606326401233673,0.867789089679718,-1.0930349826812744,0.07582177221775055,0.7762033939361572,-0.8233415484428406,0.8360409736633301,1.695061445236206,-0.3011396527290344,0.5203174352645874,1.6313592195510864,0.3045996427536011,0.7353057861328125,2.4884066581726074,-0.4896434247493744,0.4295077919960022,2.447580575942993,0.30285900831222534,0.6825175285339355,3.2872915267944336,0.009145201183855534,0.3873714804649353,3.241229772567749,0.4261557459831238,0.7020804286003113,3.420851945877075,0.014209580607712269,0.38977745175361633,3.3495514392852783,0.4136531949043274,0.591205358505249,3.449692487716675,-0.6858642101287842,0.3422170877456665,3.462803602218628,-0.2421586960554123
149,TEST,HIGH MOVEMENT,0.678629994392395,0.23814915120601654,-0.6500743627548218,0.733906626701355,0.164357990026474,-0.7199418544769287,0.7585375905036926,0.16748635470867157,-0.7204386591911316,0.783541202545166,0.17033042013645172,-0.7200980186462402,0.6806244850158691,0.15482760965824127,-0.5822314023971558,0.6687220335006714,0.15157550573349,-0.5822036266326904,0.6595784425735474,0.1481635570526123,-0.5830432176589966,0.8396803736686707,0.20767034590244293,-0.6708768606185913,0.6907904744148254,0.18031731247901917,-0.07488611340522766,0.7159633636474609,0.32813307642936707,-0.6261779069900513,0.6558384299278259,0.3159359097480774,-0.4458003640174866,0.9454439878463745,0.649551272392273,-0.9324246644973755,0.5817018747329712,0.5635798573493958,0.4234723150730133,0.6176314353942871,0.8894464373588562,-1.2395408153533936,0.42893165349960327,0.8235713839530945,0.2642442584037781,0.2811509668827057,0.8179547786712646,-1.0797892808914185,0.1402752846479416,0.7368414998054504,-0.7553264498710632,0.18532782793045044,0.8645468950271606,-1.1990337371826172,0.056183356791734695,0.7158937454223633,-0.8897063136100769,0.1853679120540619,0.7624708414077759,-1.1436481475830078,0.05600975081324577,0.7014715075492859,-1.0061862468719482,0.20371825993061066,0.7820441126823425,-1.0550734996795654,0.08879498392343521,0.7239271998405457,-0.8529449701309204,0.843471884727478,1.6920448541641235,-0.37712472677230835,0.5382722616195679,1.6247299909591675,0.38036251068115234,0.7354499697685242,2.4241647720336914,-0.5662371516227722,0.4349912106990814,2.379910469055176,0.5219520330429077,0.7001377940177917,3.2234883308410645,-0.053020693361759186,0.4067145884037018,3.180236577987671,0.7372216582298279,0.7275662422180176,3.363015651702881,-0.04649781808257103,0.4161178469657898,3.298288106918335,0.7374132871627808,0.598943829536438,3.3695030212402344,-0.6963862776756287,0.343049019575119,3.38582706451416,0.16891612112522125
150,TEST,HIGH MOVEMENT,0.6782635450363159,0.1078009381890297,-0.6884620189666748,0.7301827669143677,0.04077211394906044,-0.7373003959655762,0.7513408660888672,0.047318264842033386,-0.7377510070800781,0.7719163298606873,0.05443236976861954,-0.7371488809585571,0.681852400302887,0.027632368728518486,-0.6618587374687195,0.6724146604537964,0.02508079633116722,-0.6626023054122925,0.6653910875320435,0.023425502702593803,-0.6640101671218872,0.8285285830497742,0.10325077921152115,-0.665209174156189,0.7071775197982788,0.07783255726099014,-0.24581801891326904,0.715990424156189,0.18501709401607513,-0.6440409421920776,0.6627588868141174,0.17316822707653046,-0.5589776039123535,0.9451999664306641,0.45792609453201294,-0.6349519491195679,0.5851975679397583,0.42640116810798645,0.03527538850903511,0.927688717842102,0.765400230884552,-0.9715092778205872,0.4464031159877777,0.7213050723075867,0.0835685282945633,0.7220609784126282,0.8017883896827698,-1.4461714029312134,0.17204619944095612,0.6533644199371338,-0.6840039491653442,0.6620942950248718,0.8696622252464294,-1.6324148178100586,0.08094240725040436,0.6782684922218323,-0.8520591855049133,0.6526724696159363,0.7990886569023132,-1.6451784372329712,0.08021647483110428,0.6545472741127014,-1.0052764415740967,0.6646000146865845,0.7763252258300781,-1.4730862379074097,0.11226345598697662,0.6525726318359375,-0.7859469652175903,0.8749610781669617,1.3282551765441895,-0.2401246577501297,0.5768817067146301,1.2715599536895752,0.24259357154369354,0.7848471403121948,2.068711996078491,-0.5953060984611511,0.45235151052474976,1.9754321575164795,-0.2513344883918762,0.7792013883590698,2.8783161640167236,-0.16556230187416077,0.4648211598396301,2.8147082328796387,-0.07065950334072113,0.8003851175308228,2.9990627765655518,-0.15895190834999084,0.47586265206336975,2.9140636920928955,-0.07064792513847351,0.7039121389389038,3.0559706687927246,-0.850853443145752,0.4447101950645447,3.0620055198669434,-0.751346230506897
151,TEST,HIGH MOVEMENT,0.6765803098678589,0.07570431381464005,-0.6485604047775269,0.7271864414215088,0.021083874627947807,-0.6968187093734741,0.7473452091217041,0.025575052946805954,-0.6971786022186279,0.7671748399734497,0.030048793181777,-0.6972563862800598,0.6818623542785645,0.012909933924674988,-0.6061224341392517,0.672827959060669,0.011483539827167988,-0.6064121723175049,0.6662240028381348,0.010089890100061893,-0.6074479222297668,0.824799656867981,0.07763833552598953,-0.6548513174057007,0.7124345898628235,0.06293803453445435,-0.2309207171201706,0.7124634981155396,0.14660631120204926,-0.6163733601570129,0.6627442836761475,0.13732083141803741,-0.5002467632293701,0.9500692486763,0.4515666663646698,-0.60403972864151,0.5917433500289917,0.41700103878974915,0.08120927959680557,0.9830726385116577,0.8642529249191284,-0.831269383430481,0.48310405015945435,0.7470342516899109,0.22881624102592468,0.7999528646469116,0.8492664694786072,-1.3076732158660889,0.21395686268806458,0.6616635918617249,-0.04209080711007118,0.7497161626815796,0.9081866145133972,-1.4297075271606445,0.11563390493392944,0.6787800192832947,-0.11703088134527206,0.7436766028404236,0.8624404668807983,-1.4783413410186768,0.1103324443101883,0.6527119278907776,-0.25994622707366943,0.7504931092262268,0.8192066550254822,-1.3435882329940796,0.14440791308879852,0.6508862972259521,-0.12336832284927368,0.8720718622207642,1.2840467691421509,-0.23940706253051758,0.5769385695457458,1.228675127029419,0.24143162369728088,0.7805676460266113,1.9562933444976807,-0.5185562372207642,0.46427494287490845,1.8973510265350342,-0.005181028973311186,0.7661593556404114,2.7058727741241455,-0.05726397782564163,0.46405115723609924,2.658794403076172,0.2202579230070114,0.7875282168388367,2.822070837020874,-0.040855638682842255,0.47127777338027954,2.75338077545166,0.22264209389686584,0.6910392642021179,2.863403558731079,-0.6346936225891113,0.4410480558872223,2.8741629123687744,-0.4039485454559326
152,TEST,HIGH MOVEMENT,0.6539031863212585,0.04917886108160019,-1.099230408668518,0.70641028881073,-0.028695184737443924,-1.1048405170440674,0.7318562865257263,-0.026278387755155563,-1.1050388813018799,0.7565516829490662,-0.02277725748717785,-1.1055028438568115,0.6479271054267883,-0.03368493169546127,-1.0436375141143799,0.6322981119155884,-0.034889187663793564,-1.0441112518310547,0.6177129149436951,-0.036493632942438126,-1.0445400476455688,0.8073678016662598,0.02145855687558651,-0.8940207362174988,0.6432479023933411,0.0023294335696846247,-0.6010069251060486,0.6919536590576172,0.117385633289814,-0.9966460466384888,0.6366295218467712,0.10940275341272354,-0.9131759405136108,0.9454351663589478,0.4135609567165375,-0.6128283739089966,0.5775115489959717,0.33428123593330383,-0.06801826506853104,1.0841904878616333,0.8197754621505737,-0.5930522680282593,0.49142152070999146,0.6881598830223083,0.6928006410598755,1.0246102809906006,0.8646312952041626,-0.8245993852615356,0.2550375163555145,0.6695563793182373,0.8895232081413269,1.0233376026153564,0.9521847367286682,-0.8796647787094116,0.1949116289615631,0.6900457739830017,0.9234970808029175,0.9950793385505676,0.9066460728645325,-0.9618529081344604,0.1558855026960373,0.629596471786499,0.7811111211776733,0.9822883605957031,0.8373941779136658,-0.8579347729682922,0.1740487962961197,0.6338676810264587,0.8330926895141602,0.7726879119873047,1.091346025466919,-0.2601776719093323,0.5630744695663452,0.9823006391525269,0.2630045711994171,0.4984672963619232,1.1773967742919922,-0.6153658628463745,0.14079134166240692,1.0091296434402466,-0.223326176404953,0.44163432717323303,1.7343437671661377,0.0027356152422726154,0.18351103365421295,1.583881139755249,0.34896618127822876,0.4833154082298279,1.845998764038086,0.05860128253698349,0.2404918670654297,1.6669412851333618,0.2943947911262512,0.30983203649520874,1.8425078392028809,-0.20848922431468964,-0.003126210067421198,1.7666579484939575,0.18906155228614807
153,TEST,HIGH MOVEMENT,0.5771934390068054,0.0370953306555748,-0.7298784852027893,0.6127273440361023,-0.0377374030649662,-0.709654688835144,0.630082368850708,-0.03862898796796799,-0.7099766731262207,0.6466755867004395,-0.038461100310087204,-0.7104809880256653,0.5618018507957458,-0.03211575374007225,-0.6761460304260254,0.5456587076187134,-0.030029021203517914,-0.6764588952064514,0.5305551290512085,-0.02824411168694496,-0.6768490076065063,0.6566725969314575,-0.005003839265555143,-0.4959035813808441,0.5267274379730225,-0.0041100331582129,-0.39833885431289673,0.6048861742019653,0.08804363757371902,-0.6383218169212341,0.5536214113235474,0.08920378983020782,-0.5956791043281555,0.7973099946975708,0.3346101939678192,-0.3167521059513092,0.43595170974731445,0.29843658208847046,0.016051478683948517,1.034278154373169,0.5820865631103516,-0.4559212625026703,0.3873523771762848,0.6361935138702393,0.5722606182098389,1.1134774684906006,0.6698450446128845,-0.9723502397537231,0.24976477026939392,0.684142529964447,0.6120055913925171,1.1494046449661255,0.6974414587020874,-1.0710370540618896,0.17204594612121582,0.6997480392456055,0.6055945754051208,1.1395570039749146,0.6424587368965149,-1.1266405582427979,0.14930662512779236,0.6497377753257751,0.5070308446884155,1.113907814025879,0.6352851986885071,-1.0129451751708984,0.17405855655670166,0.6560846567153931,0.5655368566513062,0.609355092048645,0.9233521223068237,-0.18162061274051666,0.42808976769447327,0.8676246404647827,0.1835809051990509,0.5255110263824463,1.2144279479980469,-0.2411775290966034,0.08581335842609406,0.9258178472518921,-0.046495359390974045,0.5178720355033875,1.7026985883712769,0.381840318441391,0.13578490912914276,1.5921425819396973,0.45961499214172363,0.5436028242111206,1.7890779972076416,0.4374803602695465,0.17169514298439026,1.6547272205352783,0.4963732361793518,0.43953052163124084,1.807957410812378,0.15145665407180786,0.031455256044864655,1.7898825407028198,0.2882160246372223
154,TEST,HIGH MOVEMENT,0.4852668344974518,0.03828918933868408,-0.8410511016845703,0.5147081613540649,-0.02662576548755169,-0.8566684722900391,0.5314730405807495,-0.027510367333889008,-0.8567180633544922,0.5486236810684204,-0.027389883995056152,-0.8575131297111511,0.4770911633968353,-0.025559576228260994,-0.8092748522758484,0.4677707254886627,-0.026413047686219215,-0.8098629117012024,0.4594474732875824,-0.026797804981470108,-0.8105732798576355,0.5968705415725708,-0.0021695352625101805,-0.7896615266799927,0.49212318658828735,-0.003962348215281963,-0.5211634635925293,0.5238907337188721,0.08546995371580124,-0.8029359579086304,0.48292285203933716,0.08225467056035995,-0.7275997400283813,0.777299165725708,0.2963007688522339,-0.46756109595298767,0.4009562134742737,0.2395494282245636,-0.35069119930267334,1.060887336730957,0.4791923463344574,-0.6517974138259888,0.33711960911750793,0.5843959450721741,-0.00697536114603281,1.2806169986724854,0.5706351399421692,-0.9363307952880859,0.17644736170768738,0.6123931407928467,0.1468929648399353,1.344258189201355,0.5980424284934998,-0.9832127690315247,0.11103008687496185,0.66061931848526,0.23260553181171417,1.3511509895324707,0.5561686158180237,-1.0679981708526611,0.06884174048900604,0.604097306728363,0.2944234609603882,1.317497968673706,0.5538128018379211,-0.9891279339790344,0.10756751149892807,0.6016800999641418,0.17238320410251617,0.6027992367744446,0.9333459138870239,-0.12704114615917206,0.38954275846481323,0.8325213193893433,0.12860190868377686,0.5692319273948669,1.29522705078125,-0.3147921562194824,0.07916801422834396,0.8480624556541443,-0.40913957357406616,0.4215971827507019,1.636809229850769,0.28997987508773804,0.28415006399154663,1.4743386507034302,0.18300467729568481,0.41725045442581177,1.6784749031066895,0.3445563018321991,0.36298537254333496,1.4972693920135498,0.24035389721393585,0.33602383732795715,1.72760808467865,0.039767660200595856,0.32556742429733276,1.7074968814849854,0.2802020013332367
155,TEST,HIGH MOVEMENT,0.4639649987220764,0.026044577360153198,-0.8123639822006226,0.4988667964935303,-0.039818551391363144,-0.8380855321884155,0.5165015459060669,-0.04195749759674072,-0.8381655812263489,0.5337458252906799,-0.04382248967885971,-0.8390294313430786,0.4569578170776367,-0.038470521569252014,-0.7910531759262085,0.4474124312400818,-0.03935243934392929,-0.7918667197227478,0.4393679201602936,-0.03976089134812355,-0.7927316427230835,0.5883025527000427,-0.02243349701166153,-0.7795282602310181,0.4830445349216461,-0.010710413567721844,-0.47455963492393494,0.5038939714431763,0.07644673436880112,-0.7940654158592224,0.46179550886154175,0.07406937330961227,-0.7027352452278137,0.7813164591789246,0.27430489659309387,-0.5401581525802612,0.4053308069705963,0.23865364491939545,-0.33098548650741577,1.0530123710632324,0.43789249658584595,-0.6467229127883911,0.3358192443847656,0.5570851564407349,0.004686212167143822,1.2858312129974365,0.5227737426757812,-0.8471970558166504,0.17532546818256378,0.602127194404602,0.1412665694952011,1.3528915643692017,0.5450887084007263,-0.8857626914978027,0.12496183067560196,0.6423425674438477,0.16630694270133972,1.3609802722930908,0.5129978656768799,-0.968704879283905,0.10216417163610458,0.5884851217269897,0.11209200322628021,1.3284680843353271,0.5122589468955994,-0.8987576365470886,0.12766312062740326,0.5811143517494202,0.12129552662372589,0.5939091444015503,0.9151449203491211,-0.11474263668060303,0.3841100335121155,0.8215207457542419,0.11604233086109161,0.49841904640197754,1.3127186298370361,-0.32129305601119995,0.09507472068071365,0.882451057434082,-0.3829022943973541,0.3537573218345642,1.6449165344238281,0.3819599449634552,0.26585397124290466,1.546008825302124,0.25812381505966187,0.35325226187705994,1.6850073337554932,0.44713443517684937,0.31981876492500305,1.5807373523712158,0.3148077428340912,0.26736149191856384,1.7455036640167236,0.13231655955314636,0.2923801839351654,1.7813268899917603,0.11681882292032242
156,TEST,HIGH MOVEMENT,0.4911979138851166,0.04280926287174225,-0.7080634832382202,0.5255450010299683,-0.02436174266040325,-0.6770868897438049,0.5498550534248352,-0.02538011036813259,-0.6773519515991211,0.5734837055206299,-0.026090163737535477,-0.677873969078064,0.5068360567092896,-0.02668571285903454,-0.6590337157249451,0.496212899684906,-0.02572915144264698,-0.6593829989433289,0.4860689640045166,-0.02603905089199543,-0.6598944664001465,0.6376227736473083,0.0016709696501493454,-0.4253246784210205,0.5024273991584778,0.0013233007630333304,-0.3376951217651367,0.524882435798645,0.09785081446170807,-0.6114321947097778,0.4913223683834076,0.09565901011228561,-0.5829818248748779,0.7988373637199402,0.32857370376586914,-0.28563082218170166,0.4294106960296631,0.2801123857498169,-0.17557185888290405,0.9414471387863159,0.5740300416946411,-0.3570258617401123,0.3558874726295471,0.5917529463768005,-0.1310807466506958,0.9504498243331909,0.7290772199630737,-0.7344040870666504,0.3668687641620636,0.6673997640609741,-0.45234760642051697,0.950025200843811,0.8167685270309448,-0.8020434379577637,0.373290479183197,0.7307431101799011,-0.5306718945503235,0.9374359250068665,0.7816311717033386,-0.8343454599380493,0.3785098195075989,0.6607750058174133,-0.5432950258255005,0.9224583506584167,0.7581764459609985,-0.7551034688949585,0.389220654964447,0.6401390433311462,-0.46959614753723145,0.6193656921386719,0.9325323104858398,-0.08220116049051285,0.40914297103881836,0.8776000738143921,0.08290520310401917,0.6252416372299194,1.0407949686050415,-0.3478696346282959,0.14574924111366272,0.9171382784843445,-0.39730697870254517,0.407742977142334,1.3837929964065552,0.5044438242912292,0.4345793128013611,1.4333900213241577,0.17233271896839142,0.4495159983634949,1.4222548007965088,0.5914525985717773,0.48910993337631226,1.454001784324646,0.23453621566295624,0.36015620827674866,1.5298435688018799,0.4479755759239197,0.45684200525283813,1.6750882863998413,0.074541375041008
157,TEST,HIGH MOVEMENT,0.5216024518013,0.08936856687068939,-0.5813254117965698,0.561340868473053,0.030417758971452713,-0.5930496454238892,0.5833030939102173,0.030819380655884743,-0.5933879613876343,0.6048345565795898,0.030860505998134613,-0.5936415195465088,0.5267642736434937,0.028285682201385498,-0.5276949405670166,0.5153082609176636,0.027423877269029617,-0.5278691053390503,0.5046111941337585,0.02650660090148449,-0.5286184549331665,0.6542813181877136,0.05631114915013313,-0.4963066577911377,0.5036888718605042,0.05359328165650368,-0.18716391921043396,0.5541828870773315,0.16583159565925598,-0.5370663404464722,0.514461874961853,0.15454593300819397,-0.44658488035202026,0.8167211413383484,0.3730219900608063,-0.3977726697921753,0.4614632725715637,0.33069702982902527,-0.0269269198179245,0.9540883898735046,0.7506662607192993,-0.5062821507453918,0.406707227230072,0.6540766358375549,0.08612879365682602,0.9113521575927734,1.0731662511825562,-0.8492385149002075,0.2646332383155823,0.6624708771705627,-0.21932241320610046,0.9011873006820679,1.1918996572494507,-0.9241424798965454,0.17002101242542267,0.6835673451423645,-0.2961423993110657,0.8701452016830444,1.1536260843276978,-0.978441596031189,0.167714923620224,0.6455593705177307,-0.3741828203201294,0.8645192980766296,1.1032100915908813,-0.8806454539299011,0.18975748121738434,0.6355619430541992,-0.2712816596031189,0.6368909478187561,1.0285636186599731,-0.12911704182624817,0.43447375297546387,0.9509022235870361,0.13053995370864868,0.6229925751686096,1.5319195985794067,-0.15645819902420044,0.2783782482147217,1.427807331085205,-0.2842859625816345,0.49776721000671387,2.021042823791504,0.37503090500831604,0.3971555829048157,1.982116937637329,0.23587460815906525,0.5349964499473572,2.123993158340454,0.41862449049949646,0.4479605257511139,2.059760093688965,0.2727479934692383,0.4080144464969635,2.1164515018463135,0.05135458707809448,0.42175689339637756,2.150766134262085,-0.05568462610244751
158,TEST,HIGH MOVEMENT,0.535866379737854,0.11227943748235703,-0.5644181966781616,0.5765655040740967,0.05367553234100342,-0.5836895704269409,0.5980406403541565,0.05378671735525131,-0.5839312672615051,0.6192978620529175,0.05380440503358841,-0.5841289758682251,0.5364948511123657,0.05387920141220093,-0.5137266516685486,0.5250804424285889,0.05331004038453102,-0.5138242244720459,0.514590859413147,0.05290662869811058,-0.5144936442375183,0.6628801226615906,0.07684317976236343,-0.5188450217247009,0.5189639329910278,0.07878781110048294,-0.1823221743106842,0.5705481171607971,0.1859860122203827,-0.5291174650192261,0.5270172357559204,0.17500993609428406,-0.4318181574344635,0.8240622282028198,0.40312251448631287,-0.429568350315094,0.4766786992549896,0.34641578793525696,-0.0017200704896822572,0.9438102841377258,0.7999773621559143,-0.5191372632980347,0.4242778420448303,0.6642301678657532,0.14679047465324402,0.8517497181892395,1.102918267250061,-0.8009353876113892,0.22649458050727844,0.6641556024551392,-0.1545310914516449,0.8332998156547546,1.2112154960632324,-0.8701266050338745,0.13157668709754944,0.6777667999267578,-0.22714102268218994,0.7987252473831177,1.1709345579147339,-0.919755756855011,0.12404467910528183,0.6459163427352905,-0.3138646185398102,0.7971159219741821,1.1220176219940186,-0.8279014825820923,0.14681091904640198,0.638523280620575,-0.21101614832878113,0.6551064252853394,1.0542843341827393,-0.14627104997634888,0.43815428018569946,0.9638378024101257,0.14788047969341278,0.595891535282135,1.589857816696167,-0.12092719972133636,0.2894740700721741,1.4532374143600464,-0.2284284383058548,0.5071552991867065,2.0626134872436523,0.3860190808773041,0.3833425045013428,2.0166268348693848,0.27204033732414246,0.5371175408363342,2.172053813934326,0.42181816697120667,0.4275527000427246,2.1021265983581543,0.30815836787223816,0.421281099319458,2.1272177696228027,0.017537647858262062,0.33939456939697266,2.1544251441955566,-0.043550197035074234
159,TEST,HIGH MOVEMENT,0.5602017641067505,0.12896789610385895,-0.5385528802871704,0.6030410528182983,0.0722040981054306,-0.5432456731796265,0.6262310743331909,0.0721249207854271,-0.5435390472412109,0.6478329300880432,0.07286381721496582,-0.5438524484634399,0.5624977350234985,0.07552649825811386,-0.48587566614151,0.5526536107063293,0.07680437713861465,-0.48621025681495667,0.5425624847412109,0.07797276228666306,-0.4870775640010834,0.6929576992988586,0.10279111564159393,-0.44643861055374146,0.555877149105072,0.11088956147432327,-0.1656937301158905,0.5949815511703491,0.20123015344142914,-0.4926786422729492,0.5493921041488647,0.18989716470241547,-0.41159048676490784,0.8497012257575989,0.4135708510875702,-0.35345691442489624,0.5122890472412109,0.38356778025627136,-0.005329110659658909,0.9831217527389526,0.7867593169212341,-0.40244537591934204,0.44276294112205505,0.7085658311843872,0.044109053909778595,0.9585199356079102,1.0386312007904053,-0.617313027381897,0.22660279273986816,0.6861938834190369,-0.4032277464866638,0.9632490277290344,1.1280187368392944,-0.6698143482208252,0.1318594515323639,0.6999457478523254,-0.49112725257873535,0.9300838708877563,1.090620517730713,-0.7251392006874084,0.1241978257894516,0.6762776970863342,-0.568191409111023,0.9224792718887329,1.053503155708313,-0.6482206583023071,0.14917530119419098,0.6696270704269409,-0.45569124817848206,0.7105059623718262,1.1159473657608032,-0.15477490425109863,0.4834447503089905,0.9831668734550476,0.15638378262519836,0.5979679822921753,1.579519510269165,-0.17006619274616241,0.33983370661735535,1.3131119012832642,-0.23548009991645813,0.5377607345581055,2.0514705181121826,0.3409527540206909,0.39795154333114624,1.9114197492599487,0.20970502495765686,0.5633954405784607,2.1525540351867676,0.40054798126220703,0.43664154410362244,1.9858603477478027,0.24552388489246368,0.44849714636802673,2.1346728801727295,-0.025744739919900894,0.3354685306549072,2.1045444011688232,-0.03843695670366287
160,TEST,HIGH MOVEMENT,0.5794489979743958,0.13515181839466095,-0.5017403364181519,0.6183289289474487,0.07607763260602951,-0.5055853128433228,0.6413803696632385,0.07536893337965012,-0.5058170557022095,0.6634207367897034,0.07532989233732224,-0.506144642829895,0.5761325359344482,0.07930748164653778,-0.4469989240169525,0.5656929612159729,0.08112294971942902,-0.44718512892723083,0.5564149022102356,0.08300162106752396,-0.44804301857948303,0.7106799483299255,0.10594598948955536,-0.4139277935028076,0.5723999738693237,0.11770008504390717,-0.13129255175590515,0.6152708530426025,0.20406077802181244,-0.45972108840942383,0.5671287775039673,0.19635890424251556,-0.37858977913856506,0.8745323419570923,0.4217495918273926,-0.35197877883911133,0.5208593606948853,0.39233168959617615,0.045641496777534485,0.9646738171577454,0.8464967608451843,-0.38102295994758606,0.4536806643009186,0.717289924621582,0.0888381227850914,0.9412323832511902,1.1803079843521118,-0.5485944151878357,0.22688762843608856,0.700465738773346,-0.3256511986255646,0.9484475255012512,1.29228937625885,-0.6031383872032166,0.1323392689228058,0.707943320274353,-0.399410605430603,0.9129540324211121,1.2635819911956787,-0.6682057976722717,0.12480507045984268,0.686938464641571,-0.48190099000930786,0.9006729125976562,1.2165237665176392,-0.5805619359016418,0.15075382590293884,0.682417094707489,-0.3794770836830139,0.7111769914627075,1.1020265817642212,-0.15964116156101227,0.49424871802330017,0.9888275265693665,0.16124263405799866,0.5995103716850281,1.5803483724594116,-0.18058019876480103,0.3233092129230499,1.313809871673584,-0.22000785171985626,0.5335348844528198,2.0609700679779053,0.3269290328025818,0.37781089544296265,1.94258451461792,0.19737005233764648,0.5567759871482849,2.1583471298217773,0.36606237292289734,0.4153185784816742,2.0131194591522217,0.22873353958129883,0.4253072142601013,2.1484453678131104,-0.06884980946779251,0.290924996137619,2.1475675106048584,-0.08816827088594437
161,TEST,HIGH MOVEMENT,0.5893045663833618,0.13931111991405487,-0.4475882947444916,0.6271480321884155,0.08465811610221863,-0.45066651701927185,0.6483248472213745,0.08425967395305634,-0.4510425627231598,0.6698113679885864,0.0844111442565918,-0.4515015482902527,0.5879625082015991,0.0878085196018219,-0.39456966519355774,0.5782867670059204,0.08931782096624374,-0.3948865830898285,0.570134162902832,0.09035445004701614,-0.3956766724586487,0.7220142483711243,0.11764539033174515,-0.3613455891609192,0.5953925848007202,0.12617239356040955,-0.08874962478876114,0.620681881904602,0.2077389657497406,-0.4076758325099945,0.5767446160316467,0.2025921791791916,-0.3288652002811432,0.8841668367385864,0.4250166118144989,-0.2723892331123352,0.5344631671905518,0.40057462453842163,0.054278433322906494,1.0557873249053955,0.7648460268974304,-0.3389926254749298,0.45853370428085327,0.7208864092826843,0.04854917153716087,1.1772525310516357,0.9906693696975708,-0.5265234708786011,0.23465904593467712,0.7004644274711609,-0.41803988814353943,1.216009259223938,1.049041509628296,-0.568037211894989,0.1435839831829071,0.708687961101532,-0.4850265085697174,1.213269591331482,1.0269691944122314,-0.6368736028671265,0.13646923005580902,0.6861733794212341,-0.5629680156707764,1.1897809505462646,1.0124398469924927,-0.5645306706428528,0.16592714190483093,0.6817458271980286,-0.46888619661331177,0.7214537262916565,1.1045725345611572,-0.16471754014492035,0.4991000294685364,0.9896591305732727,0.16580942273139954,0.5933130979537964,1.4497032165527344,-0.2179141342639923,0.31177279353141785,1.227100133895874,-0.23968474566936493,0.5366179943084717,1.9485647678375244,0.1961158663034439,0.34996792674064636,1.8255198001861572,0.14025062322616577,0.5622210502624512,2.035663366317749,0.2247837781906128,0.38930264115333557,1.8944306373596191,0.17149847745895386,0.4289820194244385,2.066372871398926,-0.08912958204746246,0.2586140036582947,2.025453805923462,-0.09504213184118271
162,TEST,HIGH MOVEMENT,0.587133526802063,0.1377544403076172,-0.5616663694381714,0.6232527494430542,0.08131387084722519,-0.5884291529655457,0.6419930458068848,0.08097686618566513,-0.5888545513153076,0.6623655557632446,0.08109273761510849,-0.5894715189933777,0.5859121084213257,0.08297514915466309,-0.5350769758224487,0.57624751329422,0.08394960314035416,-0.5353273153305054,0.568119466304779,0.08473963290452957,-0.5361065864562988,0.720769464969635,0.11369004845619202,-0.5592299699783325,0.5951260924339294,0.12000421434640884,-0.2732807695865631,0.6167742013931274,0.2058902084827423,-0.5477686524391174,0.5763920545578003,0.20138096809387207,-0.4670702815055847,0.8844258189201355,0.4155293107032776,-0.4334978461265564,0.5303864479064941,0.39821723103523254,-0.06325593590736389,1.102342963218689,0.5801576375961304,-0.42150941491127014,0.4556632936000824,0.7123511433601379,0.22524809837341309,1.256491780281067,0.6851359009742737,-0.5762269496917725,0.2242755889892578,0.6999375224113464,0.27383723855018616,1.3092525005340576,0.7122710943222046,-0.6152766942977905,0.13815917074680328,0.7097289562225342,0.2951066195964813,1.3041155338287354,0.6926801800727844,-0.6833258867263794,0.12897539138793945,0.6893209218978882,0.20615553855895996,1.2785509824752808,0.6854204535484314,-0.6161548495292664,0.15956862270832062,0.683132529258728,0.23381265997886658,0.7204425930976868,1.060943841934204,-0.17555001378059387,0.5036946535110474,0.9615117907524109,0.1763613224029541,0.6267101764678955,1.471727967262268,-0.09187913686037064,0.3879508972167969,1.2650456428527832,0.2372814416885376,0.5784424543380737,1.9880417585372925,0.5373701453208923,0.4047276973724365,1.797613501548767,0.8811085820198059,0.6018399596214294,2.070845603942871,0.5890597105026245,0.42413759231567383,1.856966257095337,0.9392250776290894,0.4812581539154053,2.101714611053467,0.24164168536663055,0.3531283736228943,1.954668402671814,0.6670676469802856
163,TEST,MOVING,0.5835773944854736,0.13680562376976013,-0.5680093169212341,0.6164457201957703,0.08070806413888931,-0.6043812036514282,0.6331256628036499,0.08030948042869568,-0.6047067046165466,0.6515293121337891,0.08017704635858536,-0.6054341197013855,0.5823458433151245,0.08142159134149551,-0.5475302338600159,0.5734270215034485,0.08196435868740082,-0.5476080775260925,0.5661371946334839,0.08247263729572296,-0.5484394431114197,0.7155686616897583,0.11302092671394348,-0.5938687920570374,0.5961877107620239,0.11687398701906204,-0.2889685034751892,0.61195307970047,0.20445792376995087,-0.5694414377212524,0.5758381485939026,0.2008330523967743,-0.48301371932029724,0.8832477331161499,0.4077964127063751,-0.4948423504829407,0.5299628973007202,0.3974786698818207,-0.06575178354978561,1.106174349784851,0.5552292466163635,-0.4466865062713623,0.4533373713493347,0.7081441879272461,0.29900258779525757,1.2620593309402466,0.6454139947891235,-0.5397785305976868,0.2247789353132248,0.7003345489501953,0.3998125195503235,1.3129386901855469,0.6712274551391602,-0.5750497579574585,0.1451110541820526,0.7103685736656189,0.4331771731376648,1.3136407136917114,0.647763192653656,-0.6444599628448486,0.13461214303970337,0.6899550557136536,0.33770087361335754,1.2874343395233154,0.6413165926933289,-0.5792872309684753,0.1621333211660385,0.6862784624099731,0.35890862345695496,0.7201352119445801,1.0457911491394043,-0.19143952429294586,0.5109114050865173,0.9532798528671265,0.19208142161369324,0.6326464414596558,1.479444980621338,-0.11166466772556305,0.39169761538505554,1.290527582168579,0.2745981812477112,0.5818208456039429,2.0022804737091064,0.4961978495121002,0.3979661166667938,1.8161354064941406,0.8699864149093628,0.6046798229217529,2.079712390899658,0.5432626008987427,0.41552335023880005,1.8735953569412231,0.9232007265090942,0.48492127656936646,2.1177098751068115,0.1843576431274414,0.34967073798179626,1.969039797782898,0.6350849866867065
164,TEST,HIGH MOVEMENT,0.5843633413314819,0.13618852198123932,-0.5810588002204895,0.6182196736335754,0.07894046604633331,-0.6074225306510925,0.6354789137840271,0.07876294106245041,-0.6077831983566284,0.6545764803886414,0.07881482690572739,-0.6083775758743286,0.5824637413024902,0.07936925441026688,-0.5494856834411621,0.5731755495071411,0.07983715087175369,-0.5495926737785339,0.5653632879257202,0.08029202371835709,-0.5504068732261658,0.718753457069397,0.11124841123819351,-0.5901170969009399,0.5969786047935486,0.11496448516845703,-0.27402791380882263,0.6134771108627319,0.20335753262043,-0.5680461525917053,0.5776883363723755,0.19956183433532715,-0.4828498363494873,0.8869274258613586,0.40840286016464233,-0.4536220133304596,0.5347481369972229,0.39647114276885986,-0.06568943709135056,1.083148717880249,0.5817020535469055,-0.44198209047317505,0.4579162001609802,0.7084722518920898,0.1568111628293991,1.208724021911621,0.7445653080940247,-0.6144878268241882,0.23034915328025818,0.7001126408576965,-0.011102075688540936,1.2509377002716064,0.7987581491470337,-0.6649397611618042,0.1495765596628189,0.7099081873893738,-0.02448340132832527,1.245889663696289,0.8082563281059265,-0.7220034003257751,0.13798406720161438,0.6893988251686096,-0.0958973839879036,1.2221399545669556,0.7875917553901672,-0.6470179557800293,0.16745828092098236,0.6856382489204407,-0.05010216683149338,0.7198721766471863,1.0574443340301514,-0.1761033833026886,0.5114757418632507,0.9544185996055603,0.1771223545074463,0.6450868844985962,1.485835313796997,-0.12781624495983124,0.3795446753501892,1.3002946376800537,-0.0031005539931356907,0.5902625322341919,2.0100255012512207,0.41844838857650757,0.39430099725723267,1.8343615531921387,0.5384162068367004,0.612634539604187,2.0907819271087646,0.4600149691104889,0.4135860502719879,1.8960669040679932,0.5851780772209167,0.49012112617492676,2.1184804439544678,0.09527759999036789,0.34131762385368347,1.9991940259933472,0.45346617698669434
165,TEST,HIGH MOVEMENT,0.5914512872695923,0.138445183634758,-0.54860520362854,0.6252933144569397,0.08358240872621536,-0.5512445569038391,0.6438223123550415,0.08371349424123764,-0.551502525806427,0.6635660529136658,0.08423218131065369,-0.5517681241035461,0.591221034526825,0.08476831763982773,-0.5054579377174377,0.5824363231658936,0.08565756678581238,-0.5056565999984741,0.5744976997375488,0.08648767322301865,-0.5064146518707275,0.725288987159729,0.11833181232213974,-0.4514484405517578,0.6051770448684692,0.11929266154766083,-0.22728212177753448,0.6193718314170837,0.20485390722751617,-0.5064940452575684,0.5839232206344604,0.20212621986865997,-0.44036468863487244,0.886687159538269,0.4087104797363281,-0.32689806818962097,0.5382025241851807,0.40007612109184265,-0.0577487051486969,1.1002914905548096,0.5731014013290405,-0.38173162937164307,0.45708751678466797,0.7090544104576111,0.046945370733737946,1.2538224458694458,0.6790043711662292,-0.5987778902053833,0.23243267834186554,0.6964055895805359,-0.2992638051509857,1.3020431995391846,0.7100089192390442,-0.6521512269973755,0.15103237330913544,0.7083156108856201,-0.3540189266204834,1.298964262008667,0.685771107673645,-0.7219095826148987,0.13979825377464294,0.6869032382965088,-0.43272772431373596,1.2755988836288452,0.678499162197113,-0.6421881914138794,0.16809365153312683,0.6798914670944214,-0.3469680845737457,0.7041614651679993,1.0627058744430542,-0.17635475099086761,0.5106847286224365,0.9560689926147461,0.17739243805408478,0.6271961331367493,1.4335572719573975,-0.19103609025478363,0.32958805561065674,1.0634868144989014,-0.07566829770803452,0.5866205096244812,1.9107877016067505,0.3155622184276581,0.24263635277748108,1.582914113998413,0.37223589420318604,0.6069549322128296,2.0012259483337402,0.35266512632369995,0.2569822072982788,1.6610547304153442,0.40901845693588257,0.489549458026886,1.9891632795333862,0.06774687021970749,0.13444653153419495,1.7082874774932861,0.28540050983428955
166,TEST,HIGH MOVEMENT,0.5945955514907837,0.13617463409900665,-0.579578161239624,0.6313925981521606,0.08171024918556213,-0.5580814480781555,0.6522232890129089,0.0817558616399765,-0.5582054853439331,0.6742517948150635,0.08235587179660797,-0.5582079291343689,0.5931938886642456,0.08325305581092834,-0.5409716367721558,0.5839175581932068,0.08379650115966797,-0.5411628484725952,0.5753284692764282,0.08435297012329102,-0.5416920185089111,0.7332690358161926,0.11786869913339615,-0.4740264415740967,0.6082471609115601,0.11589469015598297,-0.2883073687553406,0.6246567964553833,0.20440132915973663,-0.5313413739204407,0.5877216458320618,0.20164698362350464,-0.4874269962310791,0.888687789440155,0.40831458568573,-0.3453018367290497,0.5429110527038574,0.3987862765789032,-0.17051169276237488,1.1102553606033325,0.5992853045463562,-0.37165889143943787,0.4618144631385803,0.7089408040046692,-0.0536692850291729,1.246585488319397,0.7319984436035156,-0.5829652547836304,0.23465800285339355,0.6860190033912659,-0.31303173303604126,1.2896090745925903,0.7698278427124023,-0.6278929710388184,0.15252164006233215,0.6999891400337219,-0.35240665078163147,1.2892961502075195,0.7384117245674133,-0.6976584792137146,0.14201340079307556,0.6773635149002075,-0.4528506398200989,1.2653344869613647,0.7313405871391296,-0.6253604888916016,0.17154745757579803,0.6714540123939514,-0.365703284740448,0.6872371435165405,1.048295259475708,-0.1533323973417282,0.5092349052429199,0.9380491375923157,0.15466788411140442,0.5851364135742188,1.2564605474472046,-0.12428395450115204,0.2741308808326721,0.8920120596885681,-0.019012678414583206,0.5595571398735046,1.6744729280471802,0.38211381435394287,0.24989187717437744,1.2647497653961182,0.43251729011535645,0.5769174098968506,1.7368448972702026,0.4241122305393219,0.27742284536361694,1.3137874603271484,0.48069891333580017,0.48629242181777954,1.8016223907470703,0.23750850558280945,0.14410951733589172,1.3906749486923218,0.3879314363002777
167,TEST,HIGH MOVEMENT,0.597594141960144,0.13574320077896118,-0.6470018625259399,0.6336380243301392,0.08059898018836975,-0.6404179930686951,0.654049813747406,0.08060025423765182,-0.6406503915786743,0.6762744188308716,0.08115100860595703,-0.6407960653305054,0.5950501561164856,0.08191226422786713,-0.6101449131965637,0.5858702659606934,0.08243664354085922,-0.6103610396385193,0.5771239399909973,0.08297666907310486,-0.6109176874160767,0.7362332940101624,0.11649276316165924,-0.5421028137207031,0.6114603281021118,0.11516132950782776,-0.354264497756958,0.6287709474563599,0.20383961498737335,-0.602398693561554,0.5916375517845154,0.20088814198970795,-0.5487909317016602,0.8905708193778992,0.4074583947658539,-0.3715009093284607,0.5500624179840088,0.39834100008010864,-0.21495027840137482,1.1173514127731323,0.6138116121292114,-0.39987391233444214,0.4617310166358948,0.7034816145896912,-0.10013656318187714,1.2452709674835205,0.762897253036499,-0.6083335876464844,0.2337447851896286,0.6733319759368896,-0.3445858359336853,1.2877726554870605,0.8084173798561096,-0.6562033891677856,0.15228679776191711,0.6869378685951233,-0.3748423457145691,1.2881767749786377,0.7768758535385132,-0.7245407104492188,0.14125710725784302,0.6620581746101379,-0.4849669337272644,1.2643311023712158,0.7642771601676941,-0.6492065787315369,0.17043839395046234,0.6570993065834045,-0.39919808506965637,0.6750991344451904,1.0414001941680908,-0.15345516800880432,0.5095150470733643,0.9302961230278015,0.1547480970621109,0.5410585999488831,1.2774356603622437,-0.1177571639418602,0.2803116738796234,0.9033836126327515,0.08842173218727112,0.4990669786930084,1.6460742950439453,0.41630131006240845,0.1629219800233841,1.2468550205230713,0.5210295915603638,0.5185528993606567,1.7044107913970947,0.45892977714538574,0.17201009392738342,1.3076499700546265,0.5641517639160156,0.4189658761024475,1.7419778108596802,0.26846742630004883,0.025322794914245605,1.3272173404693604,0.44639843702316284
168,TEST,HIGH MOVEMENT,0.597945511341095,0.1363832801580429,-0.6924552917480469,0.6345474123954773,0.08153976500034332,-0.7001242637634277,0.6541427969932556,0.08152152597904205,-0.7004657983779907,0.6758800745010376,0.08194471150636673,-0.700722336769104,0.5961822867393494,0.08148711174726486,-0.6568392515182495,0.5869373679161072,0.08168274909257889,-0.6570740342140198,0.5784748792648315,0.08200881630182266,-0.6578237414360046,0.7360306978225708,0.11622797697782516,-0.6122925281524658,0.6163915395736694,0.11412739008665085,-0.38626277446746826,0.6287804841995239,0.20515291392803192,-0.6510599851608276,0.5926297903060913,0.202300027012825,-0.5846887826919556,0.8958328366279602,0.40803229808807373,-0.45175355672836304,0.551780104637146,0.3985912501811981,-0.22252027690410614,1.1176316738128662,0.6225182414054871,-0.4566255211830139,0.46284040808677673,0.7005993127822876,-0.016543753445148468,1.2379257678985596,0.7769508361816406,-0.733677327632904,0.23370763659477234,0.6703145503997803,-0.16532301902770996,1.2758514881134033,0.825286328792572,-0.7898823022842407,0.15210792422294617,0.6871597170829773,-0.1896725594997406,1.2746323347091675,0.7933048605918884,-0.8789790868759155,0.1410563886165619,0.6626322865486145,-0.28467243909835815,1.251883864402771,0.7786888480186462,-0.7840957641601562,0.17014969885349274,0.6578623056411743,-0.21181687712669373,0.6797057390213013,1.0433900356292725,-0.15184561908245087,0.5162239670753479,0.9345226287841797,0.1531492918729782,0.5692719221115112,1.3575412034988403,0.04245071858167648,0.34690141677856445,1.0343507528305054,0.32424360513687134,0.5266706943511963,1.7248883247375488,0.7065404653549194,0.3027959167957306,1.46657395362854,1.0431435108184814,0.5439055562019348,1.801047921180725,0.7638416290283203,0.31906184554100037,1.5288848876953125,1.1116387844085693,0.44240802526474,1.8083921670913696,0.48770958185195923,0.19221828877925873,1.5932528972625732,0.9386923909187317
169,TEST,HIGH MOVEMENT,0.6007691025733948,0.1360160857439041,-0.6822947263717651,0.6379781365394592,0.08117414265871048,-0.6918178200721741,0.6572673916816711,0.08111005276441574,-0.6921679377555847,0.678663969039917,0.08150080591440201,-0.6921919584274292,0.5989343523979187,0.0809684619307518,-0.6398535966873169,0.5893179774284363,0.08107054233551025,-0.6400119662284851,0.5806533098220825,0.0813189297914505,-0.6407356858253479,0.7390443086624146,0.11577120423316956,-0.5708000659942627,0.6187442541122437,0.11332836747169495,-0.3466920554637909,0.631759762763977,0.20470190048217773,-0.6503632068634033,0.5954312086105347,0.2018865942955017,-0.5623409152030945,0.8950265049934387,0.40775400400161743,-0.419478178024292,0.5552618503570557,0.3981474041938782,-0.17704392969608307,1.1129475831985474,0.6275337338447571,-0.4246898591518402,0.4662041664123535,0.6999710202217102,0.0072115762159228325,1.2342026233673096,0.7829564213752747,-0.6929917931556702,0.23413875699043274,0.6706226468086243,-0.18448159098625183,1.2728627920150757,0.8320852518081665,-0.7456015944480896,0.15199020504951477,0.687711775302887,-0.21433410048484802,1.2708009481430054,0.7967800498008728,-0.8408734202384949,0.14083346724510193,0.6628943085670471,-0.31479161977767944,1.248313307762146,0.7798287868499756,-0.7477363348007202,0.16998493671417236,0.6582557559013367,-0.2349516600370407,0.6792465448379517,1.0447266101837158,-0.1523674726486206,0.5178755521774292,0.9378027319908142,0.153659850358963,0.5580059289932251,1.3876208066940308,-0.03217041492462158,0.3409774899482727,1.0645396709442139,0.19703146815299988,0.5002555847167969,1.789399266242981,0.5684782862663269,0.26233547925949097,1.5252200365066528,0.7563406229019165,0.5177978277206421,1.8668212890625,0.6155343651771545,0.2739270031452179,1.5936440229415894,0.8055831789970398,0.4075843393802643,1.8735986948013306,0.33313167095184326,0.14855536818504333,1.6554981470108032,0.5970231890678406
170,TEST,HIGH MOVEMENT,0.6014940738677979,0.13757118582725525,-0.651825487613678,0.6385948061943054,0.08387058228254318,-0.6665399670600891,0.6572237014770508,0.08421175926923752,-0.6669980883598328,0.6782504320144653,0.08491348475217819,-0.6674119830131531,0.6006678938865662,0.08263414353132248,-0.6080330014228821,0.5914548635482788,0.0826849490404129,-0.6080880165100098,0.5833787322044373,0.08286973834037781,-0.6090379953384399,0.7391470074653625,0.11991444230079651,-0.562081515789032,0.6248064041137695,0.1153457909822464,-0.29704248905181885,0.6320005059242249,0.2066296637058258,-0.6155368089675903,0.5964282155036926,0.2048567682504654,-0.5257322192192078,0.8958636522293091,0.4079003632068634,-0.4239709973335266,0.5556679964065552,0.398620069026947,-0.10592744499444962,1.1082179546356201,0.6299586892127991,-0.4811636805534363,0.4671279489994049,0.7015668749809265,-0.003778154728934169,1.224145770072937,0.7864841818809509,-0.7662748694419861,0.23877358436584473,0.6748397946357727,-0.35484978556632996,1.2615844011306763,0.8352609276771545,-0.8341719508171082,0.15731431543827057,0.6925662755966187,-0.4101366102695465,1.2571406364440918,0.8010293841362,-0.9156955480575562,0.14726100862026215,0.6678687930107117,-0.496650367975235,1.2351937294006348,0.7806041240692139,-0.8132882118225098,0.1768384873867035,0.6627376675605774,-0.40571314096450806,0.681695818901062,1.0458366870880127,-0.16585533320903778,0.5189517140388489,0.9395328760147095,0.1670975387096405,0.5880241990089417,1.4778046607971191,-0.06376870721578598,0.37572282552719116,1.1962310075759888,0.25404593348503113,0.5298298597335815,1.9267449378967285,0.5143364071846008,0.3364076018333435,1.6663744449615479,0.8588489294052124,0.5509477853775024,2.00789213180542,0.5590524673461914,0.3471960425376892,1.7328064441680908,0.9097716212272644,0.4269729554653168,2.023754596710205,0.2866758406162262,0.2623264193534851,1.7932971715927124,0.6619685888290405
171,TEST,MOVING,0.6011155843734741,0.1422615945339203,-0.6491182446479797,0.6382648944854736,0.08781976997852325,-0.6627414226531982,0.6569869518280029,0.08849246799945831,-0.6631302833557129,0.6780681610107422,0.08923888206481934,-0.6635875105857849,0.6000903844833374,0.08533409237861633,-0.6078606843948364,0.5908136963844299,0.08523014187812805,-0.6079688668251038,0.582653284072876,0.08515700697898865,-0.6088312864303589,0.738858699798584,0.12271371483802795,-0.5718547105789185,0.6232206225395203,0.11872056871652603,-0.3095804452896118,0.6317812204360962,0.21191437542438507,-0.6106492280960083,0.5958911776542664,0.2108665406703949,-0.5282528400421143,0.8955436944961548,0.4079428017139435,-0.4555196166038513,0.5554602742195129,0.40467628836631775,-0.10928203910589218,1.1082727909088135,0.6135210394859314,-0.4865879416465759,0.4668401777744293,0.7020681500434875,-0.00043367454782128334,1.2388362884521484,0.7538034915924072,-0.7516773343086243,0.23939749598503113,0.6768897175788879,-0.225742906332016,1.2835392951965332,0.7969900965690613,-0.8267025947570801,0.15847714245319366,0.6949700713157654,-0.2534577250480652,1.2808749675750732,0.7661869525909424,-0.8844877481460571,0.14819076657295227,0.6694351434707642,-0.34846168756484985,1.255446434020996,0.7533380389213562,-0.8090246915817261,0.17762956023216248,0.6647883653640747,-0.2766324281692505,0.6849331259727478,1.047333836555481,-0.16670545935630798,0.5210173726081848,0.9414383769035339,0.16777387261390686,0.6065929532051086,1.4908695220947266,-0.016370132565498352,0.40766581892967224,1.219941258430481,0.3806180953979492,0.5489128828048706,1.9490360021591187,0.6180957555770874,0.35563382506370544,1.6732921600341797,0.9924579858779907,0.5712220072746277,2.0251638889312744,0.6692862510681152,0.3615671992301941,1.7402464151382446,1.044438123703003,0.4445839822292328,2.0585131645202637,0.35215967893600464,0.28707924485206604,1.7940852642059326,0.7939168810844421
172,TEST,MOVING,0.6008369326591492,0.14995931088924408,-0.6487950682640076,0.6380653977394104,0.0952197015285492,-0.6587505340576172,0.6568831205368042,0.09588698297739029,-0.6591135859489441,0.6777275204658508,0.09637551009654999,-0.659546971321106,0.5996655821800232,0.09186388552188873,-0.604444146156311,0.5903258919715881,0.09149105101823807,-0.6045653820037842,0.5820937752723694,0.09112454950809479,-0.6053979396820068,0.7385896444320679,0.12711669504642487,-0.5663856267929077,0.6221333742141724,0.1253761649131775,-0.3091895580291748,0.6316202282905579,0.21844691038131714,-0.6089152097702026,0.5954969525337219,0.21825800836086273,-0.5267980098724365,0.8954232335090637,0.4080275595188141,-0.4496878683567047,0.5553030371665955,0.41064825654029846,-0.11332100629806519,1.1061532497406006,0.6057635545730591,-0.48503535985946655,0.4684867858886719,0.7041285037994385,-0.016094312071800232,1.2363125085830688,0.739590048789978,-0.7423977851867676,0.2418300211429596,0.6770591735839844,-0.28653937578201294,1.2802660465240479,0.7797768712043762,-0.8228769302368164,0.1607263833284378,0.6951076984405518,-0.32637330889701843,1.2782881259918213,0.7501248717308044,-0.8671748042106628,0.14986756443977356,0.6695515513420105,-0.4133071303367615,1.2533962726593018,0.7402265667915344,-0.8035284280776978,0.17969325184822083,0.6649320125579834,-0.33516544103622437,0.6856654286384583,1.047766089439392,-0.1664808988571167,0.5217891335487366,0.9431654810905457,0.1674286127090454,0.607669472694397,1.4866544008255005,-0.0041105193085968494,0.40464991331100464,1.2063313722610474,0.3862399756908417,0.5518311262130737,1.9426571130752563,0.613866925239563,0.35035187005996704,1.655245065689087,0.9860440492630005,0.5739205479621887,2.023951530456543,0.6632782220840454,0.35850176215171814,1.7248587608337402,1.0376791954040527,0.4475078582763672,2.048543691635132,0.3580250144004822,0.2736302316188812,1.758175015449524,0.8096416592597961
173,TEST,MOVING,0.6005016565322876,0.15055806934833527,-0.6482511162757874,0.6375068426132202,0.09566857665777206,-0.655748724937439,0.6559826135635376,0.09647605568170547,-0.6561090350151062,0.6758353114128113,0.09703567624092102,-0.6565223932266235,0.5993915796279907,0.09225864708423615,-0.602200448513031,0.5899587273597717,0.09197056293487549,-0.6023306250572205,0.5817774534225464,0.09168078005313873,-0.6031335592269897,0.7370249032974243,0.1278354972600937,-0.5655357241630554,0.622523307800293,0.12671010196208954,-0.31024885177612305,0.6307513117790222,0.21981637179851532,-0.6060601472854614,0.5952397584915161,0.21941353380680084,-0.5253235101699829,0.8952590227127075,0.408856600522995,-0.44717851281166077,0.5549877285957336,0.4129091799259186,-0.1207284927368164,1.1052711009979248,0.6066592335700989,-0.4811432361602783,0.4703887403011322,0.7056450247764587,-0.03295288234949112,1.231548547744751,0.7323774695396423,-0.7236596345901489,0.24295108020305634,0.6772539615631104,-0.33531689643859863,1.2743138074874878,0.771892786026001,-0.7930539846420288,0.16093628108501434,0.6952289342880249,-0.37565481662750244,1.2721562385559082,0.7427462935447693,-0.8591960668563843,0.15018399059772491,0.6696646809577942,-0.463606595993042,1.2480390071868896,0.7320468425750732,-0.7838709950447083,0.1805524379014969,0.6650611162185669,-0.3846026659011841,0.6870678663253784,1.0484535694122314,-0.1621338129043579,0.5218186974525452,0.9439341425895691,0.16288958489894867,0.6130632758140564,1.496728777885437,0.0019733516965061426,0.39901986718177795,1.2095069885253906,0.3636136054992676,0.5578654408454895,1.9508451223373413,0.609441876411438,0.34458020329475403,1.6542513370513916,0.9609040021896362,0.5785244703292847,2.025082588195801,0.6575325727462769,0.35782483220100403,1.7224096059799194,1.012044906616211,0.46023303270339966,2.0664849281311035,0.3387717306613922,0.26773056387901306,1.758766531944275,0.7669662237167358
174,TEST,HIGH MOVEMENT,0.6031873822212219,0.15053485333919525,-0.6111735701560974,0.6392837762832642,0.09607570618391037,-0.6204054355621338,0.656927764415741,0.09675419330596924,-0.620753288269043,0.6764277219772339,0.0973605066537857,-0.6210579872131348,0.6023831963539124,0.09279818832874298,-0.5677866339683533,0.5932958722114563,0.09254001080989838,-0.5680779814720154,0.5854945778846741,0.09224842488765717,-0.56889808177948,0.7384201288223267,0.129006490111351,-0.5450766682624817,0.6265460252761841,0.12618903815746307,-0.2860834002494812,0.6329309344291687,0.2195264995098114,-0.5758390426635742,0.5986327528953552,0.21924857795238495,-0.4973159432411194,0.9008101224899292,0.41203615069389343,-0.402676522731781,0.5626963376998901,0.4119090139865875,-0.12780596315860748,1.1075037717819214,0.6588271856307983,-0.4290980398654938,0.4700082242488861,0.6964743733406067,-0.008094660006463528,1.2356376647949219,0.8205894827842712,-0.7156960964202881,0.24382361769676208,0.6694371104240417,-0.2671625316143036,1.276810884475708,0.8699461221694946,-0.7796878218650818,0.1616177260875702,0.6898313164710999,-0.3187238276004791,1.2761380672454834,0.8406693339347839,-0.8490378260612488,0.15274691581726074,0.6656551361083984,-0.41647452116012573,1.2518742084503174,0.827090322971344,-0.7679353952407837,0.18199649453163147,0.661485493183136,-0.32011693716049194,0.6875194907188416,1.0483038425445557,-0.1597331017255783,0.521661102771759,0.944042980670929,0.1608504056930542,0.5937544107437134,1.4240362644195557,-0.02067108452320099,0.36875683069229126,1.0719342231750488,0.3012469410896301,0.5484196543693542,1.8443541526794434,0.5877408981323242,0.2711683511734009,1.53107750415802,0.8755226135253906,0.5689902305603027,1.9252461194992065,0.6373546123504639,0.28333407640457153,1.6020596027374268,0.92695152759552,0.45295199751853943,1.9254933595657349,0.3096602261066437,0.1657644361257553,1.6584384441375732,0.7154804468154907
175,TEST,HIGH MOVEMENT,0.60194993019104,0.15029223263263702,-0.5594474077224731,0.6378841400146484,0.09597279131412506,-0.5728776454925537,0.6551823019981384,0.09657248854637146,-0.573240339756012,0.6737298965454102,0.09713518619537354,-0.5734747648239136,0.6022545695304871,0.092391736805439,-0.5191643238067627,0.5929301977157593,0.09195052832365036,-0.5194262266159058,0.5851475596427917,0.09146174788475037,-0.5201983451843262,0.7379332780838013,0.12877283990383148,-0.517839789390564,0.6270178556442261,0.1239219456911087,-0.2513144612312317,0.6314041018486023,0.2190941870212555,-0.5317360162734985,0.598089337348938,0.21893008053302765,-0.452570378780365,0.8961620330810547,0.4017903506755829,-0.395336776971817,0.5637688040733337,0.4022221863269806,-0.11187708377838135,1.1063668727874756,0.6263551712036133,-0.43649131059646606,0.4706333577632904,0.6829769611358643,0.09950441122055054,1.2589949369430542,0.7600441575050354,-0.7351499795913696,0.24495092034339905,0.664230227470398,-0.051022808998823166,1.3084955215454102,0.7982409000396729,-0.7993375062942505,0.16396285593509674,0.6896531581878662,-0.07497663795948029,1.3128809928894043,0.7689239978790283,-0.8852327466011047,0.15422694385051727,0.6657788753509521,-0.17688320577144623,1.285926103591919,0.7610200643539429,-0.7884269952774048,0.1833157241344452,0.6610817313194275,-0.10284968465566635,0.687798261642456,1.0441035032272339,-0.15898600220680237,0.5213771462440491,0.9322424530982971,0.16012781858444214,0.5838003754615784,1.4125131368637085,-0.031025480479002,0.3680519461631775,1.0611193180084229,0.2926384508609772,0.522194504737854,1.8197417259216309,0.5528229475021362,0.2706606984138489,1.5051459074020386,0.7959526777267456,0.5390968322753906,1.8916585445404053,0.5945605039596558,0.28130143880844116,1.5733234882354736,0.8430026173591614,0.4298354685306549,1.9085248708724976,0.3044065833091736,0.16862580180168152,1.6282187700271606,0.6873372793197632
176,TEST,MOVING,0.6017637848854065,0.15091298520565033,-0.5443723201751709,0.6377605199813843,0.09623469412326813,-0.5537880659103394,0.6551297903060913,0.09657872468233109,-0.5541988015174866,0.6735233068466187,0.09693315625190735,-0.5545042753219604,0.6019436120986938,0.09358929097652435,-0.5055673122406006,0.5926464200019836,0.09334183484315872,-0.5057752132415771,0.5848557949066162,0.09307175129652023,-0.5065492391586304,0.7377867102622986,0.12887707352638245,-0.473064124584198,0.6265684366226196,0.12466250360012054,-0.2302449643611908,0.6314167380332947,0.21868877112865448,-0.5070297718048096,0.5977867841720581,0.21895334124565125,-0.4356418251991272,0.8926669359207153,0.3978133201599121,-0.3517688810825348,0.5637721419334412,0.4020565450191498,-0.09234501421451569,1.1039369106292725,0.6195417046546936,-0.39481282234191895,0.4797701835632324,0.6831945776939392,0.09698854386806488,1.2559715509414673,0.7549835443496704,-0.656278669834137,0.2538933753967285,0.6644664406776428,-0.10161355882883072,1.305147647857666,0.7944344282150269,-0.717582106590271,0.17087151110172272,0.689721941947937,-0.13375645875930786,1.3093867301940918,0.7654435634613037,-0.809184193611145,0.16213369369506836,0.6666367053985596,-0.23464719951152802,1.2816247940063477,0.7573705911636353,-0.7093948125839233,0.19294169545173645,0.6612740159034729,-0.15359783172607422,0.6880605816841125,1.0437262058258057,-0.1580081731081009,0.5218027234077454,0.9329330325126648,0.15903224050998688,0.580670952796936,1.4202431440353394,-0.060664426535367966,0.36354750394821167,1.0742689371109009,0.26125696301460266,0.5158601403236389,1.838788390159607,0.44607987999916077,0.25317007303237915,1.5348645448684692,0.7005172967910767,0.5338879227638245,1.9116778373718262,0.4803522527217865,0.25976723432540894,1.6023566722869873,0.73850417137146,0.4237503111362457,1.9329833984375,0.1762523353099823,0.16167455911636353,1.6637920141220093,0.5155683755874634
177,TEST,HIGH MOVEMENT,0.6036914587020874,0.1560102254152298,-0.5103435516357422,0.639117956161499,0.10124112665653229,-0.5139696002006531,0.6561989784240723,0.10158351063728333,-0.5142965316772461,0.674557089805603,0.10195372253656387,-0.5144614577293396,0.6035598516464233,0.09860845655202866,-0.4696784019470215,0.5942903757095337,0.09817535430192947,-0.4699257016181946,0.5864051580429077,0.0977436825633049,-0.4706040024757385,0.7378674745559692,0.1326015442609787,-0.4211196303367615,0.627939760684967,0.1279572695493698,-0.19859977066516876,0.6332467198371887,0.2225978672504425,-0.46840351819992065,0.5996774435043335,0.2232387512922287,-0.4029195308685303,0.8920639157295227,0.3947629928588867,-0.2921416759490967,0.5670050382614136,0.4020789563655853,-0.07200290262699127,1.1056095361709595,0.6112123727798462,-0.34457898139953613,0.484733521938324,0.6834449172019958,0.0854114517569542,1.2620906829833984,0.7477609515190125,-0.6140927672386169,0.2599298357963562,0.6645534634590149,-0.12421596050262451,1.3128092288970947,0.7845622897148132,-0.6760494112968445,0.18075130879878998,0.6887003183364868,-0.14731326699256897,1.3147003650665283,0.7547294497489929,-0.7591109275817871,0.17519783973693848,0.666756808757782,-0.24439677596092224,1.2868802547454834,0.7482978701591492,-0.6657357811927795,0.20439226925373077,0.6612848043441772,-0.17137044668197632,0.6882601380348206,1.0425957441329956,-0.15815715491771698,0.5270018577575684,0.9334805607795715,0.15922138094902039,0.5749307870864868,1.3739380836486816,-0.1265069544315338,0.35846492648124695,1.0049159526824951,0.07326985895633698,0.5078190565109253,1.7873212099075317,0.35230544209480286,0.24105994403362274,1.4901608228683472,0.4883241057395935,0.5268491506576538,1.8638731241226196,0.3858937621116638,0.251385360956192,1.5647724866867065,0.5234474539756775,0.41446027159690857,1.864838719367981,0.10861580073833466,0.128765270113945,1.6171691417694092,0.32413652539253235
178,TEST,MOVING,0.6075412034988403,0.1558239758014679,-0.5330711603164673,0.6427397727966309,0.1009182259440422,-0.5374436974525452,0.6596876382827759,0.10109908133745193,-0.5378075242042542,0.6780580282211304,0.10133076459169388,-0.5380481481552124,0.6071972846984863,0.0983940064907074,-0.4920811653137207,0.5977724194526672,0.09786629676818848,-0.49233999848365784,0.5897663235664368,0.09738413244485855,-0.49307528138160706,0.741256594657898,0.13252225518226624,-0.4393008351325989,0.6309391260147095,0.1276322454214096,-0.21416178345680237,0.6379200220108032,0.22240282595157623,-0.4905247688293457,0.6033018827438354,0.22274117171764374,-0.4235563278198242,0.8946404457092285,0.39539751410484314,-0.31014078855514526,0.57013338804245,0.40045520663261414,-0.07326297461986542,1.1052861213684082,0.6116639375686646,-0.3732413649559021,0.4890616834163666,0.6818996667861938,-0.058138489723205566,1.2577381134033203,0.7402287125587463,-0.6904259324073792,0.2682785391807556,0.6572185754776001,-0.456565797328949,1.3064771890640259,0.776203989982605,-0.7641631364822388,0.18887260556221008,0.6799948215484619,-0.5200297236442566,1.3082683086395264,0.7426320314407349,-0.8497799634933472,0.18524479866027832,0.657996416091919,-0.6065534353256226,1.2822842597961426,0.7366173267364502,-0.7423135638237,0.21382947266101837,0.6527595520019531,-0.5073473453521729,0.6939414143562317,1.0390137434005737,-0.14746752381324768,0.5323678851127625,0.9319373369216919,0.14847925305366516,0.5800982713699341,1.3868223428726196,-0.11952167749404907,0.37248700857162476,1.0469375848770142,0.1923709213733673,0.5091755986213684,1.809363603591919,0.3766290545463562,0.2861604392528534,1.5225518941879272,0.7059754133224487,0.5290395021438599,1.885879635810852,0.41085442900657654,0.29988592863082886,1.5892460346221924,0.749671220779419,0.41549772024154663,1.8955366611480713,0.12029020488262177,0.19530418515205383,1.6507189273834229,0.5474125742912292
179,TEST,HIGH MOVEMENT,0.6078686714172363,0.15707477927207947,-0.43863940238952637,0.6425114274024963,0.10179583728313446,-0.45141878724098206,0.6595887541770935,0.10189177840948105,-0.4516754150390625,0.6773354411125183,0.10175249725580215,-0.45190292596817017,0.6078678369522095,0.09956096112728119,-0.39479589462280273,0.5994616746902466,0.09904138743877411,-0.39516595005989075,0.5925574898719788,0.09847245365381241,-0.3959274888038635,0.741113543510437,0.1321759819984436,-0.4066012501716614,0.6395595073699951,0.12801478803157806,-0.13441631197929382,0.6388971209526062,0.22277984023094177,-0.41537007689476013,0.60633385181427,0.22368961572647095,-0.3347596824169159,0.8995651006698608,0.39556217193603516,-0.29850974678993225,0.5809701681137085,0.39853742718696594,-0.013431456871330738,1.1192604303359985,0.6182765364646912,-0.3694217801094055,0.4899720549583435,0.6736343502998352,0.16861800849437714,1.2776236534118652,0.7441112399101257,-0.6684268712997437,0.2671048045158386,0.6518978476524353,0.030350208282470703,1.3274242877960205,0.7790009379386902,-0.7403013110160828,0.18688282370567322,0.6726296544075012,0.007786951959133148,1.3312480449676514,0.7462583184242249,-0.8200621604919434,0.1838240772485733,0.6556469202041626,-0.09093917906284332,1.3049163818359375,0.7371789216995239,-0.7202742099761963,0.21182473003864288,0.6513975262641907,-0.019795579835772514,0.6939184665679932,1.0401148796081543,-0.15690216422080994,0.5323876142501831,0.9323140382766724,0.1582868993282318,0.5190032720565796,1.3274741172790527,-0.18425974249839783,0.30233627557754517,0.9480199217796326,-0.08601376414299011,0.4248928427696228,1.7043415307998657,0.2893197238445282,0.20000715553760529,1.465688943862915,0.35385003685951233,0.4400712847709656,1.7746204137802124,0.32403475046157837,0.21775738894939423,1.53662109375,0.3916758894920349,0.32280296087265015,1.7666702270507812,0.04849996790289879,0.08522004634141922,1.6135599613189697,0.195993110537529
180,TEST,HIGH MOVEMENT,0.6112698316574097,0.15707683563232422,-0.45086246728897095,0.645704984664917,0.10230953991413116,-0.45823121070861816,0.6622816324234009,0.10245444625616074,-0.45852550864219666,0.6796428561210632,0.10230542719364166,-0.4588594436645508,0.6119534373283386,0.09991753846406937,-0.4089241921901703,0.6036497950553894,0.09934213012456894,-0.40926140546798706,0.596632182598114,0.09869382530450821,-0.40994954109191895,0.7432622909545898,0.1328887790441513,-0.3941706717014313,0.6419424414634705,0.12855975329875946,-0.15109369158744812,0.641126275062561,0.2227676510810852,-0.4200194478034973,0.609046995639801,0.2236165851354599,-0.34813016653060913,0.8986519575119019,0.39600270986557007,-0.2953391373157501,0.5862212181091309,0.39667809009552,-0.022154076024889946,1.11776864528656,0.6185067892074585,-0.3794817328453064,0.489194393157959,0.6590244174003601,0.14261171221733093,1.2747337818145752,0.7450945377349854,-0.6694853901863098,0.26592132449150085,0.6374300122261047,-0.028768349438905716,1.3247829675674438,0.7806148529052734,-0.7415391206741333,0.18566599488258362,0.6619119644165039,-0.0555572435259819,1.3242770433425903,0.7500404715538025,-0.8199332356452942,0.18177567422389984,0.6452970504760742,-0.15895608067512512,1.2967755794525146,0.7397705316543579,-0.7207924127578735,0.2098008692264557,0.640712559223175,-0.08082949370145798,0.6909928917884827,1.0404565334320068,-0.15916214883327484,0.5353683233261108,0.9311679601669312,0.16038836538791656,0.4766911566257477,1.279071569442749,-0.15368860960006714,0.30650490522384644,0.9480628967285156,-0.0006496434798464179,0.3456557095050812,1.6218255758285522,0.32562488317489624,0.16874650120735168,1.4198660850524902,0.4138181805610657,0.3558463752269745,1.68374502658844,0.36096277832984924,0.1773661971092224,1.490325689315796,0.4481019377708435,0.23833422362804413,1.675632357597351,0.10005533695220947,0.04696523770689964,1.5419021844863892,0.2599483132362366
181,TEST,HIGH MOVEMENT,0.598559558391571,0.14343219995498657,-0.47373637557029724,0.6326628923416138,0.09175198525190353,-0.47635722160339355,0.6502204537391663,0.09039779752492905,-0.4767216742038727,0.667603611946106,0.08828447014093399,-0.4772563576698303,0.5995801091194153,0.09025835245847702,-0.4348956048488617,0.5923693180084229,0.0890241339802742,-0.4351832866668701,0.5865647792816162,0.08786169439554214,-0.43596142530441284,0.7278938293457031,0.10671867430210114,-0.4347246289253235,0.6358927488327026,0.11193428188562393,-0.16703680157661438,0.6331453919410706,0.20884718000888824,-0.42080050706863403,0.6002147197723389,0.2090476155281067,-0.3666706383228302,0.8881072998046875,0.3832417130470276,-0.32278090715408325,0.5790475010871887,0.3743572235107422,-0.03493127599358559,1.1168469190597534,0.6071022748947144,-0.42431408166885376,0.4784248471260071,0.6436129808425903,0.14216364920139313,1.2786980867385864,0.7425409555435181,-0.7554925680160522,0.2601161003112793,0.6315383911132812,0.01911461167037487,1.3315619230270386,0.7793012857437134,-0.8330339193344116,0.17572030425071716,0.6512737274169922,0.001923054805956781,1.3343756198883057,0.7485665082931519,-0.9138703346252441,0.17341819405555725,0.632287323474884,-0.106836698949337,1.3051973581314087,0.7392252087593079,-0.8074763417243958,0.20371094346046448,0.628357470035553,-0.0344022698700428,0.68674635887146,1.0159382820129395,-0.16105948388576508,0.5266085863113403,0.9047530293464661,0.16240255534648895,0.5009196400642395,1.3165466785430908,-0.16862782835960388,0.311296284198761,0.988735556602478,-0.04362381994724274,0.39974382519721985,1.696273684501648,0.32127517461776733,0.19855056703090668,1.4256116151809692,0.4004419445991516,0.41814836859703064,1.7641347646713257,0.3558679223060608,0.20751850306987762,1.4961575269699097,0.4390689432621002,0.268634557723999,1.7652212381362915,0.052285335958004,0.08612237125635147,1.5936228036880493,0.2082318365573883
182,TEST,MOVING,0.5946553945541382,0.13842707872390747,-0.5361796617507935,0.6281113028526306,0.08649897575378418,-0.5412333607673645,0.6462163329124451,0.08454835414886475,-0.5415375232696533,0.6638343930244446,0.08157123625278473,-0.5418595671653748,0.5940316319465637,0.08535163849592209,-0.4965856075286865,0.586777925491333,0.08410794287919998,-0.49693822860717773,0.5809162855148315,0.08301578462123871,-0.49759441614151,0.7243492007255554,0.09652360528707504,-0.4936464726924896,0.6308727264404297,0.10527629405260086,-0.2523471415042877,0.6310850381851196,0.20166124403476715,-0.505000114440918,0.5970156192779541,0.20250177383422852,-0.4404947757720947,0.8868385553359985,0.37781044840812683,-0.38106510043144226,0.5765492916107178,0.36436727643013,-0.1261497288942337,1.116985559463501,0.6075375080108643,-0.4585970342159271,0.4751806855201721,0.6390482783317566,0.12534213066101074,1.293155312538147,0.7514603137969971,-0.7719533443450928,0.2559530436992645,0.6311748623847961,0.07324767112731934,1.3480727672576904,0.7842640280723572,-0.8422317504882812,0.1702788770198822,0.6498273015022278,0.07990865409374237,1.354640007019043,0.7550084590911865,-0.9240638613700867,0.16628962755203247,0.6300283074378967,-0.031492095440626144,1.3246008157730103,0.7485666871070862,-0.8238402605056763,0.19619758427143097,0.626859724521637,0.022968260571360588,0.6866263151168823,1.0081617832183838,-0.16116850078105927,0.5236666202545166,0.8972052931785583,0.1625278890132904,0.5161474943161011,1.3160713911056519,-0.19855672121047974,0.3073689937591553,0.9550212621688843,-0.10396961122751236,0.42321544885635376,1.6963143348693848,0.28146642446517944,0.18705615401268005,1.429301381111145,0.3206828534603119,0.44307199120521545,1.765377402305603,0.314983993768692,0.19853761792182922,1.499271273612976,0.35907280445098877,0.27981477975845337,1.759135127067566,0.036943547427654266,0.06448829919099808,1.5649324655532837,0.15879866480827332
183,TEST,HIGH MOVEMENT,0.5932567715644836,0.12698471546173096,-0.6351016759872437,0.628473162651062,0.07532142102718353,-0.6264092326164246,0.6465429067611694,0.07399691641330719,-0.6265817880630493,0.6641567945480347,0.07242106646299362,-0.6269253492355347,0.5928493738174438,0.07375846803188324,-0.5925382971763611,0.584438681602478,0.07204116135835648,-0.5928394794464111,0.5775727033615112,0.07083705067634583,-0.5932549238204956,0.722125232219696,0.09190358966588974,-0.5177133679389954,0.6230334043502808,0.09350910782814026,-0.34126174449920654,0.628808856010437,0.19098421931266785,-0.590049147605896,0.5915840864181519,0.19067397713661194,-0.5390123128890991,0.873622715473175,0.36976006627082825,-0.41514748334884644,0.5671535134315491,0.3456627130508423,-0.22015222907066345,1.1164791584014893,0.5419554114341736,-0.5960370302200317,0.4652334153652191,0.6245524287223816,0.059176139533519745,1.2908587455749512,0.5647433400154114,-0.9504642486572266,0.2484441101551056,0.6223943829536438,0.1267264485359192,1.346200942993164,0.5659468770027161,-1.0210316181182861,0.1624607890844345,0.643385112285614,0.1550232470035553,1.3505609035491943,0.5287125706672668,-1.0953614711761475,0.155911386013031,0.6229624152183533,0.048879224807024,1.322002649307251,0.5362913012504578,-1.001440405845642,0.18665704131126404,0.6195163726806641,0.08372531831264496,0.6731787919998169,0.9901214241981506,-0.15771779417991638,0.5203670263290405,0.8662102222442627,0.15886273980140686,0.41257748007774353,1.1473637819290161,-0.31166762113571167,0.27913737297058105,0.8767004013061523,0.08230023086071014,0.3095754086971283,1.3104177713394165,0.404898077249527,0.1520090401172638,1.1525588035583496,0.4222366213798523,0.3268306851387024,1.3336451053619385,0.48549920320510864,0.15717056393623352,1.199721097946167,0.4633552134037018,0.18771889805793762,1.357700228691101,0.45068225264549255,0.023595629259943962,1.2184172868728638,0.407254159450531
184,TEST,HIGH MOVEMENT,0.5921943783760071,0.12223386019468307,-0.606034517288208,0.627496600151062,0.07241871953010559,-0.6051629781723022,0.6452752351760864,0.07196775823831558,-0.6054030060768127,0.6623511910438538,0.07093458622694016,-0.6057299375534058,0.5921013355255127,0.06908164918422699,-0.5637699365615845,0.5837984085083008,0.06726079434156418,-0.5640671253204346,0.5770598649978638,0.06594478338956833,-0.5646184682846069,0.7213590145111084,0.09176488220691681,-0.515597939491272,0.6230948567390442,0.09053163230419159,-0.3042578399181366,0.6267222166061401,0.18757417798042297,-0.5667316913604736,0.5899761915206909,0.1859249770641327,-0.505060076713562,0.8747469186782837,0.3687548339366913,-0.40993133187294006,0.5666173696517944,0.3380284905433655,-0.17471854388713837,1.1157209873199463,0.5577583909034729,-0.5683550834655762,0.4703187346458435,0.6261250972747803,0.14690497517585754,1.2870599031448364,0.6315996050834656,-0.9032878875732422,0.2556081712245941,0.6241540908813477,0.23542189598083496,1.3443063497543335,0.6512579321861267,-0.9771754145622253,0.1762215793132782,0.644067108631134,0.2552969753742218,1.3484132289886475,0.6164818406105042,-1.0461212396621704,0.1650126427412033,0.6220058798789978,0.1556372046470642,1.3178856372833252,0.6160351037979126,-0.9508615732192993,0.19484786689281464,0.6177054643630981,0.19298091530799866,0.6737059354782104,0.986638605594635,-0.15903834998607635,0.5173987150192261,0.8708478212356567,0.16025038063526154,0.46075138449668884,1.2056740522384644,-0.2426508367061615,0.2893499433994293,0.923437774181366,-0.04425369203090668,0.3609195947647095,1.5173475742340088,0.3908436596393585,0.17374904453754425,1.26422119140625,0.44226402044296265,0.3717282712459564,1.57183837890625,0.46317625045776367,0.1777304708957672,1.3290244340896606,0.48912686109542847,0.25667044520378113,1.5762255191802979,0.36063939332962036,0.055815983563661575,1.2987922430038452,0.3387061059474945
185,TEST,HIGH MOVEMENT,0.5922723412513733,0.11946148425340652,-0.642585039138794,0.628444492816925,0.06866918504238129,-0.6476339101791382,0.6461402177810669,0.06855590641498566,-0.6478127837181091,0.6630821228027344,0.06789415329694748,-0.6480960249900818,0.5922950506210327,0.0647004172205925,-0.6018933057785034,0.5839360952377319,0.06286469846963882,-0.6021755337715149,0.5769452452659607,0.06149008497595787,-0.6028500199317932,0.722042441368103,0.0911492332816124,-0.5616615414619446,0.622998833656311,0.08778086304664612,-0.3337555527687073,0.6267806887626648,0.1855851113796234,-0.604130744934082,0.5899860858917236,0.1844155639410019,-0.5373379588127136,0.8778482675552368,0.3702820837497711,-0.4206542372703552,0.5660462975502014,0.33602920174598694,-0.18975558876991272,1.11788809299469,0.562574028968811,-0.5553358793258667,0.47440433502197266,0.628456711769104,0.11022558063268661,1.2822401523590088,0.5828361511230469,-0.8513303995132446,0.2602473497390747,0.6245342493057251,0.119295634329319,1.3265472650527954,0.5841799378395081,-0.9206607937812805,0.18154549598693848,0.6437986493110657,0.12747731804847717,1.331176996231079,0.5484132766723633,-0.9932292103767395,0.17263059318065643,0.6200125813484192,0.028062190860509872,1.3083508014678955,0.5518733263015747,-0.8962618112564087,0.2017398327589035,0.6147772669792175,0.07425054162740707,0.675483226776123,0.9770504236221313,-0.15460816025733948,0.5188701152801514,0.8660306334495544,0.15577657520771027,0.5188719630241394,1.2577335834503174,-0.10250115394592285,0.32335057854652405,1.080594539642334,0.05249826982617378,0.40174245834350586,1.6329286098480225,0.41888460516929626,0.22260010242462158,1.530806064605713,0.5537648797035217,0.4043092131614685,1.6960334777832031,0.4659043848514557,0.22541244328022003,1.5925028324127197,0.5989075303077698,0.29455479979515076,1.6983985900878906,0.24402225017547607,0.1378210037946701,1.6592479944229126,0.35336899757385254
186,TEST,HIGH MOVEMENT,0.5924886465072632,0.11517354100942612,-0.7041529417037964,0.6295796036720276,0.06098181754350662,-0.7093952298164368,0.6482306718826294,0.06069003790616989,-0.7096794843673706,0.6659539937973022,0.05956464633345604,-0.7101486921310425,0.5916251540184021,0.05653878301382065,-0.6643753051757812,0.5820316076278687,0.05464274436235428,-0.6645560264587402,0.5737128257751465,0.05351101979613304,-0.6652122735977173,0.725459635257721,0.08442531526088715,-0.6140344142913818,0.6174269914627075,0.08218564838171005,-0.3860169053077698,0.6268280744552612,0.1831139773130417,-0.6626418828964233,0.5885406136512756,0.18206889927387238,-0.5955132246017456,0.8855803608894348,0.3713113069534302,-0.46853384375572205,0.5656149983406067,0.3337832987308502,-0.22516345977783203,1.117344617843628,0.5640865564346313,-0.5342431664466858,0.47551363706588745,0.6297379732131958,0.05241953209042549,1.2808045148849487,0.620266318321228,-0.7815298438072205,0.2613220810890198,0.6252515316009521,0.09024302661418915,1.3214768171310425,0.6359970569610596,-0.8465404510498047,0.18348351120948792,0.644001841545105,0.081778883934021,1.3307483196258545,0.6029415130615234,-0.9175003170967102,0.17419025301933289,0.616653323173523,-0.013376010581851006,1.3080631494522095,0.6023659110069275,-0.8255532383918762,0.203037291765213,0.6121161580085754,0.045169103890657425,0.6780068874359131,0.9713792204856873,-0.15068985521793365,0.5190426111221313,0.8632668256759644,0.15163807570934296,0.5493087768554688,1.3334373235702515,-0.006209244951605797,0.3628496527671814,1.1818482875823975,0.2513948380947113,0.44366946816444397,1.7287629842758179,0.5317611694335938,0.2786352336406708,1.6176471710205078,0.8011744618415833,0.44854360818862915,1.7926219701766968,0.5722736120223999,0.2816699147224426,1.676403284072876,0.851926326751709,0.34538453817367554,1.799965739250183,0.2694393992424011,0.2087498903274536,1.742435097694397,0.592927098274231
187,TEST,MOVING,0.5926255583763123,0.1123911440372467,-0.7163848876953125,0.6299730539321899,0.05735176056623459,-0.7206913232803345,0.6488325595855713,0.05711932107806206,-0.7209810018539429,0.6666123270988464,0.05584273487329483,-0.7215425968170166,0.5914226770401001,0.05249788612127304,-0.6762409806251526,0.5813971757888794,0.05048880726099014,-0.6764679551124573,0.5726852416992188,0.04931354150176048,-0.6770758628845215,0.7257934212684631,0.08076518028974533,-0.6244792342185974,0.6155807971954346,0.07887337356805801,-0.40183788537979126,0.6267665028572083,0.18070729076862335,-0.674376368522644,0.5876482725143433,0.17899464070796967,-0.6087245345115662,0.8866704702377319,0.3700464069843292,-0.4931887686252594,0.5638303756713867,0.32840242981910706,-0.24185355007648468,1.1171247959136963,0.5665165781974792,-0.5870921611785889,0.4806485176086426,0.6293926239013672,0.058254145085811615,1.2787150144577026,0.6255346536636353,-0.857047438621521,0.26305729150772095,0.6250299215316772,0.1977827250957489,1.3205679655075073,0.6375607252120972,-0.9310329556465149,0.18719670176506042,0.6441385746002197,0.20813706517219543,1.329580545425415,0.6031018495559692,-1.0097278356552124,0.17880232632160187,0.6168965101242065,0.10974566638469696,1.305681586265564,0.6036427617073059,-0.9075738787651062,0.20681528747081757,0.6126457452774048,0.15444499254226685,0.678266167640686,0.966093897819519,-0.14325633645057678,0.5190829038619995,0.8633201718330383,0.14403438568115234,0.5535403490066528,1.3435847759246826,0.08396827429533005,0.36734792590141296,1.2016297578811646,0.24519340693950653,0.49783381819725037,1.721038818359375,0.6594289541244507,0.32108059525489807,1.625892996788025,0.7756162881851196,0.5130891799926758,1.7838531732559204,0.7082495093345642,0.3330337107181549,1.6802510023117065,0.826643168926239,0.41789740324020386,1.790254831314087,0.4406832158565521,0.2537772059440613,1.7571550607681274,0.5967004299163818
188,TEST,HIGH MOVEMENT,0.594907820224762,0.10320575535297394,-0.5044996738433838,0.6320000886917114,0.05270477384328842,-0.5139553546905518,0.6498689651489258,0.052981186658144,-0.5143712759017944,0.6674031615257263,0.05260513350367546,-0.5148200392723083,0.5984331369400024,0.04839026927947998,-0.46145686507225037,0.5915432572364807,0.047107916325330734,-0.46179860830307007,0.5856706500053406,0.046375200152397156,-0.4624735713005066,0.7298705577850342,0.07928037643432617,-0.46647191047668457,0.6362684369087219,0.07604537904262543,-0.20848798751831055,0.6280239820480347,0.1683756411075592,-0.4807255268096924,0.5925753712654114,0.16537581384181976,-0.4048389792442322,0.8883994221687317,0.35686394572257996,-0.34956714510917664,0.5720928907394409,0.3261074125766754,-0.12106989324092865,1.1075024604797363,0.550689697265625,-0.47917237877845764,0.4916686415672302,0.6180087327957153,0.14223580062389374,1.2725754976272583,0.5994970202445984,-0.7798361778259277,0.2758050262928009,0.6084935665130615,0.15400132536888123,1.3173357248306274,0.6118574738502502,-0.8574718236923218,0.20009033381938934,0.6314461827278137,0.14926904439926147,1.325148582458496,0.5751137137413025,-0.9346619844436646,0.194588303565979,0.6074318289756775,0.05302276462316513,1.3015656471252441,0.5742684602737427,-0.8309773206710815,0.222209170460701,0.5994765162467957,0.10885047912597656,0.6801844835281372,0.9604781866073608,-0.13375097513198853,0.5244005918502808,0.8608787655830383,0.1346009075641632,0.5534396767616272,1.3413339853286743,0.01600976474583149,0.3611069619655609,1.1586436033248901,0.18696728348731995,0.49029794335365295,1.7169371843338013,0.5547736883163452,0.3045280873775482,1.5888086557388306,0.6967711448669434,0.5034216046333313,1.7729029655456543,0.6005108952522278,0.3183293044567108,1.644941806793213,0.7447024583816528,0.4104766249656677,1.7844406366348267,0.3338654339313507,0.23189830780029297,1.7237440347671509,0.5299218893051147
189,TEST,HIGH MOVEMENT,0.5981664061546326,0.10026337951421738,-0.527977466583252,0.6355248689651489,0.04931621626019478,-0.5345210433006287,0.6531816720962524,0.049572739750146866,-0.5347518920898438,0.6711795330047607,0.049302324652671814,-0.5349353551864624,0.602225661277771,0.04503268748521805,-0.47988811135292053,0.5955489277839661,0.04377075284719467,-0.4799322485923767,0.5896986722946167,0.04298628121614456,-0.4806569218635559,0.7368382215499878,0.0758415013551712,-0.47905731201171875,0.6404401659965515,0.07094921171665192,-0.24931088089942932,0.6310562491416931,0.16411496698856354,-0.49047932028770447,0.596230685710907,0.16127076745033264,-0.4085662364959717,0.8937252759933472,0.3516327142715454,-0.35367608070373535,0.5777961015701294,0.31990036368370056,-0.18509230017662048,1.1075210571289062,0.5535802245140076,-0.5232288837432861,0.49566006660461426,0.6120589971542358,0.1338682621717453,1.2761350870132446,0.6109971404075623,-0.8931899070739746,0.2803499102592468,0.601384699344635,0.22691664099693298,1.3214516639709473,0.6245282292366028,-0.9747428894042969,0.20508722960948944,0.6233648657798767,0.23569205403327942,1.331146478652954,0.5850865840911865,-1.0534460544586182,0.19808292388916016,0.5999284386634827,0.14110177755355835,1.306216835975647,0.5845746397972107,-0.9472187757492065,0.2259596586227417,0.593357264995575,0.18630704283714294,0.6809530258178711,0.9577599763870239,-0.12327592074871063,0.5325670838356018,0.8558712005615234,0.12422285228967667,0.5516133904457092,1.266965389251709,0.10368937253952026,0.35305216908454895,1.0863631963729858,0.205036923289299,0.49986013770103455,1.5651512145996094,0.6479668617248535,0.29209452867507935,1.4345840215682983,0.7127941846847534,0.5161877870559692,1.6189098358154297,0.6963373422622681,0.30570340156555176,1.480934739112854,0.7649263143539429,0.42505502700805664,1.6276344060897827,0.5133084058761597,0.21120736002922058,1.5667786598205566,0.6126137375831604
190,TEST,HIGH MOVEMENT,0.6058409810066223,0.09741880744695663,-0.5061906576156616,0.6435108780860901,0.044430337846279144,-0.5097075700759888,0.6616607904434204,0.04420367628335953,-0.5100094676017761,0.6803780198097229,0.0437493734061718,-0.5104130506515503,0.6072679162025452,0.041482388973236084,-0.4616127908229828,0.599600076675415,0.04061314836144447,-0.46185725927352905,0.592797577381134,0.0401509664952755,-0.46247807145118713,0.7484349012374878,0.07070699334144592,-0.44397085905075073,0.6450549364089966,0.06718543916940689,-0.2199728935956955,0.6411978006362915,0.1603804975748062,-0.47658658027648926,0.6040608286857605,0.16020473837852478,-0.40653929114341736,0.9013403058052063,0.3483295142650604,-0.3303104043006897,0.5871359705924988,0.31672269105911255,-0.16201910376548767,1.1069614887237549,0.5553866624832153,-0.43705764412879944,0.5059158802032471,0.6127856969833374,0.12665964663028717,1.2761958837509155,0.6191394925117493,-0.7353042364120483,0.28765860199928284,0.6017239689826965,0.16900241374969482,1.32294499874115,0.6360082626342773,-0.797827422618866,0.21119463443756104,0.6253011226654053,0.17378222942352295,1.3320913314819336,0.5982444286346436,-0.8686636686325073,0.20678403973579407,0.6017239093780518,0.0769948661327362,1.306028127670288,0.596703827381134,-0.7824966907501221,0.23319706320762634,0.5950012803077698,0.12565667927265167,0.6923601627349854,0.9575082659721375,-0.12253420054912567,0.5455595254898071,0.8573518991470337,0.12365595996379852,0.55022132396698,1.2485759258270264,-0.22973820567131042,0.30972909927368164,0.9386492371559143,-0.08342006057500839,0.5121939182281494,1.477547526359558,0.47733455896377563,0.3115953505039215,1.2414506673812866,0.4558177888393402,0.5292438268661499,1.5085145235061646,0.5546711683273315,0.34197482466697693,1.2690002918243408,0.5176279544830322,0.44855546951293945,1.5723708868026733,0.4157508313655853,0.23211669921875,1.3899555206298828,0.4578704833984375
191,TEST,HIGH MOVEMENT,0.6077566742897034,0.09575359523296356,-0.5500780344009399,0.6450678110122681,0.045354440808296204,-0.5723424553871155,0.6627008318901062,0.045489225536584854,-0.5727159976959229,0.6809622049331665,0.04518529027700424,-0.5732704401016235,0.6107193231582642,0.041286952793598175,-0.516929030418396,0.6041008234024048,0.040255893021821976,-0.5167820453643799,0.5983288288116455,0.03960104659199715,-0.5174741744995117,0.7485278844833374,0.07208610326051712,-0.5317732095718384,0.6532875895500183,0.06764812022447586,-0.26894742250442505,0.6423351764678955,0.16103270649909973,-0.5272012948989868,0.6068881750106812,0.15958239138126373,-0.44671353697776794,0.90215003490448,0.3451487720012665,-0.37457963824272156,0.586658775806427,0.3166273832321167,-0.16183443367481232,1.1022534370422363,0.5579727292060852,-0.42017048597335815,0.508625864982605,0.6145274639129639,0.12345006316900253,1.262963056564331,0.6302856206893921,-0.6107534170150757,0.29505494236946106,0.6036493182182312,0.10601653903722763,1.3144911527633667,0.656711220741272,-0.6707322597503662,0.21796377003192902,0.6267998814582825,0.08732012659311295,1.3206326961517334,0.6235381364822388,-0.7544514536857605,0.2152644693851471,0.6031973361968994,-0.009728830307722092,1.2916935682296753,0.6166768670082092,-0.6593461036682129,0.24266108870506287,0.5966813564300537,0.057996612042188644,0.7018912434577942,0.9561034440994263,-0.11768023669719696,0.5480562448501587,0.8586694002151489,0.11897357553243637,0.608780562877655,1.3833670616149902,-0.042890094220638275,0.3889828622341156,1.2128328084945679,0.15020859241485596,0.5322456955909729,1.7847083806991577,0.49012914299964905,0.3578938841819763,1.635036587715149,0.6816410422325134,0.5421304106712341,1.8466010093688965,0.552129328250885,0.36940816044807434,1.6842570304870605,0.7295714616775513,0.4571172297000885,1.8787970542907715,0.255522757768631,0.3121919333934784,1.7698060274124146,0.4867057800292969
192,TEST,HIGH MOVEMENT,0.6083490252494812,0.09670455753803253,-0.5565568208694458,0.645455002784729,0.04629026725888252,-0.5773819088935852,0.6628202199935913,0.046137262135744095,-0.5777413845062256,0.6808528900146484,0.04561525583267212,-0.5783320069313049,0.6121971011161804,0.04229121655225754,-0.5201089382171631,0.6061440706253052,0.04120899736881256,-0.5198627710342407,0.6009657382965088,0.04048742353916168,-0.5205135345458984,0.74824059009552,0.07283817231655121,-0.5461748242378235,0.6568336486816406,0.06861294060945511,-0.2841995060443878,0.6422498226165771,0.16232378780841827,-0.5276548266410828,0.6081973910331726,0.16040071845054626,-0.4519326090812683,0.9036477208137512,0.3426021337509155,-0.3842104971408844,0.5874115824699402,0.3166373074054718,-0.16702571511268616,1.1023682355880737,0.5382329225540161,-0.3990664780139923,0.5093070268630981,0.615380585193634,0.12614959478378296,1.2579271793365479,0.6155163049697876,-0.5432530641555786,0.2947370707988739,0.6050382256507874,0.16787686944007874,1.306030035018921,0.6390848755836487,-0.5938605070114136,0.2218373715877533,0.6277995705604553,0.1629258245229721,1.3115216493606567,0.6056009531021118,-0.6731570959091187,0.21850785613059998,0.6041702628135681,0.0676727145910263,1.2846488952636719,0.6001678705215454,-0.5899118781089783,0.2435348480939865,0.5977986454963684,0.12227007001638412,0.7156748175621033,0.9514065980911255,-0.11137322336435318,0.5520370602607727,0.8580406904220581,0.11258486658334732,0.6337582468986511,1.3866162300109863,-0.009278910234570503,0.4273292124271393,1.193837285041809,0.16677333414554596,0.5623079538345337,1.8024073839187622,0.4898431897163391,0.41684460639953613,1.6173815727233887,0.6971924901008606,0.5672536492347717,1.8683149814605713,0.5420904755592346,0.43037939071655273,1.6664217710494995,0.7469009160995483,0.5014607906341553,1.8942183256149292,0.23034140467643738,0.37482330203056335,1.755017638206482,0.5131004452705383
193,TEST,HIGH MOVEMENT,0.6097394227981567,0.09734394401311874,-0.5964030027389526,0.6474997401237488,0.04706656560301781,-0.6168206930160522,0.6648886203765869,0.047019362449645996,-0.6171180605888367,0.6830310225486755,0.04654679074883461,-0.6176789999008179,0.6146373152732849,0.04288922995328903,-0.5634168386459351,0.6089321374893188,0.04175698384642601,-0.5633858442306519,0.6040965914726257,0.04098198562860489,-0.5640169382095337,0.7507623434066772,0.07361586391925812,-0.5738140940666199,0.6605609655380249,0.06926240772008896,-0.31725233793258667,0.6437177062034607,0.1630675196647644,-0.5695465207099915,0.610701858997345,0.16044007241725922,-0.494168758392334,0.9057947993278503,0.3434217870235443,-0.4082527160644531,0.591098427772522,0.31768903136253357,-0.19668397307395935,1.029626488685608,0.5029805898666382,-0.4196118414402008,0.5116148591041565,0.6137818694114685,0.07799188792705536,1.2637100219726562,0.5687626600265503,-0.6118881106376648,0.29608482122421265,0.6055620312690735,0.11691740900278091,1.3117485046386719,0.5759149193763733,-0.6722109317779541,0.22510471940040588,0.6284717917442322,0.1120443120598793,1.320115327835083,0.5391387939453125,-0.7464708685874939,0.21832671761512756,0.6074724197387695,0.010302627459168434,1.2935421466827393,0.5403915643692017,-0.6591349244117737,0.2439124584197998,0.6003876328468323,0.06783068925142288,0.7212634682655334,0.950383186340332,-0.10885308682918549,0.5562424659729004,0.8589068651199341,0.10997869819402695,0.6312450170516968,1.3870469331741333,0.038522012531757355,0.4371780455112457,1.2286392450332642,0.20368480682373047,0.5568292140960693,1.7920643091201782,0.5562462210655212,0.4014523923397064,1.655050277709961,0.7085951566696167,0.5643543004989624,1.8547441959381104,0.5978135466575623,0.4107372760772705,1.706741452217102,0.755632221698761,0.48634862899780273,1.8779031038284302,0.25783610343933105,0.355978399515152,1.787920355796814,0.5097359418869019
194,TEST,HIGH MOVEMENT,0.6122291684150696,0.10847484320402145,-0.5705203413963318,0.6488315463066101,0.054608020931482315,-0.5885699391365051,0.6666895151138306,0.05320138856768608,-0.5889180302619934,0.6852657198905945,0.051463935524225235,-0.5894500017166138,0.6141573190689087,0.05489359423518181,-0.5335215330123901,0.6086808443069458,0.05520032346248627,-0.5336790680885315,0.6024744510650635,0.055436331778764725,-0.534340500831604,0.7501634359359741,0.07416880130767822,-0.5573379397392273,0.645571768283844,0.08307676017284393,-0.2869718074798584,0.6470270752906799,0.1675167679786682,-0.5471364259719849,0.6110056638717651,0.16849185526371002,-0.46919530630111694,0.9054425954818726,0.35293343663215637,-0.4223831295967102,0.5875715017318726,0.3351147770881653,-0.12515215575695038,1.0363085269927979,0.6145006418228149,-0.46683868765830994,0.5184502601623535,0.6295139789581299,0.23610229790210724,1.2566076517105103,0.7777963876724243,-0.6648700833320618,0.32533982396125793,0.6457070708274841,0.3962947130203247,1.302264928817749,0.8130985498428345,-0.7076920866966248,0.2546689510345459,0.6696910858154297,0.430026113986969,1.3133223056793213,0.7868009209632874,-0.7578181028366089,0.25189661979675293,0.6469314098358154,0.33558493852615356,1.2854167222976685,0.7768625020980835,-0.6978784799575806,0.2729467749595642,0.6394487619400024,0.35775265097618103,0.7184337973594666,0.9619028568267822,-0.14707019925117493,0.5544350743293762,0.8682435750961304,0.14835788309574127,0.5752882361412048,1.3719912767410278,-0.14973081648349762,0.36934584379196167,1.2083185911178589,-0.057756733149290085,0.49759984016418457,1.766908049583435,0.28496530652046204,0.35070568323135376,1.6443390846252441,0.3389982581138611,0.5133747458457947,1.8254343271255493,0.3197145164012909,0.3838025629520416,1.6997342109680176,0.37514087557792664,0.4078485369682312,1.8463317155838013,0.05971436947584152,0.2697835862636566,1.8160496950149536,0.15428613126277924
195,TEST,HIGH MOVEMENT,0.6139773726463318,0.11447864025831223,-0.5796522498130798,0.6498528718948364,0.0590289868414402,-0.5980443954467773,0.6680096387863159,0.05699777975678444,-0.5983980894088745,0.6868464946746826,0.0546366348862648,-0.598919153213501,0.6137818098068237,0.06113188713788986,-0.5421043038368225,0.6084190011024475,0.06193036586046219,-0.54231196641922,0.6010777354240417,0.06251391023397446,-0.5429716110229492,0.7498050928115845,0.07467904686927795,-0.5628014802932739,0.6377155780792236,0.08999746292829514,-0.2954407334327698,0.6494003534317017,0.1704830378293991,-0.5574560761451721,0.6114184260368347,0.17331960797309875,-0.47835975885391235,0.9053934812545776,0.3598000407218933,-0.46296533942222595,0.5859559774398804,0.3435900807380676,-0.1245117336511612,1.0454890727996826,0.6587498188018799,-0.5111568570137024,0.5223625302314758,0.6357837319374084,0.2688150107860565,1.2433793544769287,0.8510581254959106,-0.7119253873825073,0.3334888219833374,0.6584079265594482,0.4736436903476715,1.2864611148834229,0.8945544958114624,-0.7532700300216675,0.267219215631485,0.6831637024879456,0.5163232684135437,1.2979199886322021,0.8702144622802734,-0.807369589805603,0.26195386052131653,0.6577497124671936,0.4227287769317627,1.2691880464553833,0.8570906519889832,-0.7451979517936707,0.2857506275177002,0.6516715288162231,0.4371824264526367,0.716529130935669,0.9689244031906128,-0.16234716773033142,0.553644597530365,0.8739505410194397,0.16367509961128235,0.5629128217697144,1.3707091808319092,-0.17780515551567078,0.35059311985969543,1.2035685777664185,-0.07912226021289825,0.48969507217407227,1.7510621547698975,0.2656855285167694,0.338457852602005,1.6381930112838745,0.33304864168167114,0.5072044134140015,1.811582088470459,0.3016577363014221,0.38082921504974365,1.6943440437316895,0.3711783289909363,0.39931756258010864,1.835038661956787,0.047704778611660004,0.24788275361061096,1.816739797592163,0.15797260403633118
196,TEST,MOVING,0.6152556538581848,0.11825253069400787,-0.645807147026062,0.6507240533828735,0.06169106811285019,-0.6681934595108032,0.6691477298736572,0.0593307800590992,-0.6685361266136169,0.6882436275482178,0.05661233887076378,-0.6690346002578735,0.6134873032569885,0.06457685679197311,-0.6118766665458679,0.6081402897834778,0.06550899893045425,-0.6121078133583069,0.5998845100402832,0.06619415432214737,-0.6127718687057495,0.7498310804367065,0.07485470920801163,-0.6384977102279663,0.6332358717918396,0.09355487674474716,-0.3671634793281555,0.6511257886886597,0.17293763160705566,-0.6251689195632935,0.6117967963218689,0.1768157184123993,-0.5449849367141724,0.9066797494888306,0.365327924489975,-0.5337060689926147,0.5846657156944275,0.34835919737815857,-0.1534280776977539,1.0519835948944092,0.675175130367279,-0.557732880115509,0.5239722728729248,0.6380490660667419,0.2867205739021301,1.2371253967285156,0.8827646970748901,-0.7388876676559448,0.3359346389770508,0.6628191471099854,0.5593620538711548,1.2791781425476074,0.9310725927352905,-0.7777913212776184,0.26605385541915894,0.6876360774040222,0.6137555241584778,1.2911804914474487,0.9100528359413147,-0.8444666862487793,0.2637644410133362,0.6625462770462036,0.5186798572540283,1.2618145942687988,0.8940255641937256,-0.775612473487854,0.2885585129261017,0.6563723683357239,0.523997962474823,0.7157931327819824,0.9719333052635193,-0.162662535905838,0.5535539388656616,0.8756242394447327,0.16397413611412048,0.5745869278907776,1.3675034046173096,-0.13892264664173126,0.35171523690223694,1.1822755336761475,-0.0324329249560833,0.49047693610191345,1.760607361793518,0.3454011082649231,0.33589059114456177,1.6607331037521362,0.42216840386390686,0.5067166686058044,1.8286895751953125,0.3843694031238556,0.36946138739585876,1.7178226709365845,0.46395736932754517,0.39690983295440674,1.842461109161377,0.11623501777648926,0.24800193309783936,1.8324674367904663,0.23637676239013672
197,TEST,HIGH MOVEMENT,0.6188943982124329,0.12702026963233948,-0.4433794617652893,0.6543011665344238,0.0720585361123085,-0.4367191195487976,0.6723310351371765,0.06982174515724182,-0.43711233139038086,0.6910158395767212,0.06718136370182037,-0.43759816884994507,0.6153541803359985,0.07334423065185547,-0.3889783024787903,0.6084359884262085,0.07400786131620407,-0.3892132639884949,0.5997834801673889,0.07410108298063278,-0.3897474706172943,0.7510903477668762,0.09044497460126877,-0.32717639207839966,0.6332951784133911,0.10461162775754929,-0.09269960224628448,0.6519775390625,0.18572349846363068,-0.39866119623184204,0.6132931709289551,0.18815107643604279,-0.3293852210044861,0.9063197374343872,0.38324931263923645,-0.269317626953125,0.5857048630714417,0.3588884174823761,0.03797939419746399,1.059502124786377,0.654309868812561,-0.4124792218208313,0.5160916447639465,0.6602388024330139,0.24190130829811096,1.2099913358688354,0.8382095098495483,-0.7146750092506409,0.3085402846336365,0.6655200123786926,0.09829898923635483,1.2446177005767822,0.8739417195320129,-0.7693568468093872,0.23397687077522278,0.684040904045105,0.07507121562957764,1.2497646808624268,0.8959426283836365,-0.8325929641723633,0.22754712402820587,0.6602641940116882,-0.018690550699830055,1.2282493114471436,0.8702806830406189,-0.7521611452102661,0.254854679107666,0.6567127108573914,0.05035785958170891,0.7153642177581787,1.0053340196609497,-0.16622349619865417,0.5476752519607544,0.899755597114563,0.1673477739095688,0.48683515191078186,1.2365705966949463,-0.44853419065475464,0.3058074116706848,1.0411828756332397,-0.13480350375175476,0.4298798143863678,1.5774340629577637,0.20891232788562775,0.3045329749584198,1.5169823169708252,0.294197142124176,0.4564340114593506,1.6214851140975952,0.27422627806663513,0.3420286774635315,1.572137713432312,0.33726292848587036,0.3251032531261444,1.7102967500686646,0.13922303915023804,0.2050478160381317,1.7081303596496582,0.20213386416435242
198,TEST,HIGH MOVEMENT,0.6231335401535034,0.13509000837802887,-0.46350884437561035,0.6584829092025757,0.08207403123378754,-0.4643819332122803,0.6760481595993042,0.08093376457691193,-0.46477288007736206,0.694298505783081,0.07977140694856644,-0.46514877676963806,0.6203965544700623,0.08129225671291351,-0.4123384952545166,0.612305223941803,0.08115359395742416,-0.4125679135322571,0.6035925149917603,0.08052437752485275,-0.4132067561149597,0.7529910802841187,0.1065511479973793,-0.3755938708782196,0.6356291770935059,0.10913944244384766,-0.11992226541042328,0.6537392139434814,0.1946892887353897,-0.4247674345970154,0.6161924004554749,0.19438427686691284,-0.3498692810535431,0.9058769941329956,0.39476433396339417,-0.3130568861961365,0.5867305994033813,0.3623107969760895,0.03766977787017822,1.0648878812789917,0.6529533267021179,-0.42396846413612366,0.5144661068916321,0.6661235094070435,0.21797125041484833,1.200346827507019,0.8240892291069031,-0.7194503545761108,0.2984394431114197,0.66324383020401,-0.02688523754477501,1.235543966293335,0.8666042685508728,-0.7863244414329529,0.22421617805957794,0.681384265422821,-0.05515877157449722,1.2386705875396729,0.8451449275016785,-0.8396540880203247,0.21828992664813995,0.6578980684280396,-0.15579935908317566,1.2167555093765259,0.8305866718292236,-0.7548028230667114,0.24569383263587952,0.6545304656028748,-0.07919824123382568,0.7149341106414795,1.014256238937378,-0.17355187237262726,0.5474522709846497,0.9064775705337524,0.17454981803894043,0.5079950094223022,1.3425129652023315,-0.2795813977718353,0.3168717622756958,1.0980247259140015,-0.14243270456790924,0.4458896517753601,1.7124525308609009,0.22835901379585266,0.3055025041103363,1.6283186674118042,0.2803243100643158,0.4675379693508148,1.7670562267303467,0.26796701550483704,0.34100478887557983,1.6862552165985107,0.3175457715988159,0.3467555642127991,1.8251538276672363,0.0037890984676778316,0.2115119993686676,1.8147010803222656,0.08982843160629272
199,TEST,HIGH MOVEMENT,0.6236115097999573,0.1375805288553238,-0.4677957594394684,0.6600593328475952,0.08483103662729263,-0.4644940495491028,0.6773769855499268,0.0843735933303833,-0.46490082144737244,0.6953357458114624,0.0838942602276802,-0.465313583612442,0.6218852400779724,0.08292773365974426,-0.41698068380355835,0.6135329008102417,0.08257266134023666,-0.41727215051651,0.604835569858551,0.08176703006029129,-0.4179226756095886,0.7536603212356567,0.11243916302919388,-0.37152108550071716,0.6377162337303162,0.10994262248277664,-0.13808107376098633,0.6540285348892212,0.19940663874149323,-0.4298171401023865,0.6168010830879211,0.197665274143219,-0.3604971468448639,0.905798614025116,0.4013879895210266,-0.3045285642147064,0.5870640873908997,0.3685145378112793,-0.0007261988939717412,1.0749120712280273,0.6554612517356873,-0.41155529022216797,0.5135115385055542,0.6680870652198792,0.19057944416999817,1.208456039428711,0.8084622025489807,-0.6893353462219238,0.29473862051963806,0.6682673692703247,0.02480873093008995,1.2454169988632202,0.8470379710197449,-0.7506359815597534,0.22072634100914001,0.6829521656036377,0.00747690349817276,1.2499192953109741,0.8162656426429749,-0.809493899345398,0.2129984200000763,0.6585246920585632,-0.08856356889009476,1.2272677421569824,0.8067916631698608,-0.727135181427002,0.23929110169410706,0.6565643548965454,-0.023095441982150078,0.7129875421524048,1.0203262567520142,-0.17045705020427704,0.5468704700469971,0.9094354510307312,0.17150714993476868,0.49398094415664673,1.2928003072738647,-0.2517080307006836,0.31210777163505554,1.0323110818862915,-0.11006666719913483,0.4311956465244293,1.644156575202942,0.2524854838848114,0.29493412375450134,1.5417147874832153,0.3204088807106018,0.45472973585128784,1.693466305732727,0.29603999853134155,0.32906708121299744,1.600056529045105,0.35980311036109924,0.33341333270072937,1.763140082359314,0.07697561383247375,0.19884395599365234,1.7366925477981567,0.1820632666349411
200,TEST,HIGH MOVEMENT,0.623017430305481,0.1455753594636917,-0.4245128035545349,0.6588587760925293,0.09334362298250198,-0.429564893245697,0.6758243441581726,0.09252803772687912,-0.4299907088279724,0.6932407021522522,0.09153375029563904,-0.4303240180015564,0.6212407350540161,0.09217874705791473,-0.3746683597564697,0.6131062507629395,0.09212400764226913,-0.37486201524734497,0.6044903993606567,0.09148532897233963,-0.3755517601966858,0.7509046196937561,0.11782001703977585,-0.35778021812438965,0.6379274129867554,0.1183038279414177,-0.08965536952018738,0.6538755297660828,0.2050883024930954,-0.39129069447517395,0.6166141033172607,0.20445704460144043,-0.3130708336830139,0.9033920168876648,0.4012206792831421,-0.29717257618904114,0.5870017409324646,0.371722549200058,0.058315008878707886,1.0740299224853516,0.6585015058517456,-0.4030906558036804,0.5110422372817993,0.6733627319335938,0.20711927115917206,1.186476707458496,0.830260694026947,-0.6902287602424622,0.28353798389434814,0.6747949123382568,0.016988638788461685,1.2202980518341064,0.8792445063591003,-0.7541161775588989,0.21119530498981476,0.6904515027999878,-0.011648427695035934,1.2214272022247314,0.8458109498023987,-0.8150962591171265,0.20467142760753632,0.6650025248527527,-0.11412298679351807,1.2002975940704346,0.8319447636604309,-0.7284880876541138,0.23103368282318115,0.6632591485977173,-0.036479704082012177,0.7117498517036438,1.018107533454895,-0.17279663681983948,0.5451047420501709,0.9187143445014954,0.17390185594558716,0.5436936616897583,1.3641635179519653,-0.23268084228038788,0.32582956552505493,1.1421661376953125,-0.147049680352211,0.4648206830024719,1.7734324932098389,0.17065627872943878,0.3118347227573395,1.7001729011535645,0.1940956562757492,0.48325714468955994,1.845242977142334,0.1963644027709961,0.3431435227394104,1.7640186548233032,0.22124329209327698,0.37153059244155884,1.8619343042373657,-0.11233047395944595,0.22467002272605896,1.8832662105560303,-0.03006109967827797
201,TEST,MOVING,0.6209335923194885,0.14939746260643005,-0.45604556798934937,0.6568641066551208,0.09769796580076218,-0.46200352907180786,0.6737712621688843,0.09706960618495941,-0.4624136984348297,0.6909775733947754,0.09603580832481384,-0.462933212518692,0.6196910738945007,0.09598220884799957,-0.4101102948188782,0.6115868091583252,0.09552999585866928,-0.41035014390945435,0.6031067967414856,0.09448251128196716,-0.41101884841918945,0.7483032941818237,0.12099640816450119,-0.39173200726509094,0.6377483606338501,0.11999993026256561,-0.13574154675006866,0.6510105133056641,0.21048353612422943,-0.4234258234500885,0.6146265268325806,0.20919682085514069,-0.3484784960746765,0.9025046229362488,0.4017735719680786,-0.3111702799797058,0.5867420434951782,0.3719504475593567,0.02051948755979538,1.0688145160675049,0.6737694144248962,-0.40846309065818787,0.508623480796814,0.6713632941246033,0.22120003402233124,1.1869444847106934,0.8539733290672302,-0.6667521595954895,0.2799859941005707,0.6728057265281677,0.07047715038061142,1.223218560218811,0.9022725820541382,-0.7251219749450684,0.20679554343223572,0.6887832283973694,0.05707605555653572,1.225969910621643,0.8694649338722229,-0.7891463041305542,0.20167510211467743,0.6635817289352417,-0.04303264990448952,1.2035109996795654,0.853852391242981,-0.7054983377456665,0.2278328388929367,0.6619569659233093,0.020575042814016342,0.7104290723800659,1.0154696702957153,-0.1723625510931015,0.5449684262275696,0.9158586263656616,0.17351773381233215,0.5773147344589233,1.3863157033920288,-0.17406892776489258,0.3539380729198456,1.149583101272583,-0.12409649044275284,0.48226675391197205,1.7971574068069458,0.20113305747509003,0.3281405568122864,1.671600103378296,0.28470566868782043,0.4961066246032715,1.8709123134613037,0.21639028191566467,0.35273119807243347,1.733384370803833,0.32364198565483093,0.39064911007881165,1.8806228637695312,-0.001602423726581037,0.24578802287578583,1.8403021097183228,0.10717077553272247
202,TEST,HIGH MOVEMENT,0.6207751631736755,0.15016824007034302,-0.5005220174789429,0.6567195653915405,0.09726064652204514,-0.5085806846618652,0.6737916469573975,0.09646449238061905,-0.5090098977088928,0.6911722421646118,0.09526210278272629,-0.5092698335647583,0.6191322207450867,0.09570106118917465,-0.45465517044067383,0.6099007725715637,0.09507931023836136,-0.4548797011375427,0.6006190776824951,0.0940200462937355,-0.4555908143520355,0.7484951615333557,0.11981828510761261,-0.4397784173488617,0.6340267658233643,0.11908932030200958,-0.17566563189029694,0.6513482332229614,0.2101844847202301,-0.4680577218532562,0.6145409345626831,0.21041761338710785,-0.39146700501441956,0.9025929570198059,0.40308359265327454,-0.36501243710517883,0.5855080485343933,0.37090396881103516,-0.00026546494336798787,1.0704971551895142,0.7024797797203064,-0.4115179181098938,0.508587121963501,0.6707745790481567,0.23939652740955353,1.1935265064239502,0.9204493761062622,-0.6664634346961975,0.280669629573822,0.6723095178604126,0.17089185118675232,1.230645775794983,0.974900484085083,-0.7207762598991394,0.2078532725572586,0.6878878474235535,0.1789742410182953,1.2342369556427002,0.9489523768424988,-0.7866913676261902,0.20231981575489044,0.6626770496368408,0.07225856930017471,1.2115837335586548,0.9311579465866089,-0.7055191993713379,0.2286754548549652,0.6605453491210938,0.12046776711940765,0.7112542390823364,1.0201938152313232,-0.17537997663021088,0.5451563596725464,0.9186745882034302,0.17658694088459015,0.5880100131034851,1.40577232837677,-0.15710733830928802,0.3623136878013611,1.1911855936050415,-0.09738849103450775,0.48986878991127014,1.8135017156600952,0.2083263099193573,0.3303329348564148,1.7204760313034058,0.3172304630279541,0.5030259490013123,1.8877043724060059,0.25205543637275696,0.35326117277145386,1.7841371297836304,0.35296377539634705,0.3944903612136841,1.8918050527572632,0.013742826879024506,0.24782440066337585,1.8895797729492188,0.10751934349536896
203,TEST,MOVING,0.6206384897232056,0.15007376670837402,-0.5226283073425293,0.6567444801330566,0.09664898365736008,-0.5278125405311584,0.6739290356636047,0.09579575061798096,-0.5282145738601685,0.6913763880729675,0.09456805884838104,-0.5284817218780518,0.6189900636672974,0.09550320357084274,-0.47475671768188477,0.6090888381004333,0.09495579451322556,-0.47507327795028687,0.5991851091384888,0.09405025839805603,-0.47579383850097656,0.7485500574111938,0.11947105824947357,-0.45648103952407837,0.6312078237533569,0.11893340945243835,-0.1991746425628662,0.651518702507019,0.20996727049350739,-0.49024659395217896,0.6142534017562866,0.21059337258338928,-0.41522711515426636,0.9022442102432251,0.4037855863571167,-0.4013994634151459,0.585321843624115,0.37189358472824097,-0.009854675270617008,1.0716286897659302,0.7228171229362488,-0.4594956040382385,0.5087003707885742,0.6738203167915344,0.2829010784626007,1.195705533027649,0.9515162110328674,-0.689321756362915,0.2808307707309723,0.6721925139427185,0.3223188519477844,1.2336046695709229,1.005199909210205,-0.7346711754798889,0.20931029319763184,0.6870842576026917,0.351520836353302,1.2377104759216309,0.9795747995376587,-0.7978058457374573,0.20250204205513,0.662160336971283,0.2498439997434616,1.213690996170044,0.9626155495643616,-0.7262083292007446,0.22877183556556702,0.65966796875,0.27741631865501404,0.7120240330696106,1.0272575616836548,-0.1796717643737793,0.5459274053573608,0.9237884283065796,0.18099412322044373,0.5799763202667236,1.3966199159622192,-0.1980631947517395,0.36050665378570557,1.1326528787612915,-0.12203308194875717,0.4856005609035492,1.7961310148239136,0.24844050407409668,0.3295401930809021,1.7057780027389526,0.3204978108406067,0.4999927580356598,1.8670140504837036,0.28852564096450806,0.35358935594558716,1.7713838815689087,0.35906726121902466,0.3921489417552948,1.8760930299758911,0.034024935215711594,0.24742169678211212,1.8618431091308594,0.13147087395191193
204,TEST,HIGH MOVEMENT,0.6228688955307007,0.15313716232776642,-0.6135302782058716,0.6600437164306641,0.10117379575967789,-0.6091075539588928,0.6775661706924438,0.10071318596601486,-0.6096094846725464,0.6956523656845093,0.10042779892683029,-0.6101193428039551,0.6201177835464478,0.10061947256326675,-0.5756295919418335,0.6097275018692017,0.1008295863866806,-0.5758205652236938,0.5993915796279907,0.10044535994529724,-0.5764133930206299,0.7527308464050293,0.12997011840343475,-0.49038833379745483,0.6304234266281128,0.12766553461551666,-0.31427204608917236,0.652839720249176,0.21646906435489655,-0.5629814863204956,0.6146106123924255,0.21672700345516205,-0.5103625059127808,0.9002857208251953,0.41607749462127686,-0.3963174521923065,0.5852617621421814,0.38919827342033386,-0.14818242192268372,1.0665713548660278,0.7127864956855774,-0.418875128030777,0.49650755524635315,0.6835001707077026,0.008811739273369312,1.1894862651824951,0.9097490906715393,-0.6228917241096497,0.27311971783638,0.6640095114707947,-0.1693877875804901,1.2256697416305542,0.9577523469924927,-0.6703625917434692,0.2036374807357788,0.6634222269058228,-0.1912739872932434,1.2342783212661743,0.9287402033805847,-0.7485886216163635,0.19440336525440216,0.6265197992324829,-0.29940229654312134,1.2104370594024658,0.9157313704490662,-0.6671029329299927,0.2217801809310913,0.6378568410873413,-0.22309502959251404,0.6960431337356567,1.0261613130569458,-0.14739790558815002,0.5433300137519836,0.9251757264137268,0.14823339879512787,0.5425768494606018,1.3159925937652588,0.1145799309015274,0.36762499809265137,1.0955851078033447,0.3574618101119995,0.4437654912471771,1.6279680728912354,0.7121725678443909,0.2486976832151413,1.464613437652588,0.826809287071228,0.4530896544456482,1.6757398843765259,0.762920618057251,0.24938246607780457,1.5253016948699951,0.870577335357666,0.35543352365493774,1.7083097696304321,0.5607815980911255,0.14422805607318878,1.56582510471344,0.7032114863395691
205,TEST,HIGH MOVEMENT,0.6240365505218506,0.1543932855129242,-0.5950738191604614,0.6612772941589355,0.10332067310810089,-0.6071706414222717,0.6788634061813354,0.10348594933748245,-0.6079532504081726,0.6970953941345215,0.10376716405153275,-0.6087172031402588,0.6207334399223328,0.10209041088819504,-0.5509663224220276,0.6102122068405151,0.10240380465984344,-0.5511731505393982,0.5997341871261597,0.10214973241090775,-0.5518103837966919,0.7542297840118408,0.13458040356636047,-0.4652111530303955,0.6309394836425781,0.1318589299917221,-0.2784062922000885,0.6540022492408752,0.21839220821857452,-0.5621280074119568,0.6148682832717896,0.21937589347362518,-0.4844945967197418,0.9000129699707031,0.4233582317829132,-0.36802950501441956,0.5840079188346863,0.39535483717918396,-0.11278418451547623,1.067662000656128,0.719780683517456,-0.40531080961227417,0.4910806715488434,0.687944233417511,0.07418451458215714,1.1922507286071777,0.912905752658844,-0.6232571601867676,0.26896899938583374,0.6627289056777954,-0.0640747919678688,1.2290922403335571,0.9622350931167603,-0.6705151796340942,0.2014809548854828,0.6583821773529053,-0.07401521503925323,1.2371041774749756,0.9310737252235413,-0.7438598871231079,0.19229762256145477,0.6195629835128784,-0.17950578033924103,1.212963581085205,0.9190908074378967,-0.6657121181488037,0.21887561678886414,0.6326544880867004,-0.11551155149936676,0.6888640522956848,1.0284373760223389,-0.14796029031276703,0.5392496585845947,0.9319461584091187,0.14889049530029297,0.5131222009658813,1.2574152946472168,0.0012348747113719583,0.3674062490463257,1.0351508855819702,0.21444031596183777,0.3963705599308014,1.5567162036895752,0.5505067110061646,0.2268708497285843,1.4041537046432495,0.6513874530792236,0.4038357734680176,1.5996185541152954,0.5949427485466003,0.22950077056884766,1.4617149829864502,0.6906198263168335,0.3057406544685364,1.636846899986267,0.38801202178001404,0.11824367940425873,1.5144827365875244,0.5320671796798706
206,TEST,HIGH MOVEMENT,0.6316543221473694,0.15455280244350433,-0.6743581891059875,0.6688274145126343,0.10334082692861557,-0.6768971681594849,0.6863980293273926,0.10363813489675522,-0.677237331867218,0.7057469487190247,0.1041395515203476,-0.6777632236480713,0.6286847591400146,0.10186757892370224,-0.6397325396537781,0.6180684566497803,0.10217642039060593,-0.6398545503616333,0.6083585619926453,0.10212598741054535,-0.640217661857605,0.7639180421829224,0.13793201744556427,-0.5764392018318176,0.6390654444694519,0.1326686441898346,-0.4022217392921448,0.6611011028289795,0.21866048872470856,-0.6339225769042969,0.6218376755714417,0.21967604756355286,-0.5786320567131042,0.902624249458313,0.4297216236591339,-0.5092251300811768,0.5809739232063293,0.3941510319709778,-0.1814771592617035,1.0458935499191284,0.7771130800247192,-0.44646891951560974,0.49174588918685913,0.6760873198509216,0.10100964456796646,1.1328831911087036,1.02051842212677,-0.5860071182250977,0.297588974237442,0.6445893049240112,0.13775254786014557,1.1621434688568115,1.0808509588241577,-0.6100577116012573,0.2698022425174713,0.6561307907104492,0.17409633100032806,1.163368582725525,1.0560657978057861,-0.6859012842178345,0.2501668334007263,0.6028047800064087,0.08623854070901871,1.1388388872146606,1.036508321762085,-0.6212679147720337,0.27222150564193726,0.6088589429855347,0.10214519500732422,0.6834465861320496,1.027506947517395,-0.14904248714447021,0.5345638990402222,0.9206883311271667,0.15000233054161072,0.513434648513794,1.1960493326187134,0.0012141050538048148,0.28582149744033813,0.6974185705184937,0.36833804845809937,0.4119245111942291,1.3273340463638306,0.7271915674209595,0.07654275000095367,0.8376104235649109,0.5667346715927124,0.4211471676826477,1.350360631942749,0.8011220097541809,0.05657673627138138,0.8899266123771667,0.6069101691246033,0.32068780064582825,1.3540053367614746,0.7809851169586182,-0.07276145368814468,0.7824483513832092,0.5188007950782776
207,TEST,HIGH MOVEMENT,0.6428945064544678,0.15945646166801453,-0.7147689461708069,0.6814791560173035,0.10814037919044495,-0.7198142409324646,0.7007769346237183,0.10904960334300995,-0.7201455235481262,0.7225536704063416,0.110462985932827,-0.7205866575241089,0.6411935091018677,0.10567275434732437,-0.6811458468437195,0.6301766633987427,0.10554559528827667,-0.681341826915741,0.6204292178153992,0.10524038970470428,-0.6817813515663147,0.7795630693435669,0.147659033536911,-0.6250236630439758,0.6497865915298462,0.1376374363899231,-0.4340168833732605,0.6702844500541687,0.22395022213459015,-0.6742831468582153,0.6303786039352417,0.2232663333415985,-0.6166325211524963,0.9070962071418762,0.43946874141693115,-0.5221201181411743,0.5801451206207275,0.3978603482246399,-0.24003081023693085,1.067015528678894,0.7913142442703247,-0.4516880512237549,0.46208423376083374,0.6633155345916748,-0.30083680152893066,1.1703863143920898,1.0280983448028564,-0.6077752113342285,0.2958885729312897,0.5282007455825806,-0.7700256109237671,1.2079650163650513,1.0846866369247437,-0.6416901350021362,0.2523263990879059,0.4984019100666046,-0.8227241635322571,1.2082240581512451,1.0622667074203491,-0.7180858850479126,0.2458077222108841,0.417965292930603,-0.8996669054031372,1.1754207611083984,1.0442370176315308,-0.6454854011535645,0.2649441957473755,0.45002079010009766,-0.8186641931533813,0.6898249387741089,1.0287699699401855,-0.12296827137470245,0.5368608236312866,0.9241806268692017,0.1237298846244812,0.5960924029350281,1.2238929271697998,0.13689452409744263,0.28811606764793396,0.7660190463066101,0.5773385167121887,0.5192421674728394,1.479623794555664,0.8057581782341003,0.158400297164917,0.5978079438209534,0.9020900726318359,0.5181896686553955,1.5147441625595093,0.8656401634216309,0.12823663651943207,0.7535921335220337,0.9390155076980591,0.4693219065666199,1.5493218898773193,0.7533268332481384,0.019475717097520828,0.6350116729736328,0.8966696858406067
208,TEST,HIGH MOVEMENT,0.6457926630973816,0.16044586896896362,-0.7623112797737122,0.686750054359436,0.108638234436512,-0.7691124677658081,0.7061449885368347,0.10980061441659927,-0.7693703770637512,0.7276185750961304,0.11190685629844666,-0.7697957158088684,0.6463598012924194,0.10556518286466599,-0.7318605780601501,0.6357587575912476,0.10517533123493195,-0.7321479320526123,0.6266385316848755,0.10467411577701569,-0.7326688766479492,0.7837021350860596,0.15178529918193817,-0.6945884227752686,0.6598576307296753,0.13765926659107208,-0.5083461999893188,0.6725225448608398,0.22605614364147186,-0.7295063734054565,0.633586049079895,0.22401274740695953,-0.6734532713890076,0.9102064371109009,0.45119330286979675,-0.5765265226364136,0.5801343321800232,0.4022814631462097,-0.3094179630279541,1.0743298530578613,0.8263102173805237,-0.4916704297065735,0.4601535201072693,0.662530779838562,-0.07312196493148804,1.178879976272583,1.0719239711761475,-0.6269967555999756,0.3025900423526764,0.5359195470809937,-0.03272739425301552,1.22086501121521,1.127518892288208,-0.651370644569397,0.28665822744369507,0.507969319820404,0.00948216114193201,1.2166869640350342,1.10745370388031,-0.7250361442565918,0.24786779284477234,0.4330102503299713,-0.05206983536481857,1.1785328388214111,1.0864222049713135,-0.6648876667022705,0.2740129828453064,0.45403093099594116,-0.05312617868185043,0.6946830749511719,1.0311530828475952,-0.11736972630023956,0.5385226011276245,0.9255150556564331,0.11828792095184326,0.616953432559967,1.2237931489944458,0.1919044554233551,0.296321839094162,0.7614438533782959,0.5670890212059021,0.541063666343689,1.3690648078918457,0.9736056327819824,0.1616404503583908,0.6219232678413391,0.9027248620986938,0.5391503572463989,1.380699872970581,1.0479693412780762,0.1417670100927353,0.6495887041091919,0.9410429000854492,0.49249082803726196,1.4443742036819458,0.9630599021911621,0.04205302149057388,0.5231386423110962,0.8892756700515747
209,TEST,HIGH MOVEMENT,0.6506790518760681,0.1697426438331604,-0.8141049146652222,0.6936387419700623,0.1176048144698143,-0.8191375732421875,0.7146037817001343,0.11911050230264664,-0.8194965124130249,0.7370662093162537,0.1216035783290863,-0.8199092149734497,0.6500909924507141,0.11245520412921906,-0.7725203037261963,0.6379966735839844,0.11113928258419037,-0.7726109027862549,0.6275516748428345,0.10976101458072662,-0.7732840776443481,0.7892258763313293,0.1596267819404602,-0.6626175045967102,0.6577712297439575,0.14148543775081635,-0.43413376808166504,0.6761681437492371,0.23829323053359985,-0.7452660202980042,0.6355079412460327,0.23296242952346802,-0.6778985261917114,0.9124242067337036,0.46034446358680725,-0.5156511068344116,0.5703829526901245,0.40853896737098694,-0.22692076861858368,1.0761173963546753,0.7949554324150085,-0.5172179937362671,0.3905840516090393,0.6464947462081909,-0.6332777738571167,1.2018988132476807,1.0260521173477173,-0.7622963786125183,0.2950577735900879,0.4355609714984894,-1.6352742910385132,1.2521436214447021,1.0827536582946777,-0.8301935195922852,0.2720370888710022,0.3155236840248108,-1.7821996212005615,1.248279094696045,1.083105444908142,-0.8963627815246582,0.27001523971557617,0.27185413241386414,-1.7955198287963867,1.2108922004699707,1.0745911598205566,-0.8008305430412292,0.29617488384246826,0.32139164209365845,-1.6716372966766357,0.6999138593673706,1.0327537059783936,-0.11203382909297943,0.5365259647369385,0.9415255784988403,0.11377261579036713,0.6487404704093933,1.5308939218521118,0.12369050085544586,0.4356982707977295,1.4226492643356323,0.5349892377853394,0.5661534070968628,1.9526525735855103,0.7430838346481323,0.3286794424057007,1.842341661453247,1.105093240737915,0.5744059085845947,2.0206692218780518,0.7937272191047668,0.3117581009864807,1.9100383520126343,1.1529914140701294,0.48063594102859497,2.078876256942749,0.45489826798439026,0.30264416337013245,1.97431480884552,0.7980383038520813
210,TEST,HIGH MOVEMENT,0.6540194749832153,0.17420749366283417,-0.8439234495162964,0.6976681351661682,0.12183224409818649,-0.8486372828483582,0.7196419835090637,0.12347979098558426,-0.8490241169929504,0.7426016330718994,0.1263331025838852,-0.8494526147842407,0.6519513130187988,0.11606474965810776,-0.800268828868866,0.6388880014419556,0.11442068219184875,-0.800369381904602,0.6276347637176514,0.11272719502449036,-0.8010272979736328,0.7929373979568481,0.1635003238916397,-0.6843032836914062,0.6565812826156616,0.1432197093963623,-0.44192805886268616,0.6797508001327515,0.24364885687828064,-0.7724981307983398,0.6372273564338684,0.23751656711101532,-0.7025429010391235,0.9140748977661133,0.4638463854789734,-0.5137876272201538,0.5665167570114136,0.411321222782135,-0.2143094837665558,1.0774743556976318,0.780803918838501,-0.5237250328063965,0.3757089376449585,0.6361562609672546,-0.6378909349441528,1.209791898727417,1.0056570768356323,-0.7587915062904358,0.2880074381828308,0.4073185920715332,-1.60025954246521,1.2600339651107788,1.0592371225357056,-0.8229092359542847,0.26367977261543274,0.2886568307876587,-1.7428207397460938,1.2589505910873413,1.0448861122131348,-0.8902201652526855,0.27098530530929565,0.24994634091854095,-1.7552369832992554,1.2238825559616089,1.0315934419631958,-0.7976428270339966,0.2986834645271301,0.2968043386936188,-1.6358734369277954,0.7022523880004883,1.0332882404327393,-0.11421334743499756,0.5359452962875366,0.9454190135002136,0.11601227521896362,0.6526960730552673,1.5528370141983032,0.14071276783943176,0.4579237103462219,1.4425723552703857,0.5734065771102905,0.572954535484314,1.97846519947052,0.7629576325416565,0.3582766652107239,1.8640385866165161,1.1841319799423218,0.5831432342529297,2.0473368167877197,0.807520866394043,0.3453224301338196,1.9312876462936401,1.2365930080413818,0.4810826778411865,2.0996217727661133,0.4454619288444519,0.32872849702835083,1.9969836473464966,0.8761093020439148
211,TEST,HIGH MOVEMENT,0.6531596779823303,0.1899844855070114,-0.7795213460922241,0.6974202990531921,0.1332438439130783,-0.7834144234657288,0.7202497720718384,0.1340840607881546,-0.7836770415306091,0.7438816428184509,0.13569588959217072,-0.7840718626976013,0.6500650644302368,0.12798090279102325,-0.740692675113678,0.6371602416038513,0.12561389803886414,-0.7408604621887207,0.6267279982566833,0.12306202948093414,-0.7415329217910767,0.7923175096511841,0.16894438862800598,-0.6409198045730591,0.6458818316459656,0.15151667594909668,-0.4086611866950989,0.6797857284545898,0.2589907944202423,-0.7119327783584595,0.6363252401351929,0.2512398064136505,-0.647854208946228,0.9142895936965942,0.4731145203113556,-0.4265819489955902,0.5435088872909546,0.4139041006565094,-0.19982166588306427,1.090331792831421,0.7551486492156982,-0.415341317653656,0.31421664357185364,0.5268576145172119,-0.6443225145339966,1.2095813751220703,0.9171018004417419,-0.5776609182357788,0.33535295724868774,0.21883895993232727,-1.4433180093765259,1.2586462497711182,0.9797650575637817,-0.6101199388504028,0.3619791269302368,0.10144493728876114,-1.5643260478973389,1.2551023960113525,0.9566828012466431,-0.6555970311164856,0.3974401652812958,0.08875145763158798,-1.5067135095596313,1.2227729558944702,0.9434996843338013,-0.6039947271347046,0.4041951596736908,0.13712742924690247,-1.445252537727356,0.7153909206390381,1.051945686340332,-0.08921541273593903,0.5310987234115601,0.960107147693634,0.09109995514154434,0.6845096945762634,1.5886712074279785,0.009955523535609245,0.4599226117134094,1.481937289237976,0.5052980184555054,0.6155821084976196,2.036585569381714,0.46112722158432007,0.3869567811489105,1.9179500341415405,0.9210068583488464,0.6229227185249329,2.10919451713562,0.4875887930393219,0.3748686909675598,1.9825189113616943,0.9640935659408569,0.5343763828277588,2.1804778575897217,0.07643474638462067,0.37951380014419556,2.0755414962768555,0.5652075409889221
212,TEST,HIGH MOVEMENT,0.6535572409629822,0.19556516408920288,-0.771135687828064,0.6961504220962524,0.14196452498435974,-0.7702615261077881,0.7190298438072205,0.14314232766628265,-0.770571231842041,0.7425270676612854,0.1444174349308014,-0.770988941192627,0.648948073387146,0.13582365214824677,-0.7260463237762451,0.635968804359436,0.13313564658164978,-0.7263516187667847,0.6257250308990479,0.1304379254579544,-0.7270441055297852,0.7912726402282715,0.17455516755580902,-0.6213783621788025,0.6426898241043091,0.1553352028131485,-0.4038829803466797,0.6815386414527893,0.26494476199150085,-0.699561357498169,0.6362857222557068,0.25704535841941833,-0.6349313855171204,0.9141070246696472,0.4793210029602051,-0.4304558336734772,0.5396057963371277,0.4137877821922302,-0.1134340912103653,1.1127077341079712,0.7322403788566589,-0.4682696759700775,0.2890484035015106,0.4339660108089447,-0.4670982360839844,1.210155725479126,0.879835307598114,-0.6759213209152222,0.3716203272342682,0.1362181156873703,-0.6676682829856873,1.2573144435882568,0.9472062587738037,-0.7082671523094177,0.41126078367233276,0.0409693643450737,-0.737438440322876,1.2453067302703857,0.9186368584632874,-0.7062047123908997,0.4524032473564148,0.046714864671230316,-0.5652205944061279,1.2191743850708008,0.9051721096038818,-0.6933320164680481,0.45262327790260315,0.08791983127593994,-0.6043827533721924,0.7494544386863708,1.127667784690857,-0.10073242336511612,0.5276668071746826,0.9771591424942017,0.10317548364400864,0.6926283240318298,1.6302196979522705,-0.027034536004066467,0.44812068343162537,1.5140012502670288,0.3688134551048279,0.6459053754806519,2.0884311199188232,0.4856845736503601,0.42504987120628357,1.974568247795105,0.8569996953010559,0.656895637512207,2.1789746284484863,0.5233342051506042,0.4225562512874603,2.042393207550049,0.9003270268440247,0.5651419758796692,2.2077109813690186,0.12374120950698853,0.419304758310318,2.1381454467773438,0.528899073600769
213,TEST,HIGH MOVEMENT,0.6537131071090698,0.1990354210138321,-0.8279632329940796,0.6962805390357971,0.14846794307231903,-0.8308855891227722,0.7192795276641846,0.15037913620471954,-0.831061840057373,0.742509663105011,0.15261155366897583,-0.8314272165298462,0.6493942737579346,0.14139389991760254,-0.7794458270072937,0.6365853548049927,0.13870491087436676,-0.7796472311019897,0.6255002617835999,0.1358610838651657,-0.7802834510803223,0.7907533645629883,0.1849793791770935,-0.6630542278289795,0.643356442451477,0.16051170229911804,-0.40584930777549744,0.6820401549339294,0.26964840292930603,-0.7561182975769043,0.6363802552223206,0.2588965892791748,-0.6821929216384888,0.9143944978713989,0.481886088848114,-0.505168080329895,0.5422695875167847,0.4145651161670685,-0.12047506868839264,1.1124076843261719,0.7333075404167175,-0.5172744989395142,0.29957786202430725,0.3695378601551056,-0.3514380156993866,1.2103914022445679,0.8828664422035217,-0.6656637787818909,0.42513495683670044,0.08652055263519287,-0.4776231646537781,1.2557616233825684,0.955818235874176,-0.7059367895126343,0.47937074303627014,0.02089790254831314,-0.5372887849807739,1.2440087795257568,0.9284986257553101,-0.7309216260910034,0.5111442804336548,0.029090259224176407,-0.4224093556404114,1.2180700302124023,0.9153311252593994,-0.687631368637085,0.514549195766449,0.06870067864656448,-0.4455045759677887,0.7660092711448669,1.1485977172851562,-0.11214761435985565,0.5278815627098083,0.9815638065338135,0.11497801542282104,0.6883078813552856,1.6563105583190918,0.07396884262561798,0.4613679051399231,1.5595860481262207,0.4403204321861267,0.6450323462486267,2.1269938945770264,0.718191385269165,0.4080142378807068,2.0196964740753174,0.966062068939209,0.6572723388671875,2.20927095413208,0.765385627746582,0.39548441767692566,2.088503837585449,1.0122545957565308,0.5623694658279419,2.2694623470306396,0.19004997611045837,0.41477227210998535,2.1896159648895264,0.5455425381660461
214,TEST,HIGH MOVEMENT,0.6548774242401123,0.20124314725399017,-0.787345290184021,0.6975790858268738,0.1522550731897354,-0.7935749292373657,0.7198651432991028,0.15509428083896637,-0.793955385684967,0.7424533367156982,0.15862636268138885,-0.7944093942642212,0.6534136533737183,0.14416593313217163,-0.7444967031478882,0.6415064930915833,0.14119546115398407,-0.7446789741516113,0.6306972503662109,0.1383308619260788,-0.7452927827835083,0.7904819250106812,0.19250008463859558,-0.5997461676597595,0.6501494646072388,0.16154441237449646,-0.36365005373954773,0.6819016933441162,0.2728697955608368,-0.7298876047134399,0.6373770236968994,0.2581139802932739,-0.6562987565994263,0.9142596125602722,0.4811241924762726,-0.4509759545326233,0.5448311567306519,0.41437050700187683,-0.060532957315444946,1.1216281652450562,0.7102978229522705,-0.5072399377822876,0.2921403646469116,0.350119024515152,-0.15620610117912292,1.1852085590362549,0.7908964157104492,-0.6408823132514954,0.45824140310287476,0.08191081136465073,-0.1893310844898224,1.2084120512008667,0.8395636677742004,-0.6773179769515991,0.5202027559280396,0.02327270247042179,-0.22936415672302246,1.187912106513977,0.809131920337677,-0.678564190864563,0.5505419969558716,0.03979533165693283,-0.09480343759059906,1.1725633144378662,0.7986089587211609,-0.6523879170417786,0.55213862657547,0.08537296950817108,-0.14826539158821106,0.7681927680969238,1.1522024869918823,-0.13316640257835388,0.5291709899902344,0.9953842163085938,0.13563060760498047,0.6852044463157654,1.6539711952209473,-0.13860133290290833,0.4522743821144104,1.535970687866211,0.09482317417860031,0.6377760171890259,2.1317667961120605,0.33494696021080017,0.3998686373233795,2.036966562271118,0.47971826791763306,0.6513329744338989,2.222294330596924,0.3668418228626251,0.39631345868110657,2.1065123081207275,0.5100964307785034,0.5503007173538208,2.2549185752868652,-0.09254954010248184,0.3940202593803406,2.2091500759124756,0.09894196689128876
215,TEST,MOVING,0.6542350053787231,0.19952842593193054,-0.8174686431884766,0.6972798705101013,0.1502850204706192,-0.8126459121704102,0.7198606729507446,0.15336278080940247,-0.8127741813659668,0.7426556348800659,0.1573636829853058,-0.8131893277168274,0.6526001691818237,0.1421373337507248,-0.7677024006843567,0.6405936479568481,0.13923832774162292,-0.7680219411849976,0.6299146413803101,0.13642288744449615,-0.7686343789100647,0.7904723882675171,0.19139331579208374,-0.6177743673324585,0.6484917402267456,0.16031748056411743,-0.3903428912162781,0.6814925074577332,0.27314892411231995,-0.7436871528625488,0.6370992660522461,0.2567829191684723,-0.6787887811660767,0.9134092330932617,0.48071086406707764,-0.4724334180355072,0.5431671738624573,0.4137425124645233,-0.08212213963270187,1.1425780057907104,0.6813017725944519,-0.5596532225608826,0.29140955209732056,0.36050066351890564,-0.2489253580570221,1.186276912689209,0.8009904623031616,-0.7358728647232056,0.44534268975257874,0.08098535984754562,-0.28729650378227234,1.2084962129592896,0.8598756790161133,-0.7879171371459961,0.49360424280166626,0.010667885653674603,-0.3273553252220154,1.1850084066390991,0.8283230066299438,-0.7790688276290894,0.5252509713172913,0.01955607905983925,-0.3945302367210388,1.1695311069488525,0.8154560923576355,-0.746653139591217,0.5295610427856445,0.07124041020870209,-0.3821812570095062,0.7650368809700012,1.153568148612976,-0.15954895317554474,0.5294064879417419,0.9929956197738647,0.16169141232967377,0.6736723780632019,1.6762182712554932,-0.1778787225484848,0.4496377110481262,1.5299283266067505,0.20234349370002747,0.6164815425872803,2.1738736629486084,0.3361085057258606,0.379707008600235,2.025858163833618,0.6360071897506714,0.6285380125045776,2.2667176723480225,0.3692953288555145,0.37466588616371155,2.096762180328369,0.6744644045829773,0.5322766900062561,2.2948575019836426,-0.08070354163646698,0.362106591463089,2.1877248287200928,0.3158543109893799
216,TEST,MOVING,0.6537872552871704,0.2000485360622406,-0.8907114863395691,0.6966679096221924,0.15072529017925262,-0.8866219520568848,0.7191206812858582,0.15387937426567078,-0.8867557644844055,0.7418214082717896,0.1579587161540985,-0.8872780799865723,0.6520124673843384,0.1421569436788559,-0.8412235975265503,0.6399549841880798,0.13909906148910522,-0.8415973782539368,0.6291734576225281,0.13609579205513,-0.842247486114502,0.7900857925415039,0.19139842689037323,-0.6897182464599609,0.6476665735244751,0.1595633178949356,-0.4591188430786133,0.6808396577835083,0.27508828043937683,-0.8082993626594543,0.6365277767181396,0.257443368434906,-0.7439313530921936,0.9126840829849243,0.47917336225509644,-0.5518108606338501,0.543262779712677,0.41315922141075134,-0.10282547771930695,1.1443088054656982,0.6877431869506836,-0.6505743265151978,0.28884634375572205,0.3644498884677887,-0.25155070424079895,1.1874884366989136,0.8220719695091248,-0.8426605463027954,0.44100895524024963,0.08551488071680069,-0.38672035932540894,1.2116305828094482,0.8608401417732239,-0.8934767842292786,0.4900732934474945,0.019878504797816277,-0.42526936531066895,1.1893209218978882,0.8375837802886963,-0.8975086212158203,0.525198757648468,0.02908741682767868,-0.3312152028083801,1.1727406978607178,0.8286977410316467,-0.8558112382888794,0.5288000702857971,0.07703571021556854,-0.3712940812110901,0.7678629159927368,1.163698434829712,-0.18110938370227814,0.5291837453842163,1.069358468055725,0.18297958374023438,0.6769610643386841,1.692626714706421,-0.20444849133491516,0.4464564323425293,1.5301843881607056,0.24034075438976288,0.619791567325592,2.19303297996521,0.3128490149974823,0.3844974637031555,2.029308557510376,0.7892811894416809,0.6320806741714478,2.2881362438201904,0.34876686334609985,0.38084930181503296,2.0999562740325928,0.8361228704452515,0.5310994386672974,2.317246675491333,-0.09787476062774658,0.3720279037952423,2.195005178451538,0.42662912607192993
217,TEST,HIGH MOVEMENT,0.6549804210662842,0.20273151993751526,-0.872204601764679,0.6989749670028687,0.15220873057842255,-0.865149199962616,0.7225903272628784,0.1547282487154007,-0.8652812242507935,0.7458868622779846,0.15846103429794312,-0.8657727241516113,0.6520686149597168,0.14452974498271942,-0.8227798342704773,0.6398067474365234,0.14134207367897034,-0.8232027888298035,0.6288212537765503,0.1383935511112213,-0.8239453434944153,0.7919288873672485,0.18978439271450043,-0.6754938364028931,0.6471549272537231,0.15935255587100983,-0.4565342366695404,0.682336688041687,0.2786371409893036,-0.7927037477493286,0.6368600130081177,0.260400652885437,-0.7315901517868042,0.9150819778442383,0.47795963287353516,-0.5284621119499207,0.543036162853241,0.4138444662094116,-0.14054661989212036,1.1575937271118164,0.6916293501853943,-0.6311327219009399,0.2838273048400879,0.39030593633651733,-0.4346340298652649,1.2321505546569824,0.8312094807624817,-0.7681443691253662,0.42256173491477966,0.07706081867218018,-0.8624903559684753,1.2601869106292725,0.8665284514427185,-0.7988684773445129,0.4512220323085785,-0.026302028447389603,-0.9389932751655579,1.243137001991272,0.8497280478477478,-0.8105031251907349,0.4816770553588867,-0.030615611001849174,-0.8319045305252075,1.2255839109420776,0.8401721119880676,-0.7828723192214966,0.48852914571762085,0.02816479466855526,-0.838699996471405,0.7696022391319275,1.1658833026885986,-0.17568369209766388,0.530507504940033,1.0764411687850952,0.17742851376533508,0.6802833080291748,1.69927978515625,-0.2527119219303131,0.4073190689086914,1.483116626739502,0.16745710372924805,0.6179500222206116,2.2006425857543945,0.23454515635967255,0.3649926483631134,1.9751455783843994,0.6841219663619995,0.6318251490592957,2.294050931930542,0.2667188346385956,0.36467549204826355,2.045196533203125,0.7272990942001343,0.5245202779769897,2.318643808364868,-0.1593969613313675,0.350358247756958,2.1293351650238037,0.3705739378929138
218,TEST,HIGH MOVEMENT,0.6637486815452576,0.2016630470752716,-0.9226120114326477,0.7108777165412903,0.15102986991405487,-0.9103215932846069,0.736946165561676,0.15349121391773224,-0.9105318188667297,0.7600361108779907,0.15701240301132202,-0.9109807014465332,0.6572955846786499,0.1436518281698227,-0.8793829679489136,0.6436501741409302,0.14064320921897888,-0.8798382878303528,0.6322647929191589,0.13773009181022644,-0.8803642392158508,0.8004457354545593,0.18938009440898895,-0.7141827940940857,0.6503750085830688,0.1589452177286148,-0.5471221208572388,0.6968885660171509,0.27832743525505066,-0.8386995196342468,0.6439498662948608,0.2615012228488922,-0.790141224861145,0.9233930706977844,0.47716373205184937,-0.5570611357688904,0.5435101389884949,0.4141947627067566,-0.3062348961830139,1.1551880836486816,0.7219561338424683,-0.7105182409286499,0.2921749949455261,0.40507805347442627,-0.5924035906791687,1.196014165878296,0.8992969393730164,-1.0827916860580444,0.37462013959884644,0.020064182579517365,-1.0045230388641357,1.2158585786819458,0.9597038626670837,-1.1431543827056885,0.3865974247455597,-0.12375159561634064,-1.0752564668655396,1.2017042636871338,0.9127448797225952,-1.178828477859497,0.4186632037162781,-0.1388777196407318,-1.0403618812561035,1.1843650341033936,0.899582028388977,-1.109173059463501,0.41735997796058655,-0.0718761682510376,-1.0031377077102661,0.7658127546310425,1.1653132438659668,-0.17326530814170837,0.5421402454376221,1.0454747676849365,0.1738000512123108,0.7058063745498657,1.3738356828689575,-0.06710614264011383,0.2780289053916931,0.9256269335746765,0.19934676587581635,0.647235631942749,1.7637735605239868,0.6002063751220703,0.11069469153881073,1.1639981269836426,0.6405945420265198,0.6510284543037415,1.8328486680984497,0.6589642763137817,0.11416955292224884,1.2329154014587402,0.6831625699996948,0.5921972990036011,1.8791261911392212,0.4618805944919586,-0.04813044145703316,1.1683913469314575,0.48024892807006836
219,TEST,HIGH MOVEMENT,0.6695767045021057,0.2008391171693802,-0.9250775575637817,0.7187468409538269,0.15022012591362,-0.907435417175293,0.7452343702316284,0.15264685451984406,-0.9076293110847473,0.7675298452377319,0.1561708152294159,-0.9081050753593445,0.6619480848312378,0.14290779829025269,-0.8790585398674011,0.6474810242652893,0.13998790085315704,-0.8794471025466919,0.6355031132698059,0.1371230185031891,-0.8798027038574219,0.8060005903244019,0.18748554587364197,-0.700052797794342,0.652350127696991,0.15885022282600403,-0.544692873954773,0.7058476209640503,0.27757528424263,-0.8370299339294434,0.6486438512802124,0.2623719573020935,-0.792715311050415,0.9281479120254517,0.4765882194042206,-0.5598883628845215,0.543727695941925,0.4139659106731415,-0.3064858913421631,1.1542092561721802,0.7359492182731628,-0.7394343018531799,0.2979438900947571,0.40977171063423157,-0.5995742082595825,1.1811107397079468,0.9498115181922913,-1.1234740018844604,0.35941511392593384,0.013283847831189632,-1.033435583114624,1.1995465755462646,1.022584080696106,-1.180822491645813,0.36765676736831665,-0.13250169157981873,-1.105293869972229,1.1840760707855225,0.9814798831939697,-1.2220827341079712,0.3981803059577942,-0.14888617396354675,-1.078000783920288,1.1647497415542603,0.9649821519851685,-1.15045964717865,0.397782564163208,-0.08167295902967453,-1.035874366760254,0.7637579441070557,1.1672719717025757,-0.17032194137573242,0.5484555959701538,1.0286647081375122,0.17135782539844513,0.7020447254180908,1.2782859802246094,-0.026400292292237282,0.25368732213974,0.8290661573410034,0.21284882724285126,0.64168781042099,1.6038691997528076,0.7024491429328918,0.11350564658641815,0.9629866480827332,0.510473906993866,0.643791913986206,1.663395643234253,0.7696172595024109,0.11881492286920547,1.025818943977356,0.5410760045051575,0.5888402462005615,1.7022274732589722,0.6154597401618958,-0.04043366760015488,0.9209877848625183,0.4124269485473633
220,TEST,HIGH MOVEMENT,0.6682365536689758,0.20039613544940948,-1.0126276016235352,0.716875433921814,0.1500021368265152,-1.0052356719970703,0.7428117394447327,0.15239618718624115,-1.0054141283035278,0.7652088403701782,0.1558047980070114,-1.005900502204895,0.6611543893814087,0.14276805520057678,-0.9699071049690247,0.6468690037727356,0.13987182080745697,-0.9703412055969238,0.6348901391029358,0.13684076070785522,-0.9707739949226379,0.806033730506897,0.18372035026550293,-0.8317208290100098,0.6530423164367676,0.15740340948104858,-0.6423712968826294,0.7030954957008362,0.2767263650894165,-0.9356697797775269,0.6478288173675537,0.262127548456192,-0.8808305859565735,0.9369670748710632,0.47649717330932617,-0.6507601141929626,0.5449432730674744,0.4145323932170868,-0.40837177634239197,1.1540167331695557,0.7570402026176453,-0.7839584946632385,0.3013796806335449,0.41504940390586853,-0.5976319909095764,1.2415612936019897,0.9554497599601746,-1.1647533178329468,0.3482974171638489,0.04285525530576706,-0.9318796992301941,1.2759182453155518,1.024566411972046,-1.2142131328582764,0.3606843054294586,-0.08406302332878113,-0.9860683679580688,1.2705051898956299,0.9816640615463257,-1.2715790271759033,0.3906884789466858,-0.10379216074943542,-0.9606936573982239,1.246913194656372,0.9657300114631653,-1.199735403060913,0.3893645405769348,-0.04386633262038231,-0.9314697980880737,0.7684649229049683,1.1744853258132935,-0.1680196225643158,0.5556641817092896,1.0070961713790894,0.1690540313720703,0.7062801122665405,1.2055413722991943,-0.032561857253313065,0.2549503445625305,0.8455420732498169,0.23277072608470917,0.6589289307594299,1.4829585552215576,0.6786107420921326,0.16466310620307922,0.9637864232063293,0.5504776239395142,0.6610261797904968,1.5431567430496216,0.7426071166992188,0.17357668280601501,1.0143734216690063,0.5837329626083374,0.601058304309845,1.5434705018997192,0.5988857746124268,0.02781512960791588,0.9352698922157288,0.4586201310157776
221,TEST,MOVING,0.66731858253479,0.19988180696964264,-0.996341347694397,0.7163597345352173,0.14941389858722687,-0.9898368716239929,0.742296576499939,0.15179826319217682,-0.9899967908859253,0.7647718191146851,0.15512531995773315,-0.990461528301239,0.660741925239563,0.14219070971012115,-0.9537068605422974,0.6465062499046326,0.13934233784675598,-0.9541094899177551,0.6345009207725525,0.13640154898166656,-0.9545007944107056,0.8063427209854126,0.18346910178661346,-0.8208192586898804,0.6536652445793152,0.1570436954498291,-0.6280306577682495,0.7013591527938843,0.2768174111843109,-0.9211524724960327,0.647310197353363,0.2625947594642639,-0.865190327167511,0.9379842877388,0.47709593176841736,-0.6545226573944092,0.5455750823020935,0.41617557406425476,-0.38228464126586914,1.1497951745986938,0.7602540254592896,-0.7824324369430542,0.30397409200668335,0.41899290680885315,-0.5375157594680786,1.2401444911956787,0.9572338461875916,-1.1583439111709595,0.34230929613113403,0.050546519458293915,-0.8449567556381226,1.273252248764038,1.0258737802505493,-1.207223653793335,0.35685980319976807,-0.07334218174219131,-0.9000377655029297,1.2677106857299805,0.9839469194412231,-1.2593717575073242,0.386791467666626,-0.09503862261772156,-0.8664928674697876,1.244271993637085,0.9681952595710754,-1.1907376050949097,0.3850553631782532,-0.035386089235544205,-0.8434041738510132,0.7690470218658447,1.176464557647705,-0.16855908930301666,0.5614584684371948,0.9960857033729553,0.1694311797618866,0.7024410963058472,1.2005271911621094,-0.02730083465576172,0.26594263315200806,0.8606681227684021,0.32158035039901733,0.6552020311355591,1.4832590818405151,0.6901035904884338,0.14059238135814667,0.9439953565597534,0.5956336855888367,0.6584286689758301,1.5435587167739868,0.7552988529205322,0.1424580067396164,0.9960819482803345,0.6296139359474182,0.5935425758361816,1.5420085191726685,0.6206608414649963,-0.0036761679220944643,0.8882078528404236,0.5247832536697388
222,TEST,HIGH MOVEMENT,0.6667096614837646,0.2054719626903534,-1.0484379529953003,0.7146090865135193,0.15349987149238586,-1.0592901706695557,0.740905225276947,0.15436097979545593,-1.059459924697876,0.7642358541488647,0.1562381535768509,-1.060016393661499,0.6602572202682495,0.14734317362308502,-1.0011266469955444,0.6461061239242554,0.144213005900383,-1.0018200874328613,0.6340924501419067,0.14119555056095123,-1.0024899244308472,0.8056377172470093,0.18300111591815948,-0.916107177734375,0.653374969959259,0.16012805700302124,-0.6299372911453247,0.7003139853477478,0.28170958161354065,-0.9783247113227844,0.6469367146492004,0.270320326089859,-0.8964492082595825,0.9442899823188782,0.47727420926094055,-0.7407413721084595,0.5484899282455444,0.42591163516044617,-0.3262161314487457,1.1284732818603516,0.8048747181892395,-0.7444614768028259,0.304856538772583,0.46853625774383545,-0.5972293615341187,1.1788800954818726,1.0556365251541138,-1.0204180479049683,0.3408263623714447,0.07100893557071686,-1.2088335752487183,1.1980688571929932,1.1357954740524292,-1.0589914321899414,0.35826265811920166,-0.0716082826256752,-1.3017573356628418,1.1916884183883667,1.1003376245498657,-1.0900992155075073,0.39606374502182007,-0.0933721512556076,-1.234173059463501,1.174565315246582,1.0774680376052856,-1.0330288410186768,0.3857699930667877,-0.006028963718563318,-1.1995009183883667,0.8051319122314453,1.1822030544281006,-0.20915833115577698,0.5704694986343384,0.9935722947120667,0.2094869315624237,0.7394412755966187,1.5610365867614746,-0.3113254904747009,0.3984430432319641,1.2530944347381592,0.41918206214904785,0.7024767994880676,2.0859415531158447,0.27032044529914856,0.3318518400192261,1.7727233171463013,1.1021606922149658,0.7154934406280518,2.1880476474761963,0.3128509521484375,0.33821985125541687,1.8529468774795532,1.1669420003890991,0.6218594312667847,2.1903433799743652,-0.06826795637607574,0.24397897720336914,1.9110215902328491,0.9035840034484863
223,TEST,HIGH MOVEMENT,0.6662835478782654,0.2081928551197052,-1.0657771825790405,0.7138994932174683,0.15522907674312592,-1.0732702016830444,0.7397655844688416,0.15515939891338348,-1.073517084121704,0.7629966139793396,0.15638306736946106,-1.0740386247634888,0.6601864099502563,0.15074077248573303,-1.0204730033874512,0.6457720398902893,0.14767643809318542,-1.0210870504379272,0.6334173679351807,0.14477631449699402,-1.0217311382293701,0.8052752614021301,0.18252187967300415,-0.9045091867446899,0.6529628038406372,0.16200686991214752,-0.637922465801239,0.6998332738876343,0.2833586633205414,-0.9858105778694153,0.647057831287384,0.27430665493011475,-0.9096242189407349,0.9428027868270874,0.4771619439125061,-0.7476494312286377,0.5506757497787476,0.43049338459968567,-0.3180161714553833,1.1179139614105225,0.792534589767456,-0.8159655332565308,0.3039805293083191,0.4864521622657776,-0.6806619763374329,1.1733537912368774,1.0207246541976929,-1.1111342906951904,0.32823818922042847,0.08357108384370804,-1.3475350141525269,1.1968472003936768,1.0970118045806885,-1.18282949924469,0.3447343707084656,-0.040779806673526764,-1.4471787214279175,1.1882251501083374,1.0595399141311646,-1.2189408540725708,0.38183119893074036,-0.06074594706296921,-1.4048452377319336,1.1685601472854614,1.0411592721939087,-1.1363048553466797,0.37552493810653687,0.004698159638792276,-1.3493412733078003,0.8040650486946106,1.1831742525100708,-0.22247309982776642,0.5708690881729126,0.9875284433364868,0.2231500893831253,0.7283638715744019,1.5858485698699951,-0.34116730093955994,0.39429688453674316,1.2578803300857544,0.603137195110321,0.698017954826355,2.100224018096924,0.1706734448671341,0.30782046914100647,1.7487857341766357,1.308802604675293,0.7142869234085083,2.1959168910980225,0.2080172747373581,0.3124989867210388,1.833203673362732,1.37517511844635,0.6160680055618286,2.216256618499756,-0.15230512619018555,0.22095075249671936,1.8674654960632324,1.1307586431503296
224,TEST,HIGH MOVEMENT,0.6662049293518066,0.20744094252586365,-1.0038506984710693,0.7135884165763855,0.1539425253868103,-0.9881653785705566,0.7394310832023621,0.15399934351444244,-0.9885360598564148,0.7627872824668884,0.1555911898612976,-0.9891611933708191,0.6600554585456848,0.1504199355840683,-0.9554966688156128,0.6456236243247986,0.14745847880840302,-0.9558860659599304,0.6331967115402222,0.1443328708410263,-0.9561483263969421,0.8051454424858093,0.1810116171836853,-0.8052698373794556,0.653067946434021,0.16172578930854797,-0.6134851574897766,0.6989148855209351,0.28275543451309204,-0.9231799244880676,0.6468435525894165,0.2741542160511017,-0.868732750415802,0.941692054271698,0.47290441393852234,-0.714995801448822,0.5511340498924255,0.43003612756729126,-0.3052794933319092,1.1312370300292969,0.7910032868385315,-0.8112980127334595,0.3030615448951721,0.48317891359329224,-0.591313362121582,1.2196753025054932,1.0029150247573853,-1.1966956853866577,0.29482346773147583,0.07402262091636658,-1.0880370140075684,1.260941982269287,1.0762790441513062,-1.257380723953247,0.2872253954410553,-0.05489348620176315,-1.163152813911438,1.245058536529541,1.0383726358413696,-1.3163094520568848,0.319087952375412,-0.07761590927839279,-1.1419494152069092,1.2177019119262695,1.0209720134735107,-1.2326825857162476,0.32445254921913147,-0.01869260147213936,-1.0938787460327148,0.7976970076560974,1.183390498161316,-0.21160373091697693,0.5690637230873108,0.985859215259552,0.21250684559345245,0.7314313054084778,1.2236123085021973,-0.252157062292099,0.25344064831733704,0.8224415183067322,0.34968382120132446,0.6965718269348145,1.62171471118927,0.29181304574012756,0.007390313781797886,1.038707971572876,0.4095402657985687,0.6897721290588379,1.7109440565109253,0.3374650180339813,-0.00014374539023265243,1.1322365999221802,0.4161354899406433,0.6064630746841431,1.6811765432357788,-0.014013631269335747,-0.19624626636505127,0.928638756275177,0.29170870780944824
225,TEST,HIGH MOVEMENT,0.6657301783561707,0.20733526349067688,-1.0184671878814697,0.712654709815979,0.15292076766490936,-1.017418622970581,0.7386470437049866,0.15293049812316895,-1.0177171230316162,0.7624757289886475,0.15466926991939545,-1.0182772874832153,0.6587773561477661,0.14993058145046234,-0.9729204177856445,0.6445974111557007,0.14718279242515564,-0.9734064936637878,0.6320694088935852,0.14421446621418,-0.9738507270812988,0.804853081703186,0.17911754548549652,-0.8668901324272156,0.652983546257019,0.16156786680221558,-0.6292954683303833,0.6985134482383728,0.2822345495223999,-0.9472001791000366,0.6466807126998901,0.27389824390411377,-0.8794821500778198,0.9408772587776184,0.46868467330932617,-0.7261952757835388,0.5545141100883484,0.4295095205307007,-0.337744802236557,1.1287990808486938,0.7964163422584534,-0.8428369760513306,0.3036655783653259,0.48775625228881836,-0.636630654335022,1.218631386756897,1.034691333770752,-1.157793641090393,0.29246363043785095,0.08070826530456543,-1.2028868198394775,1.2590502500534058,1.1070494651794434,-1.2148956060409546,0.2889105975627899,-0.04167049750685692,-1.2788960933685303,1.245139479637146,1.0776387453079224,-1.2716891765594482,0.3192734122276306,-0.061730992048978806,-1.271426796913147,1.2176415920257568,1.0616693496704102,-1.1908957958221436,0.32469242811203003,-0.00703192176297307,-1.2147185802459717,0.793947160243988,1.1809605360031128,-0.2132343053817749,0.5757980942726135,0.9820870161056519,0.21391186118125916,0.7011584043502808,1.2802278995513916,-0.27933624386787415,0.25572893023490906,0.8986345529556274,0.3815781772136688,0.6940968632698059,1.701732873916626,0.259197860956192,0.02547312155365944,1.173882246017456,0.576587975025177,0.6840835809707642,1.7839281558990479,0.30460435152053833,0.019009072333574295,1.2616925239562988,0.6173694133758545,0.6005291938781738,1.7850937843322754,0.06798622012138367,-0.1520339548587799,1.1413925886154175,0.48242324590682983
226,TEST,HIGH MOVEMENT,0.6642558574676514,0.20584747195243835,-1.1387056112289429,0.7112122774124146,0.1509263962507248,-1.1381101608276367,0.7374798059463501,0.15115459263324738,-1.1384117603302002,0.7619158029556274,0.1531769186258316,-1.1390295028686523,0.6570970416069031,0.1479463130235672,-1.0881245136260986,0.6431822776794434,0.14539851248264313,-1.0887229442596436,0.6305098533630371,0.14264996349811554,-1.089195966720581,0.8045426607131958,0.17777185142040253,-0.9702771306037903,0.6529515385627747,0.16048091650009155,-0.7154430150985718,0.6967200636863708,0.2809378206729889,-1.0604488849639893,0.6462333798408508,0.27267855405807495,-0.9871581196784973,0.9405762553215027,0.4665013253688812,-0.8096286654472351,0.5561128854751587,0.4290911853313446,-0.38867801427841187,1.1283783912658691,0.8073028326034546,-0.9113208055496216,0.30434298515319824,0.490396648645401,-0.7267893552780151,1.2239978313446045,1.0637474060058594,-1.2011992931365967,0.291015088558197,0.08467371016740799,-1.3855689764022827,1.2654688358306885,1.1355701684951782,-1.2649672031402588,0.2867361009120941,-0.03483849763870239,-1.476099967956543,1.254685640335083,1.1104111671447754,-1.324235200881958,0.31765612959861755,-0.05388818308711052,-1.4650721549987793,1.2262117862701416,1.0943849086761475,-1.2349146604537964,0.324007123708725,-0.0010066216345876455,-1.3978084325790405,0.79276043176651,1.1792911291122437,-0.22941796481609344,0.5808559656143188,0.9747641086578369,0.22991223633289337,0.6754193902015686,1.3164228200912476,-0.3103944957256317,0.27439722418785095,0.9491227269172668,0.41004377603530884,0.6823341846466064,1.7373324632644653,0.26796644926071167,0.08713150024414062,1.2707334756851196,0.8732891082763672,0.6871766448020935,1.8163784742355347,0.3163467347621918,0.08665521442890167,1.3510264158248901,0.921839714050293,0.6004000902175903,1.8259142637252808,0.07364191114902496,-0.07145792990922928,1.2789862155914307,0.7617758512496948
227,TEST,HIGH MOVEMENT,0.664070725440979,0.20670980215072632,-1.125298261642456,0.7106821537017822,0.15125450491905212,-1.1308319568634033,0.7373769283294678,0.15131211280822754,-1.131166696548462,0.7613235712051392,0.15311194956302643,-1.131852388381958,0.6564375162124634,0.1480047106742859,-1.075190782546997,0.6424131393432617,0.14538343250751495,-1.0758006572723389,0.6294419169425964,0.14267247915267944,-1.0765502452850342,0.804284930229187,0.17762157320976257,-0.9415683746337891,0.652440071105957,0.16058389842510223,-0.6657121181488037,0.6963322162628174,0.28174200654029846,-1.0383551120758057,0.646260142326355,0.27350541949272156,-0.957978367805481,0.9440193176269531,0.46477359533309937,-0.7552846074104309,0.5625825524330139,0.4330311715602875,-0.380482017993927,1.1404865980148315,0.7849242687225342,-0.7040169835090637,0.31251785159111023,0.5020950436592102,-0.6625384092330933,1.2231333255767822,1.0433411598205566,-0.8540316820144653,0.29735034704208374,0.13003644347190857,-1.3741196393966675,1.262786626815796,1.1127921342849731,-0.8995481729507446,0.29503753781318665,-0.0011758162872865796,-1.4734901189804077,1.2514101266860962,1.0841457843780518,-0.9441972970962524,0.32728105783462524,-0.015036885626614094,-1.4593476057052612,1.2241110801696777,1.0681922435760498,-0.8804769515991211,0.3329252600669861,0.03621984273195267,-1.3886134624481201,0.8267237544059753,1.1833741664886475,-0.24632628262043,0.5987874269485474,0.9820309281349182,0.24694998562335968,0.7074609398841858,1.6063835620880127,-0.39845094084739685,0.4426167905330658,1.3023632764816284,0.8473148345947266,0.6988511681556702,2.1506571769714355,0.10820144414901733,0.28362780809402466,1.7438833713531494,1.59915030002594,0.7175884246826172,2.258877992630005,0.13976898789405823,0.26863712072372437,1.8294997215270996,1.6690689325332642,0.6066848039627075,2.245131254196167,-0.2858218252658844,0.2050098180770874,1.830773949623108,1.3582239151000977
228,TEST,HIGH MOVEMENT,0.6658464074134827,0.208316370844841,-1.0942864418029785,0.7111961245536804,0.15147489309310913,-1.1080952882766724,0.7379327416419983,0.15134409070014954,-1.108313798904419,0.7620301842689514,0.15297047793865204,-1.109001874923706,0.6570329666137695,0.14828549325466156,-1.0513083934783936,0.6427412033081055,0.14559073746204376,-1.0518710613250732,0.6297001838684082,0.14289215207099915,-1.052671194076538,0.8061844706535339,0.1775563359260559,-0.9436697959899902,0.6535769701004028,0.16088464856147766,-0.659684419631958,0.700221836566925,0.2841333746910095,-1.0156253576278687,0.6490939855575562,0.2769729495048523,-0.9353893995285034,0.9542094469070435,0.4647916555404663,-0.7549855709075928,0.5677164793014526,0.4345964193344116,-0.3548305630683899,1.1399405002593994,0.8003281354904175,-0.6905234456062317,0.3243039846420288,0.518165111541748,-0.6403452157974243,1.1824437379837036,1.075689673423767,-0.8288790583610535,0.3007918894290924,0.16875699162483215,-1.3160172700881958,1.207554578781128,1.1629606485366821,-0.8794277310371399,0.3001360297203064,0.03994780033826828,-1.4131829738616943,1.1888203620910645,1.136997938156128,-0.919158935546875,0.3280599117279053,0.028316060081124306,-1.374389410018921,1.1682803630828857,1.110528588294983,-0.8522509336471558,0.3339579105377197,0.07258608192205429,-1.320772409439087,0.8472887873649597,1.1821784973144531,-0.21795327961444855,0.6025481820106506,0.9850739240646362,0.21900279819965363,0.7355993390083313,1.6836093664169312,-0.19371195137500763,0.4831676483154297,1.478507399559021,0.7819696664810181,0.7034808397293091,2.210592746734619,0.3756195902824402,0.3430255949497223,1.9466325044631958,1.51563560962677,0.7218165397644043,2.3088176250457764,0.4109881818294525,0.32329726219177246,2.0292937755584717,1.5818475484848022,0.6073974370956421,2.3324227333068848,-0.08918090909719467,0.30336833000183105,2.075495958328247,1.2159740924835205
229,TEST,HIGH MOVEMENT,0.6653715372085571,0.20963235199451447,-0.9589869379997253,0.710272490978241,0.1520591378211975,-0.9705632328987122,0.737468421459198,0.15182533860206604,-0.9709112048149109,0.7617406845092773,0.15320028364658356,-0.9716551899909973,0.6560312509536743,0.14875493943691254,-0.91593998670578,0.64165198802948,0.1461813598871231,-0.9164543151855469,0.6282178163528442,0.14371319115161896,-0.9172306060791016,0.8059564828872681,0.17749708890914917,-0.8096281886100769,0.6534298658370972,0.16183830797672272,-0.5372162461280823,0.6998833417892456,0.2851372957229614,-0.8824100494384766,0.6489561200141907,0.27815133333206177,-0.8052263259887695,0.9535916447639465,0.4635496735572815,-0.6522160768508911,0.5693442821502686,0.4368254244327545,-0.2362300157546997,1.1336994171142578,0.7984632849693298,-0.6184463500976562,0.3239625096321106,0.5217928290367126,-0.5738173127174377,1.1710400581359863,1.0687345266342163,-0.7994409799575806,0.2992704510688782,0.1688423901796341,-1.243173360824585,1.1955416202545166,1.1561814546585083,-0.8591796159744263,0.29975807666778564,0.040643446147441864,-1.340317964553833,1.175394058227539,1.129903793334961,-0.8978379368782043,0.3323207199573517,0.026531662791967392,-1.3075276613235474,1.155171275138855,1.104688286781311,-0.8248812556266785,0.3385104835033417,0.07159274071455002,-1.2498834133148193,0.8404965400695801,1.1819519996643066,-0.2167976200580597,0.605262279510498,0.9859334230422974,0.21766439080238342,0.7313141822814941,1.6314810514450073,-0.2761387825012207,0.4630052149295807,1.3955103158950806,0.6447256803512573,0.6974035501480103,2.1619913578033447,0.213876411318779,0.3617725968360901,1.8879142999649048,1.3314839601516724,0.7169057130813599,2.263411521911621,0.243284672498703,0.3551231324672699,1.965206503868103,1.393567442893982,0.6050876379013062,2.267764091491699,-0.17058445513248444,0.3108307123184204,2.028724193572998,1.0822794437408447
230,TEST,HIGH MOVEMENT,0.6609655618667603,0.2095976173877716,-0.9601722955703735,0.7028813362121582,0.15209157764911652,-0.967359721660614,0.7302975654602051,0.15181000530719757,-0.9676841497421265,0.7563854455947876,0.15312068164348602,-0.9683841466903687,0.6489347219467163,0.1486545205116272,-0.9166463017463684,0.6337003111839294,0.14612719416618347,-0.9171193242073059,0.6200408339500427,0.14372587203979492,-0.9177115559577942,0.8042616844177246,0.1772882044315338,-0.7973136305809021,0.6465836763381958,0.16178973019123077,-0.543837308883667,0.6954196691513062,0.28491419553756714,-0.8782743215560913,0.645783007144928,0.27811604738235474,-0.8059474229812622,0.9530822038650513,0.4629751443862915,-0.6383050680160522,0.5672141909599304,0.437828928232193,-0.24271781742572784,1.1200278997421265,0.7968005537986755,-0.6332859992980957,0.32371193170547485,0.5250506401062012,-0.5573082566261292,1.1754720211029053,1.0656917095184326,-0.8226326704025269,0.29282882809638977,0.16758768260478973,-1.2186564207077026,1.2017384767532349,1.1394299268722534,-0.8776587247848511,0.2815749943256378,0.03933827206492424,-1.303741693496704,1.1825535297393799,1.1185210943222046,-0.9259839057922363,0.32068952918052673,0.02323588915169239,-1.2741639614105225,1.162426233291626,1.1024690866470337,-0.8522722125053406,0.3314935564994812,0.06848707795143127,-1.221232533454895,0.8333452939987183,1.1814452409744263,-0.21495835483074188,0.6033710241317749,0.9850307106971741,0.21583208441734314,0.7390494346618652,1.541592001914978,-0.1404891163110733,0.43991556763648987,1.2708224058151245,0.6368845105171204,0.7387140393257141,1.99546217918396,0.5348116755485535,0.3326862156391144,1.8811055421829224,1.2159920930862427,0.7626826167106628,2.068509101867676,0.5941261053085327,0.3388744294643402,1.9077171087265015,1.278407335281372,0.6587005853652954,2.102311611175537,0.32800859212875366,0.2369491159915924,1.8853451013565063,1.0709120035171509
231,TEST,HIGH MOVEMENT,0.6582733392715454,0.20946148037910461,-0.9201086759567261,0.6984668374061584,0.15213240683078766,-0.9219046831130981,0.725317656993866,0.15180525183677673,-0.9222086071968079,0.7517358064651489,0.1530618518590927,-0.9228509068489075,0.6455502510070801,0.14858898520469666,-0.8743173480033875,0.6302027106285095,0.14609143137931824,-0.8748032450675964,0.6164643168449402,0.14371128380298615,-0.8753021359443665,0.8022642135620117,0.17657817900180817,-0.7493265867233276,0.6437551975250244,0.16174393892288208,-0.5095200538635254,0.6923364996910095,0.28466543555259705,-0.8381364941596985,0.6440203785896301,0.2778507173061371,-0.7692925333976746,0.9524906277656555,0.46162134408950806,-0.6029619574546814,0.5662776231765747,0.4377330243587494,-0.22187504172325134,1.1100994348526,0.794767439365387,-0.6272674202919006,0.32346785068511963,0.5280266404151917,-0.5505576133728027,1.172867774963379,1.055372953414917,-0.8081191182136536,0.29122602939605713,0.16711966693401337,-1.2029582262039185,1.200736165046692,1.1296786069869995,-0.8575250506401062,0.2775161862373352,0.037410784512758255,-1.2970433235168457,1.1866023540496826,1.1052733659744263,-0.9062663912773132,0.3170778155326843,0.02030527964234352,-1.2691446542739868,1.1646835803985596,1.088269829750061,-0.8368894457817078,0.32886001467704773,0.06686224788427353,-1.2088572978973389,0.8307613134384155,1.1812092065811157,-0.2137860357761383,0.6011797189712524,0.9845442175865173,0.21470358967781067,0.7386967539787292,1.4318057298660278,-0.16580830514431,0.39327263832092285,1.1363823413848877,0.41358479857444763,0.7433419823646545,1.8658294677734375,0.4537557065486908,0.27257639169692993,1.607108235359192,0.9691103100776672,0.767102837562561,1.9391582012176514,0.5067470669746399,0.2974123954772949,1.6676820516586304,1.0241870880126953,0.6705425381660461,1.9689910411834717,0.255130410194397,0.1278543621301651,1.6724438667297363,0.8711841702461243
232,TEST,HIGH MOVEMENT,0.6582702398300171,0.20850883424282074,-0.9858187437057495,0.6991461515426636,0.15053607523441315,-0.9793198704719543,0.7258726954460144,0.15015053749084473,-0.9795529246330261,0.7521553635597229,0.1513286530971527,-0.9801712036132812,0.646405816078186,0.14741741120815277,-0.9363769292831421,0.6315038800239563,0.14511248469352722,-0.9368184804916382,0.6179392337799072,0.1428859978914261,-0.9378014802932739,0.8022122383117676,0.17524296045303345,-0.7711979150772095,0.6453960537910461,0.1610737144947052,-0.525484561920166,0.6919018030166626,0.28416451811790466,-0.8768664598464966,0.6440984010696411,0.27709782123565674,-0.8124650120735168,0.9476947784423828,0.4607163071632385,-0.5839323401451111,0.5661555528640747,0.4388043284416199,-0.23512482643127441,1.1488991975784302,0.6448249220848083,-0.5240848660469055,0.3302324414253235,0.5406177639961243,-0.5941025018692017,1.2475043535232544,0.7082717418670654,-0.6662599444389343,0.26792827248573303,0.2473595291376114,-1.3926410675048828,1.278987169265747,0.7364796996116638,-0.7102276086807251,0.22526530921459198,0.13897448778152466,-1.4970729351043701,1.27327561378479,0.6991980075836182,-0.7420559525489807,0.2765592932701111,0.11362715810537338,-1.510162591934204,1.2541183233261108,0.7001355886459351,-0.691075325012207,0.2969166934490204,0.16152535378932953,-1.4184796810150146,0.8323947191238403,1.1842477321624756,-0.21139001846313477,0.6040047407150269,0.9845249652862549,0.21241386234760284,0.7467705011367798,1.6141114234924316,-0.17877723276615143,0.4792570471763611,1.3042473793029785,0.7906163930892944,0.7314517498016357,2.126314640045166,0.4228011965751648,0.29923513531684875,1.7197604179382324,1.5160901546478271,0.7529222369194031,2.211205244064331,0.4567105174064636,0.2908201515674591,1.7996563911437988,1.5859339237213135,0.6583501100540161,2.260364294052124,0.06658252328634262,0.21971824765205383,1.7973004579544067,1.2949113845825195
233,TEST,HIGH MOVEMENT,0.6580020189285278,0.20846720039844513,-1.101511836051941,0.6993756294250488,0.15001872181892395,-1.0995938777923584,0.7262289524078369,0.14947761595249176,-1.0997694730758667,0.7525818347930908,0.15043805539608002,-1.1004493236541748,0.646496593952179,0.14704957604408264,-1.0488649606704712,0.631718099117279,0.1447601467370987,-1.0492174625396729,0.6181896328926086,0.14251334965229034,-1.0501612424850464,0.8022434115409851,0.17421245574951172,-0.867887020111084,0.6464822888374329,0.16041699051856995,-0.5994905829429626,0.6911658048629761,0.2840098738670349,-0.9975312948226929,0.6440911293029785,0.2770383656024933,-0.9226399660110474,0.946331799030304,0.46016088128089905,-0.6014069318771362,0.5660749673843384,0.43928849697113037,-0.3100492060184479,1.167069673538208,0.6261643171310425,-0.5520413517951965,0.33342236280441284,0.5450673699378967,-0.6235707998275757,1.2684142589569092,0.6406570672988892,-0.7077719569206238,0.2600075900554657,0.2571111023426056,-1.4040172100067139,1.3023227453231812,0.6530318856239319,-0.7561787366867065,0.2172047197818756,0.15368160605430603,-1.5150716304779053,1.2989863157272339,0.6193807721138,-0.7820480465888977,0.26476868987083435,0.1284974366426468,-1.5293562412261963,1.2769951820373535,0.6248713135719299,-0.7315266132354736,0.28584781289100647,0.17414183914661407,-1.4316997528076172,0.8349302411079407,1.1838983297348022,-0.20709216594696045,0.6062151193618774,0.9831763505935669,0.20848271250724792,0.7516522407531738,1.667942762374878,-0.17091010510921478,0.5561575889587402,1.468994379043579,0.8639667630195618,0.7251073122024536,2.193039894104004,0.4457246661186218,0.47751444578170776,1.9271188974380493,1.683449149131775,0.7455379962921143,2.281843423843384,0.48471754789352417,0.4643534719944,2.005281925201416,1.7617952823638916,0.6542962789535522,2.331042766571045,0.0515785813331604,0.4546266198158264,2.0541257858276367,1.387477993965149
234,TEST,HIGH MOVEMENT,0.6580488681793213,0.2072470784187317,-0.9355020523071289,0.7000200152397156,0.14794227480888367,-0.9390615224838257,0.726821780204773,0.14716662466526031,-0.9394447207450867,0.7530972361564636,0.1479002684354782,-0.9401265382766724,0.6471933722496033,0.14559084177017212,-0.8770443797111511,0.6327309608459473,0.1434718817472458,-0.8771774172782898,0.6194973587989807,0.1413916051387787,-0.878069281578064,0.802326500415802,0.17187027633190155,-0.7229362726211548,0.6477469205856323,0.15946435928344727,-0.41201871633529663,0.6910913586616516,0.2828543782234192,-0.8433520197868347,0.6443203091621399,0.27599209547042847,-0.7542997598648071,0.9456966519355774,0.4589041471481323,-0.5494141578674316,0.5662029385566711,0.4398668110370636,-0.1526488959789276,1.161291241645813,0.6584235429763794,-0.5190880298614502,0.33929818868637085,0.5484849214553833,-0.6413413286209106,1.2541134357452393,0.7505647540092468,-0.6719056963920593,0.2592804729938507,0.2653324007987976,-1.6642122268676758,1.2878705263137817,0.7898920774459839,-0.7310384511947632,0.21765978634357452,0.16033367812633514,-1.8171857595443726,1.2809865474700928,0.758514940738678,-0.7558449506759644,0.2635558247566223,0.13337914645671844,-1.8191238641738892,1.2582628726959229,0.7539247274398804,-0.6938619613647461,0.2841547131538391,0.1800759881734848,-1.69783616065979,0.8450078964233398,1.1835386753082275,-0.20685669779777527,0.6088104248046875,0.9877234101295471,0.2081509381532669,0.7660686373710632,1.7091963291168213,-0.04930664598941803,0.5766047239303589,1.5983524322509766,0.8562644124031067,0.7328323125839233,2.225067377090454,0.6033548712730408,0.5035171508789062,2.079092264175415,1.6996513605117798,0.7536417245864868,2.3135879039764404,0.6458298563957214,0.4905560612678528,2.156355142593384,1.7796818017959595,0.6505408883094788,2.3657522201538086,0.1738579124212265,0.48498135805130005,2.222041606903076,1.3504186868667603
235,TEST,HIGH MOVEMENT,0.6580610871315002,0.20338883996009827,-0.952292263507843,0.7009444832801819,0.14424194395542145,-0.9550812840461731,0.7279152274131775,0.1438453495502472,-0.9554100036621094,0.7542074918746948,0.14499689638614655,-0.9560516476631165,0.6473874449729919,0.14140020310878754,-0.8976783752441406,0.6329993605613708,0.13919343054294586,-0.8979091644287109,0.6197992563247681,0.1370043009519577,-0.8987734913825989,0.8032878637313843,0.170143261551857,-0.7511431574821472,0.6487694978713989,0.15641620755195618,-0.4522000253200531,0.6912120580673218,0.28153330087661743,-0.8629390001296997,0.6443268656730652,0.27251237630844116,-0.7747846841812134,0.9454865455627441,0.4580044150352478,-0.5815711617469788,0.5661649107933044,0.42879611253738403,-0.17164570093154907,1.1230731010437012,0.7967869639396667,-0.611343502998352,0.33579525351524353,0.5412445068359375,-0.6871885657310486,1.174208164215088,1.1078686714172363,-0.6845098733901978,0.26373976469039917,0.2632806897163391,-1.529865026473999,1.199339747428894,1.2002031803131104,-0.7497212290763855,0.21143591403961182,0.17074799537658691,-1.6461341381072998,1.1733871698379517,1.1734390258789062,-0.8067761659622192,0.2650398910045624,0.15390434861183167,-1.6366466283798218,1.149512767791748,1.1455990076065063,-0.7068182229995728,0.28998899459838867,0.20309026539325714,-1.5493578910827637,0.8215327262878418,1.1787985563278198,-0.20665450394153595,0.5979546904563904,0.9707638621330261,0.20788522064685822,0.7047552466392517,1.521008849143982,-0.25756195187568665,0.3527465760707855,1.1504199504852295,0.5714702010154724,0.6813133955001831,2.0067484378814697,0.21181461215019226,0.15718761086463928,1.5846120119094849,1.1711466312408447,0.7024662494659424,2.0924394130706787,0.24434812366962433,0.15587016940116882,1.6753281354904175,1.2250216007232666,0.5885801315307617,2.120647668838501,-0.05001314729452133,0.004834813065826893,1.657219409942627,1.0354958772659302
236,TEST,HIGH MOVEMENT,0.6593910455703735,0.20224745571613312,-0.964974582195282,0.7031348347663879,0.14342577755451202,-0.962494969367981,0.7296202778816223,0.14292262494564056,-0.962765097618103,0.7556883692741394,0.14384956657886505,-0.9634207487106323,0.6498657464981079,0.14003045856952667,-0.8999727368354797,0.6353033185005188,0.13738133013248444,-0.9002004861831665,0.6221171617507935,0.134765625,-0.9011217951774597,0.8040168881416321,0.16891001164913177,-0.7239648103713989,0.649477481842041,0.1546349823474884,-0.48601311445236206,0.6917802095413208,0.2801966667175293,-0.8725376129150391,0.6452099084854126,0.27032777667045593,-0.7791739702224731,0.9443433880805969,0.4564746916294098,-0.5575302839279175,0.5658870339393616,0.42757508158683777,-0.2016344964504242,1.120222568511963,0.7942386865615845,-0.5685751438140869,0.33884188532829285,0.5401147603988647,-0.7968412041664124,1.1819298267364502,1.0797765254974365,-0.7351389527320862,0.2630670666694641,0.2611004710197449,-1.8250503540039062,1.2091634273529053,1.167596459388733,-0.793829619884491,0.21158921718597412,0.1805521547794342,-1.9818649291992188,1.1889221668243408,1.1439316272735596,-0.8387109637260437,0.2676747143268585,0.16216741502285004,-1.9716413021087646,1.1649010181427002,1.1198078393936157,-0.7603797912597656,0.2900259792804718,0.20511628687381744,-1.8505833148956299,0.823879063129425,1.1792658567428589,-0.20449015498161316,0.5978294610977173,0.9712839126586914,0.2058204710483551,0.7093921899795532,1.5713340044021606,-0.2370331734418869,0.3765565752983093,1.2516610622406006,0.5910084247589111,0.7005967497825623,2.0910990238189697,0.28369495272636414,0.18218424916267395,1.7419034242630005,1.2735211849212646,0.7252967357635498,2.1949005126953125,0.3186212480068207,0.2077561914920807,1.83102548122406,1.3346973657608032,0.5964508056640625,2.1916778087615967,-0.04614720493555069,0.015256503596901894,1.8490748405456543,1.076918363571167
237,TEST,MOVING,0.6594821810722351,0.20157065987586975,-0.9937723875045776,0.7033451795578003,0.14332212507724762,-0.9801213145256042,0.7296763062477112,0.14281974732875824,-0.98046875,0.7557288408279419,0.14365622401237488,-0.980969250202179,0.6509675979614258,0.139418363571167,-0.9329584240913391,0.6367388367652893,0.13644744455814362,-0.933334469795227,0.6241286993026733,0.13357074558734894,-0.9341551661491394,0.8041039705276489,0.1687970906496048,-0.7419034242630005,0.6525508761405945,0.15362577140331268,-0.5204127430915833,0.6917022466659546,0.27932223677635193,-0.887224555015564,0.6453734040260315,0.26877260208129883,-0.8203473091125488,0.944159209728241,0.45643049478530884,-0.5739303231239319,0.5657390356063843,0.4270566999912262,-0.23474092781543732,1.1202722787857056,0.8043156862258911,-0.5792175531387329,0.3398049771785736,0.5388736128807068,-0.8206859827041626,1.1834725141525269,1.0976120233535767,-0.7500613331794739,0.2621549069881439,0.2593698799610138,-1.7974895238876343,1.215396761894226,1.1851813793182373,-0.8087272644042969,0.21135452389717102,0.1810872107744217,-1.9431073665618896,1.1896259784698486,1.1624821424484253,-0.8494410514831543,0.2676878571510315,0.16019712388515472,-1.9309742450714111,1.1692445278167725,1.138830542564392,-0.7697585821151733,0.28920239210128784,0.2034343183040619,-1.8206431865692139,0.8244646191596985,1.1822609901428223,-0.20437315106391907,0.5973128080368042,0.9717311859130859,0.2056865692138672,0.7118335366249084,1.5714304447174072,-0.23034019768238068,0.393851101398468,1.2565981149673462,0.5837609767913818,0.7046729326248169,2.09061598777771,0.3053615689277649,0.22943918406963348,1.7412383556365967,1.2777670621871948,0.7299584150314331,2.193758726119995,0.3414333164691925,0.2336277961730957,1.830101490020752,1.3387305736541748,0.597770094871521,2.191704034805298,-0.01716124825179577,0.11907988786697388,1.8462309837341309,1.09185791015625
238,TEST,MOVING,0.6594837307929993,0.2014809548854828,-0.9973158836364746,0.7033588290214539,0.14335018396377563,-0.9808357954025269,0.729592502117157,0.14286604523658752,-0.9812310934066772,0.7556055784225464,0.1436658799648285,-0.9816981554031372,0.6515870094299316,0.13932384550571442,-0.9360639452934265,0.6376755833625793,0.1362568587064743,-0.936473548412323,0.6255616545677185,0.1333131641149521,-0.937310516834259,0.8040894269943237,0.16882719099521637,-0.7426225543022156,0.6548353433609009,0.15340590476989746,-0.5243164300918579,0.6912617683410645,0.2789451777935028,-0.8886305689811707,0.6454015374183655,0.2682596743106842,-0.8237742185592651,0.9433819055557251,0.4564898908138275,-0.5747863054275513,0.5657120943069458,0.42659467458724976,-0.2369532585144043,1.1201179027557373,0.8026803731918335,-0.5810515880584717,0.34068626165390015,0.538563072681427,-0.8090294003486633,1.1841493844985962,1.0843619108200073,-0.753778874874115,0.2628077268600464,0.25917109847068787,-1.8229306936264038,1.2198761701583862,1.1710333824157715,-0.8204819560050964,0.21276728808879852,0.18028317391872406,-1.9779771566390991,1.1917644739151,1.147725224494934,-0.8812373876571655,0.2660709321498871,0.15814240276813507,-1.9674301147460938,1.1729037761688232,1.1243821382522583,-0.7840302586555481,0.2875756621360779,0.20151881873607635,-1.8483860492706299,0.825229823589325,1.1837351322174072,-0.20431196689605713,0.5964332818984985,0.972084641456604,0.20558448135852814,0.7131319642066956,1.5784865617752075,-0.23738941550254822,0.4020799994468689,1.2790192365646362,0.5893770456314087,0.7088134288787842,2.1045796871185303,0.2882683575153351,0.25345948338508606,1.7807543277740479,1.296199083328247,0.7348612546920776,2.211958646774292,0.32195165753364563,0.26762235164642334,1.869907021522522,1.35822331905365,0.5983067750930786,2.202700614929199,-0.05598488450050354,0.1345537304878235,1.8949066400527954,1.0984210968017578
239,TEST,HIGH MOVEMENT,0.6605133414268494,0.20129448175430298,-0.9717766642570496,0.7041759490966797,0.14329978823661804,-0.9690746068954468,0.7305351495742798,0.1428321748971939,-0.9693987965583801,0.7565626502037048,0.14359910786151886,-0.9698220491409302,0.65235435962677,0.13917849957942963,-0.9229772686958313,0.6383417844772339,0.13609232008457184,-0.9234334230422974,0.6261582970619202,0.1331394463777542,-0.9241853952407837,0.8048723936080933,0.1687968522310257,-0.7556900382041931,0.6548747420310974,0.15322110056877136,-0.5335730314254761,0.6927964091300964,0.2788708508014679,-0.8825843930244446,0.6463435888290405,0.268293559551239,-0.8167872428894043,0.9431646466255188,0.4566689729690552,-0.5960180759429932,0.5673500299453735,0.42735785245895386,-0.2449498176574707,1.1426267623901367,0.8006327152252197,-0.5907462239265442,0.3417656123638153,0.537873387336731,-0.7286290526390076,1.2458081245422363,1.0769397020339966,-0.7580937147140503,0.2660534977912903,0.28550755977630615,-1.5613348484039307,1.2828693389892578,1.1516045331954956,-0.8267725110054016,0.23512256145477295,0.18845292925834656,-1.6676450967788696,1.2726720571517944,1.1107393503189087,-0.8840740323066711,0.2847159504890442,0.17321185767650604,-1.6449511051177979,1.2510679960250854,1.0933464765548706,-0.7849857211112976,0.29759451746940613,0.22269532084465027,-1.5725829601287842,0.8250301480293274,1.1836376190185547,-0.20393486320972443,0.5964070558547974,0.9722940325737,0.20513269305229187,0.7118357419967651,1.5362921953201294,-0.29152819514274597,0.3742086887359619,1.1734633445739746,0.37163805961608887,0.6906664371490479,2.050711154937744,0.1917468011379242,0.1844703108072281,1.661797046661377,0.9253128170967102,0.7115810513496399,2.1452176570892334,0.22102677822113037,0.17972514033317566,1.748368501663208,0.9710063934326172,0.5889627933502197,2.13765811920166,-0.12998999655246735,0.053855568170547485,1.751470685005188,0.7307329773902893
240,TEST,MOVING,0.6608370542526245,0.2012721449136734,-0.9601054191589355,0.7042645215988159,0.14335231482982635,-0.9617034792900085,0.7305811047554016,0.1429491639137268,-0.9619906544685364,0.7566217184066772,0.14370611310005188,-0.9623921513557434,0.6527650356292725,0.13917134702205658,-0.9148306846618652,0.6388651132583618,0.13608786463737488,-0.9152998924255371,0.6268033981323242,0.13313916325569153,-0.9160240888595581,0.8051151037216187,0.1689510941505432,-0.7594295740127563,0.6555196046829224,0.15321342647075653,-0.5353724956512451,0.6931607723236084,0.2788355052471161,-0.8775811195373535,0.6467422246932983,0.26840442419052124,-0.8112187385559082,0.9429802894592285,0.4571095407009125,-0.6030994653701782,0.5681307315826416,0.4286554455757141,-0.2488289624452591,1.1482508182525635,0.7951751947402954,-0.5946032404899597,0.341464102268219,0.5371639132499695,-0.6914875507354736,1.2577564716339111,1.0628448724746704,-0.7609162330627441,0.26618871092796326,0.28958186507225037,-1.4956655502319336,1.293554425239563,1.1405434608459473,-0.8305307626724243,0.24413534998893738,0.18804755806922913,-1.6033895015716553,1.286527395248413,1.104626178741455,-0.8857474327087402,0.2933981418609619,0.17493894696235657,-1.58182692527771,1.2643450498580933,1.0893751382827759,-0.7877823710441589,0.30279964208602905,0.22087791562080383,-1.5077126026153564,0.8248213529586792,1.18357253074646,-0.20305326581001282,0.5963864922523499,0.9724859595298767,0.20422561466693878,0.7122061252593994,1.530417561531067,-0.30876854062080383,0.370153546333313,1.1649974584579468,0.323453426361084,0.6869928240776062,2.046349048614502,0.17172184586524963,0.19386954605579376,1.6633058786392212,0.8869572877883911,0.7070779204368591,2.1390697956085205,0.19991149008274078,0.18923048675060272,1.7476047277450562,0.9331477880477905,0.5891860723495483,2.1348037719726562,-0.1635473221540451,0.07390964776277542,1.7624346017837524,0.6773552298545837
241,TEST,MOVING,0.6611776947975159,0.20124869048595428,-0.9563077688217163,0.7043933868408203,0.14339013397693634,-0.9585615992546082,0.7306619882583618,0.14303036034107208,-0.9588343501091003,0.756712019443512,0.1437767595052719,-0.9592316746711731,0.653151273727417,0.1391647607088089,-0.9115322232246399,0.6393278241157532,0.1360836923122406,-0.9120010137557983,0.627345860004425,0.13313910365104675,-0.9127122163772583,0.8053399324417114,0.1690547615289688,-0.7601330876350403,0.6559445858001709,0.1532076746225357,-0.535982072353363,0.6935044527053833,0.2788013815879822,-0.8754393458366394,0.6470972299575806,0.26848268508911133,-0.8090594410896301,0.9428359866142273,0.4573802947998047,-0.6072248816490173,0.5686691999435425,0.42964255809783936,-0.25110122561454773,1.1496083736419678,0.7907285094261169,-0.5961911678314209,0.34122365713119507,0.5366066098213196,-0.6797481775283813,1.2603169679641724,1.0449329614639282,-0.7665902376174927,0.26628363132476807,0.29124560952186584,-1.4867631196975708,1.2957758903503418,1.120287299156189,-0.8321015238761902,0.248980313539505,0.18793001770973206,-1.5975457429885864,1.289080023765564,1.0884653329849243,-0.8871657252311707,0.29814237356185913,0.17561601102352142,-1.5776097774505615,1.2663099765777588,1.0726394653320312,-0.7913388013839722,0.3061503767967224,0.22032032907009125,-1.5001987218856812,0.8247067332267761,1.1835122108459473,-0.20248167216777802,0.5964227914810181,0.9726330041885376,0.2036343812942505,0.7125133275985718,1.5291593074798584,-0.3119875192642212,0.3708036541938782,1.1678330898284912,0.32047057151794434,0.6851451992988586,2.0456674098968506,0.17160889506340027,0.1999170035123825,1.6688743829727173,0.8919029235839844,0.705032467842102,2.1377317905426025,0.19977277517318726,0.19548486173152924,1.7522475719451904,0.9386763572692871,0.5890357494354248,2.135690927505493,-0.168569877743721,0.08331038802862167,1.7715296745300293,0.6771841049194336
242,TEST,HIGH MOVEMENT,0.6657915115356445,0.19862022995948792,-0.9495417475700378,0.7090514302253723,0.1407259851694107,-0.9492756724357605,0.735663890838623,0.14029866456985474,-0.9495500326156616,0.7605561017990112,0.14110030233860016,-0.949981689453125,0.6561189889907837,0.13720853626728058,-0.9035981297492981,0.6415814161300659,0.13435135781764984,-0.9041398763656616,0.6293669939041138,0.13170787692070007,-0.9049088358879089,0.8072440028190613,0.1674785166978836,-0.7564107179641724,0.6561111211776733,0.15297667682170868,-0.5333166718482971,0.6990880370140076,0.27825480699539185,-0.8663399815559387,0.6511603593826294,0.2681955397129059,-0.8013416528701782,0.9433580636978149,0.4577080309391022,-0.5902532339096069,0.5687469840049744,0.4348107576370239,-0.25131744146347046,1.1570236682891846,0.7395598888397217,-0.6104661226272583,0.3400578796863556,0.537533700466156,-0.6555516123771667,1.258217692375183,0.8799228072166443,-0.8583785891532898,0.2684146463871002,0.28777754306793213,-1.4623258113861084,1.284468412399292,0.9237396717071533,-0.9167231321334839,0.25256434082984924,0.19056016206741333,-1.5803340673446655,1.2815858125686646,0.8778161406517029,-0.9508585929870605,0.2985304296016693,0.17380909621715546,-1.556290864944458,1.2625361680984497,0.869301974773407,-0.8825233578681946,0.3065647482872009,0.21768973767757416,-1.4747568368911743,0.831035315990448,1.1811566352844238,-0.20128801465034485,0.5974042415618896,0.9736498594284058,0.20238284766674042,0.7491108775138855,1.5300450325012207,-0.2978207468986511,0.38574889302253723,1.1857960224151611,0.3185899555683136,0.7433964610099792,2.0440704822540283,0.20389795303344727,0.29541346430778503,1.691292405128479,0.9612027406692505,0.7628666162490845,2.1334922313690186,0.23611600697040558,0.30828219652175903,1.7660075426101685,1.017284631729126,0.6682120561599731,2.1381897926330566,-0.12521611154079437,0.19102789461612701,1.8242449760437012,0.7697004675865173
243,TEST,HIGH MOVEMENT,0.6676580905914307,0.19860699772834778,-0.9534777402877808,0.7109286785125732,0.1407274305820465,-0.9527894854545593,0.7376068830490112,0.14030389487743378,-0.9530728459358215,0.7622917294502258,0.14109556376934052,-0.9535214304924011,0.6577104330062866,0.13723354041576385,-0.9069575071334839,0.6429781317710876,0.1344384104013443,-0.9074801206588745,0.6306472420692444,0.13191001117229462,-0.9082344174385071,0.8085907101631165,0.16747792065143585,-0.7581333518028259,0.6563518643379211,0.1541009396314621,-0.5337972640991211,0.7019388675689697,0.278268426656723,-0.8688040971755981,0.6529608368873596,0.26859554648399353,-0.8034292459487915,0.9446830749511719,0.45773845911026,-0.5769762396812439,0.568845272064209,0.4407443106174469,-0.25225383043289185,1.167930006980896,0.710693895816803,-0.6155997514724731,0.3396751582622528,0.5414472818374634,-0.6527682542800903,1.2549196481704712,0.8086510896682739,-0.8838258981704712,0.26874417066574097,0.28918471932411194,-1.4753175973892212,1.2815091609954834,0.8432912826538086,-0.9416112899780273,0.2517428994178772,0.2048344612121582,-1.5925283432006836,1.2762624025344849,0.7993632555007935,-0.9672603607177734,0.29466378688812256,0.18321776390075684,-1.5718176364898682,1.257207989692688,0.7935915589332581,-0.907712459564209,0.30456629395484924,0.22147215902805328,-1.4893966913223267,0.8419417142868042,1.1806633472442627,-0.1973930150270462,0.5994981527328491,0.9766309857368469,0.19862677156925201,0.7720788717269897,1.5824319124221802,-0.3165205121040344,0.4347766935825348,1.2833330631256104,0.29216161370277405,0.7612943649291992,2.0939431190490723,0.16445425152778625,0.3719727396965027,1.8288580179214478,0.9178582429885864,0.7815302610397339,2.184948205947876,0.19409145414829254,0.3816288411617279,1.9061826467514038,0.9717985391616821,0.682062029838562,2.197876214981079,-0.19948795437812805,0.29197025299072266,1.975523829460144,0.6861969828605652
244,TEST,HIGH MOVEMENT,0.6687403321266174,0.19848373532295227,-1.0140098333358765,0.7121635675430298,0.1406228095293045,-1.0183618068695068,0.7389141321182251,0.140187069773674,-1.018581509590149,0.7634532451629639,0.14097006618976593,-1.0191811323165894,0.6584259271621704,0.13722538948059082,-0.9680777788162231,0.6435033679008484,0.13444338738918304,-0.9684925079345703,0.6310425400733948,0.13195158541202545,-0.9693682789802551,0.8093600273132324,0.1673903465270996,-0.8169355392456055,0.6564095616340637,0.15443560481071472,-0.5673385858535767,0.7034893035888672,0.2782494127750397,-0.9242533445358276,0.6539412140846252,0.2686944007873535,-0.8522852659225464,0.945101261138916,0.45766395330429077,-0.5850550532341003,0.5694164037704468,0.4423697590827942,-0.2779311537742615,1.172924280166626,0.69603031873703,-0.6081229448318481,0.3393591642379761,0.5445398688316345,-0.7094131112098694,1.254623532295227,0.7929027080535889,-0.8638292551040649,0.26896417140960693,0.28908979892730713,-1.6508175134658813,1.2814520597457886,0.8324567675590515,-0.9252765774726868,0.25166794657707214,0.20951634645462036,-1.7825425863265991,1.2750718593597412,0.7917345762252808,-0.9275659322738647,0.2926136553287506,0.18651799857616425,-1.7736310958862305,1.2562588453292847,0.7842363715171814,-0.8781353235244751,0.30315855145454407,0.22312508523464203,-1.672046422958374,0.8497776985168457,1.1758846044540405,-0.19134454429149628,0.6007812023162842,0.9767280220985413,0.1927589476108551,0.780739426612854,1.6431156396865845,-0.34021812677383423,0.4860440194606781,1.4322797060012817,0.46644720435142517,0.7544665336608887,2.167543649673462,0.11070261150598526,0.42059755325317383,1.9484549760818481,1.1562764644622803,0.7738076448440552,2.2613463401794434,0.1334877908229828,0.4176235795021057,2.026155710220337,1.2167184352874756,0.6717320680618286,2.286167860031128,-0.32400763034820557,0.37648946046829224,2.0912466049194336,0.8284203410148621
245,TEST,HIGH MOVEMENT,0.6699433922767639,0.19872841238975525,-0.9560588002204895,0.7146228551864624,0.14085131883621216,-0.9555818438529968,0.7414423227310181,0.14035016298294067,-0.955886960029602,0.7657506465911865,0.14107856154441833,-0.9567100405693054,0.6613950729370117,0.13764749467372894,-0.903851330280304,0.6471890211105347,0.13502086699008942,-0.9040441513061523,0.6354395151138306,0.1326812505722046,-0.9049315452575684,0.8106640577316284,0.16746443510055542,-0.7289119958877563,0.6603094935417175,0.15505048632621765,-0.4659951329231262,0.7042088508605957,0.27864786982536316,-0.8606306910514832,0.6552222967147827,0.2690366506576538,-0.7853197455406189,0.9453209042549133,0.4575277268886566,-0.5117830634117126,0.5700758695602417,0.4440557062625885,-0.2327963411808014,1.170339822769165,0.6762436032295227,-0.47394147515296936,0.3475634455680847,0.5512755513191223,-0.7572083473205566,1.2461085319519043,0.7732046842575073,-0.6025619506835938,0.269042044878006,0.29660287499427795,-1.855369210243225,1.2751877307891846,0.8219791054725647,-0.6445983648300171,0.2431318312883377,0.22770163416862488,-2.016305446624756,1.2586071491241455,0.7905494570732117,-0.6630561947822571,0.28576144576072693,0.20046353340148926,-2.0102038383483887,1.2380917072296143,0.7781407833099365,-0.6200481057167053,0.2998162806034088,0.2380490005016327,-1.8838775157928467,0.8561714291572571,1.1740261316299438,-0.17663487792015076,0.6026097536087036,0.9813470840454102,0.17827308177947998,0.7776606678962708,1.6930594444274902,-0.2589605748653412,0.5434750318527222,1.5954153537750244,0.6933819055557251,0.7480314373970032,2.22538423538208,0.14557209610939026,0.4839467406272888,2.0968756675720215,1.365264654159546,0.7680221796035767,2.321549415588379,0.18087449669837952,0.4740382730960846,2.175081968307495,1.4232585430145264,0.6634179353713989,2.35740065574646,-0.27375441789627075,0.475388765335083,2.2491393089294434,0.977089524269104
246,TEST,HIGH MOVEMENT,0.6703578233718872,0.1989661157131195,-0.9592606425285339,0.7154118418693542,0.1411728411912918,-0.957311749458313,0.742409348487854,0.14064043760299683,-0.9575933218002319,0.7669326663017273,0.14133630692958832,-0.9583023190498352,0.6624115705490112,0.13806279003620148,-0.905035674571991,0.6485094428062439,0.1355295479297638,-0.9052535891532898,0.6370428800582886,0.13329918682575226,-0.9062691926956177,0.8115971684455872,0.16766397655010223,-0.7181059122085571,0.6619951128959656,0.15549175441265106,-0.48246821761131287,0.7046504616737366,0.278907835483551,-0.863749623298645,0.6559160947799683,0.26937350630760193,-0.7914528250694275,0.9461817741394043,0.4568832218647003,-0.4767155647277832,0.5705662965774536,0.44471776485443115,-0.23336783051490784,1.1527413129806519,0.68714439868927,-0.34614288806915283,0.3492141366004944,0.5460508465766907,-0.8817887306213379,1.2088415622711182,0.8181247711181641,-0.3966347575187683,0.2682849168777466,0.3020058572292328,-2.0264153480529785,1.2351270914077759,0.9054090976715088,-0.40958571434020996,0.22091305255889893,0.23090314865112305,-2.1853373050689697,1.2148245573043823,0.8802286386489868,-0.443413108587265,0.2788556218147278,0.20258593559265137,-2.1765317916870117,1.1949938535690308,0.8537514209747314,-0.41445431113243103,0.2955319285392761,0.24387513101100922,-2.051936626434326,0.8552203178405762,1.1750972270965576,-0.1739075630903244,0.6029924154281616,0.9811122417449951,0.1753048598766327,0.775715708732605,1.6742619276046753,-0.35712987184524536,0.5102053284645081,1.4740382432937622,0.6751054525375366,0.7519974112510681,2.2113029956817627,-0.0056224847212433815,0.4462338984012604,1.964468240737915,1.3441863059997559,0.7713536024093628,2.3111772537231445,0.010450147092342377,0.40336471796035767,2.0451834201812744,1.403428316116333,0.6667214035987854,2.332326650619507,-0.4567202627658844,0.3803044557571411,2.0954232215881348,1.032091498374939
247,TEST,HIGH MOVEMENT,0.6715347766876221,0.19899071753025055,-0.9262592196464539,0.7163599133491516,0.1413014978170395,-0.9171719551086426,0.7433388233184814,0.14079946279525757,-0.9175063371658325,0.7681554555892944,0.14149604737758636,-0.9180938005447388,0.6644405126571655,0.1381751447916031,-0.8814164996147156,0.6511037349700928,0.13573752343654633,-0.8818559646606445,0.639980673789978,0.1336035281419754,-0.8827241063117981,0.8131812214851379,0.16848675906658173,-0.6842488646507263,0.6649513244628906,0.15661601722240448,-0.4921850264072418,0.7062918543815613,0.27907153964042664,-0.826907753944397,0.6572738885879517,0.26968902349472046,-0.7760180234909058,0.9460643529891968,0.45704081654548645,-0.4985772669315338,0.5740023255348206,0.4464186728000641,-0.2367265224456787,1.1374908685684204,0.723642110824585,-0.4319888949394226,0.3533536195755005,0.5424766540527344,-0.8209829330444336,1.1956509351730347,0.9445886611938477,-0.5654858350753784,0.2684836685657501,0.3086446225643158,-1.6969547271728516,1.2201138734817505,1.0287115573883057,-0.5970584154129028,0.2207716405391693,0.24142105877399445,-1.8227360248565674,1.203068494796753,0.9952318072319031,-0.6407412886619568,0.27767103910446167,0.21618899703025818,-1.799925446510315,1.184316873550415,0.970943808555603,-0.5899922251701355,0.2957780957221985,0.2595045268535614,-1.7109218835830688,0.8456605076789856,1.175207495689392,-0.17206458747386932,0.6032059788703918,0.979542076587677,0.1732160449028015,0.7484615445137024,1.6105520725250244,-0.34239277243614197,0.4232009947299957,1.236355185508728,0.5340667963027954,0.7201522588729858,2.1236326694488525,0.05854104831814766,0.29661038517951965,1.706895112991333,1.266913652420044,0.7407798171043396,2.2245585918426514,0.081532783806324,0.28896063566207886,1.7903063297271729,1.3399255275726318,0.6206848621368408,2.218463182449341,-0.3331606090068817,0.182296484708786,1.8027867078781128,1.0097458362579346
248,TEST,HIGH MOVEMENT,0.6721236109733582,0.19909483194351196,-0.9157611727714539,0.7166610956192017,0.141681507229805,-0.9060134887695312,0.7435554265975952,0.14131662249565125,-0.9063571095466614,0.7685433030128479,0.14206592738628387,-0.9069384336471558,0.6656073331832886,0.138425812125206,-0.8745760917663574,0.6526751518249512,0.13612110912799835,-0.8750798106193542,0.6417813301086426,0.13412222266197205,-0.875923752784729,0.81395423412323,0.16953380405902863,-0.6756575107574463,0.6668808460235596,0.15786953270435333,-0.49647122621536255,0.7070674300193787,0.2793448865413666,-0.8157467842102051,0.6581699848175049,0.27015456557273865,-0.7704009413719177,0.9459595680236816,0.45709237456321716,-0.49547678232192993,0.575325071811676,0.4481978118419647,-0.23841874301433563,1.1350394487380981,0.7288990020751953,-0.4294145703315735,0.3560144901275635,0.5407373905181885,-0.7998031973838806,1.1993242502212524,0.9531696438789368,-0.570378303527832,0.2697819471359253,0.31187379360198975,-1.6283118724822998,1.2246043682098389,1.0299437046051025,-0.5982109308242798,0.22226503491401672,0.246176078915596,-1.7504498958587646,1.2097365856170654,0.9945639967918396,-0.6474281549453735,0.27743837237358093,0.2208288311958313,-1.729964017868042,1.1906020641326904,0.9737210869789124,-0.5966864824295044,0.29601842164993286,0.26408085227012634,-1.6422418355941772,0.8401071429252625,1.17522394657135,-0.16776427626609802,0.6032271981239319,0.9786604642868042,0.16862891614437103,0.7407078742980957,1.5862172842025757,-0.34173429012298584,0.4017059803009033,1.192338466644287,0.5287120938301086,0.7112676501274109,2.088297128677368,0.06648045033216476,0.2525987923145294,1.6436868906021118,1.2310093641281128,0.731234073638916,2.1848056316375732,0.0902654379606247,0.24841280281543732,1.726477026939392,1.295093297958374,0.6120214462280273,2.1845173835754395,-0.28569939732551575,0.13898278772830963,1.728676199913025,1.042001485824585
249,TEST,HIGH MOVEMENT,0.6722189784049988,0.1990138739347458,-0.889086127281189,0.7168136835098267,0.14166858792304993,-0.8801908493041992,0.7437143921852112,0.14131444692611694,-0.8805791139602661,0.7687897086143494,0.1420651376247406,-0.8811496496200562,0.665910005569458,0.13843165338039398,-0.8458930253982544,0.6529866456985474,0.1361379325389862,-0.8463225364685059,0.642062246799469,0.13420996069908142,-0.8471238017082214,0.8141356706619263,0.16951733827590942,-0.6542841196060181,0.6670174598693848,0.1580972671508789,-0.48043686151504517,0.707067608833313,0.27932247519493103,-0.7912792563438416,0.6583285331726074,0.2701420187950134,-0.7432644963264465,0.9455969929695129,0.45574647188186646,-0.49882712960243225,0.57576584815979,0.4482421875,-0.21194668114185333,1.127079963684082,0.7448508143424988,-0.4524160921573639,0.3598230481147766,0.5452092289924622,-0.783961296081543,1.1928930282592773,1.0061041116714478,-0.6024160981178284,0.27190807461738586,0.3269844353199005,-1.6739355325698853,1.2193089723587036,1.09363853931427,-0.6369457244873047,0.22423717379570007,0.24865858256816864,-1.8105272054672241,1.2008620500564575,1.0672643184661865,-0.6874648332595825,0.27891236543655396,0.22756828367710114,-1.7872469425201416,1.180234670639038,1.0417453050613403,-0.629640519618988,0.2972715497016907,0.2693554162979126,-1.6905508041381836,0.8341509699821472,1.1723793745040894,-0.16842851042747498,0.6033560037612915,0.9783883690834045,0.1693354845046997,0.7280949950218201,1.5798876285552979,-0.3299322724342346,0.3920028805732727,1.2133872509002686,0.5512746572494507,0.7028326988220215,2.0898749828338623,0.03412609174847603,0.26982277631759644,1.68682861328125,1.2793669700622559,0.7250503301620483,2.1869771480560303,0.05491766333580017,0.2625218331813812,1.769293189048767,1.343672513961792,0.596387505531311,2.188081979751587,-0.31093767285346985,0.1710815727710724,1.7912503480911255,1.1140522956848145
250,TEST,HIGH MOVEMENT,0.6721574664115906,0.19896388053894043,-0.8608112335205078,0.7167902588844299,0.1415710598230362,-0.8597561120986938,0.7436708211898804,0.1412850022315979,-0.8601762056350708,0.7687536478042603,0.1420528143644333,-0.860893726348877,0.6659796237945557,0.13829956948757172,-0.816504180431366,0.6530841588973999,0.13610202074050903,-0.8168354034423828,0.6421693563461304,0.13421911001205444,-0.8177105188369751,0.8141322135925293,0.16954414546489716,-0.647016167640686,0.6670907139778137,0.15816344320774078,-0.4348636567592621,0.7069979906082153,0.2792460322380066,-0.7675422430038452,0.6583549380302429,0.26993685960769653,-0.7073185443878174,0.9475409388542175,0.4565640389919281,-0.4770897924900055,0.576406717300415,0.44831088185310364,-0.18088814616203308,1.1285181045532227,0.7492154836654663,-0.44362378120422363,0.3845822215080261,0.5560561418533325,-0.7784287929534912,1.1909987926483154,1.0026652812957764,-0.6050834655761719,0.29880475997924805,0.33927953243255615,-1.770782232284546,1.216135025024414,1.0925184488296509,-0.6453918814659119,0.23653598129749298,0.25978943705558777,-1.9196550846099854,1.1950846910476685,1.0630131959915161,-0.6954816579818726,0.28156277537345886,0.2363266497850418,-1.9101823568344116,1.175102949142456,1.0347145795822144,-0.6311289072036743,0.3034230172634125,0.28000408411026,-1.7962942123413086,0.8394349217414856,1.1723979711532593,-0.16047242283821106,0.6045900583267212,0.9787393808364868,0.1615535467863083,0.7505109906196594,1.6227054595947266,-0.3243046998977661,0.41655343770980835,1.342807650566101,0.5511136054992676,0.7280899882316589,2.1491730213165283,0.03411237150430679,0.2964964210987091,1.8336632251739502,1.256779670715332,0.7501158714294434,2.249098777770996,0.053356658667325974,0.28497612476348877,1.9173558950424194,1.3260433673858643,0.6269751787185669,2.2598352432250977,-0.35687702894210815,0.2331564873456955,1.9548183679580688,1.0128307342529297
251,TEST,MOVING,0.6713379621505737,0.19907349348068237,-0.8707785606384277,0.7165737748146057,0.14178071916103363,-0.8643043637275696,0.7432302236557007,0.14155437052249908,-0.8647655248641968,0.7682384848594666,0.14237137138843536,-0.8655518293380737,0.6659227609634399,0.13849695026874542,-0.8270356059074402,0.6530643105506897,0.13638122379779816,-0.8273905515670776,0.6421131491661072,0.13457457721233368,-0.8282305002212524,0.8137547373771667,0.1698484867811203,-0.6216505169868469,0.6670768857002258,0.15853799879550934,-0.4435886740684509,0.706060528755188,0.2792053520679474,-0.7681102156639099,0.6579211950302124,0.26983845233917236,-0.7165452241897583,0.9468935132026672,0.4564521014690399,-0.4614567160606384,0.5763849020004272,0.44695109128952026,-0.17713013291358948,1.1227277517318726,0.7464414834976196,-0.4539473056793213,0.40236368775367737,0.5822447538375854,-0.7630131840705872,1.158774733543396,0.9915979504585266,-0.63323974609375,0.3051476776599884,0.34363672137260437,-1.7717292308807373,1.1761856079101562,1.0821669101715088,-0.6891047358512878,0.236598402261734,0.26737889647483826,-1.9198377132415771,1.148721694946289,1.0513311624526978,-0.7388537526130676,0.27473026514053345,0.24165180325508118,-1.9175300598144531,1.1328191757202148,1.0218595266342163,-0.6574105024337769,0.3000651001930237,0.2847714424133301,-1.8002166748046875,0.8357732892036438,1.1653751134872437,-0.1573929339647293,0.6039037704467773,0.9780813455581665,0.15849252045154572,0.7485972046852112,1.6358870267868042,-0.3376031219959259,0.40998417139053345,1.3456231355667114,0.503528892993927,0.7159630656242371,2.169191598892212,-0.007288022898137569,0.2981470823287964,1.8298895359039307,1.1561596393585205,0.7331112027168274,2.2680726051330566,0.007885757833719254,0.2891619801521301,1.9096944332122803,1.211676001548767,0.6223145723342896,2.2837984561920166,-0.4227016568183899,0.23868055641651154,1.9566034078598022,0.8824641108512878
252,TEST,HIGH MOVEMENT,0.6713192462921143,0.19983896613121033,-0.8517580032348633,0.7165564298629761,0.14237628877162933,-0.8460442423820496,0.7430071830749512,0.14221994578838348,-0.8464134931564331,0.7677294015884399,0.14299850165843964,-0.8469669222831726,0.6660711765289307,0.1392260491847992,-0.8037006258964539,0.6532829999923706,0.13739655911922455,-0.8040463328361511,0.6422918438911438,0.13580147922039032,-0.8047193288803101,0.8131943941116333,0.17019423842430115,-0.6298377513885498,0.6668980717658997,0.15969429910182953,-0.4275955259799957,0.7058357000350952,0.2791319787502289,-0.758306086063385,0.65790855884552,0.26985177397727966,-0.7008544206619263,0.9477060437202454,0.45663756132125854,-0.47535282373428345,0.5763906836509705,0.44838041067123413,-0.15324443578720093,1.0996577739715576,0.7861003279685974,-0.4641331732273102,0.40511927008628845,0.6436083912849426,-0.6259325742721558,1.1158864498138428,1.0938427448272705,-0.6268669962882996,0.3119349181652069,0.3899132311344147,-1.5435895919799805,1.1329078674316406,1.1942402124404907,-0.6764618158340454,0.24244455993175507,0.2760491371154785,-1.6750352382659912,1.1036174297332764,1.1715686321258545,-0.7239037752151489,0.27481332421302795,0.24422329664230347,-1.6795930862426758,1.0864466428756714,1.136599063873291,-0.6511440277099609,0.3028008043766022,0.299236923456192,-1.5751047134399414,0.8366509675979614,1.165488839149475,-0.16983549296855927,0.6059589385986328,0.9790266752243042,0.17135395109653473,0.7516046166419983,1.6320644617080688,-0.42067018151283264,0.38934165239334106,1.3063350915908813,0.13663668930530548,0.7161379456520081,2.1666486263275146,-0.019022267311811447,0.19197894632816315,1.8083761930465698,0.5156306624412537,0.7334761023521423,2.2639074325561523,0.000693421927280724,0.17748701572418213,1.8951630592346191,0.5414311289787292,0.6234942674636841,2.2740557193756104,-0.4219732880592346,0.08873587101697922,1.9039173126220703,0.20219476521015167
253,TEST,MOVING,0.6713063716888428,0.20111410319805145,-1.1103930473327637,0.7165271639823914,0.14357440173625946,-1.1013450622558594,0.7429141402244568,0.14360311627388,-1.101666808128357,0.7676049470901489,0.14441971480846405,-1.1022191047668457,0.666056215763092,0.14016224443912506,-1.0589020252227783,0.653260350227356,0.13838736712932587,-1.0593799352645874,0.6422683596611023,0.136789470911026,-1.0601367950439453,0.812972366809845,0.17147953808307648,-0.8428645133972168,0.6662238836288452,0.16102232038974762,-0.6372193694114685,0.7056698799133301,0.27948659658432007,-0.9989949464797974,0.6578423976898193,0.2702588140964508,-0.9411585927009583,0.9478642344474792,0.4578494727611542,-0.6083203554153442,0.5763778686523438,0.44945228099823,-0.34108874201774597,1.0936734676361084,0.7943721413612366,-0.4990549683570862,0.4081868529319763,0.6569023728370667,-0.9447528123855591,1.1294926404953003,1.090765118598938,-0.6170660853385925,0.31804007291793823,0.3774769604206085,-2.04679536819458,1.1519044637680054,1.1856379508972168,-0.6488145589828491,0.2641642093658447,0.27137815952301025,-2.208235025405884,1.126524567604065,1.1674953699111938,-0.7015045285224915,0.2879963517189026,0.24041546881198883,-2.209442615509033,1.1061183214187622,1.1343703269958496,-0.6407063007354736,0.3089936077594757,0.2929779887199402,-2.077887535095215,0.8367940187454224,1.161781907081604,-0.17013230919837952,0.6059935092926025,0.9749779105186462,0.1715518683195114,0.7515554428100586,1.6125835180282593,-0.33360978960990906,0.39208748936653137,1.271383285522461,0.415234237909317,0.7210620045661926,2.152221441268921,0.16433745622634888,0.221392422914505,1.7568532228469849,1.0679552555084229,0.7370082139968872,2.251432180404663,0.1926710307598114,0.21021702885627747,1.84439218044281,1.122904658317566,0.6382503509521484,2.2665674686431885,-0.2394448220729828,0.13261744379997253,1.8585840463638306,0.7886335253715515
254,TEST,HIGH MOVEMENT,0.6712916493415833,0.2002556025981903,-1.044271469116211,0.7165618538856506,0.14334139227867126,-1.0339887142181396,0.7429078817367554,0.14341092109680176,-1.0343284606933594,0.7675794363021851,0.14425238966941833,-1.0348811149597168,0.6661415696144104,0.13973717391490936,-0.9929920434951782,0.6533628702163696,0.13785050809383392,-0.9933999180793762,0.6423743963241577,0.13612407445907593,-0.9941507577896118,0.8129602670669556,0.1714211255311966,-0.7866443395614624,0.6661863923072815,0.16068704426288605,-0.5850391983985901,0.7056399583816528,0.27919435501098633,-0.938092827796936,0.657784104347229,0.269501656293869,-0.8816479444503784,0.9478473663330078,0.45913755893707275,-0.5867710709571838,0.5764079093933105,0.4494423270225525,-0.29871413111686707,1.0987670421600342,0.7896795868873596,-0.5057751536369324,0.4048985540866852,0.6069561243057251,-0.8842545747756958,1.1649749279022217,1.0694736242294312,-0.630761444568634,0.3153073191642761,0.3705590069293976,-1.9882373809814453,1.1983927488327026,1.1573288440704346,-0.6700825095176697,0.2627447843551636,0.25252553820610046,-2.1439661979675293,1.181301236152649,1.1343132257461548,-0.725646436214447,0.2962396740913391,0.2394208312034607,-2.1404380798339844,1.1520370244979858,1.1067538261413574,-0.6565881371498108,0.31539133191108704,0.2895165979862213,-2.0170493125915527,0.8367180824279785,1.1604716777801514,-0.17583423852920532,0.6079254746437073,0.9724222421646118,0.1769842952489853,0.7480527758598328,1.6035305261611938,-0.25122588872909546,0.4156211316585541,1.274013876914978,0.6946653127670288,0.720969557762146,2.1358859539031982,0.2357635796070099,0.25565022230148315,1.748425841331482,1.4283969402313232,0.7370535731315613,2.2321298122406006,0.2642819285392761,0.24627134203910828,1.8330754041671753,1.493209719657898,0.6366447806358337,2.255645513534546,-0.13408085703849792,0.164536714553833,1.847938895225525,1.2030460834503174
255,TEST,HIGH MOVEMENT,0.6703992486000061,0.2002749741077423,-1.002569556236267,0.7154712677001953,0.1434757262468338,-1.0017696619033813,0.741298258304596,0.14370974898338318,-1.0020670890808105,0.7662660479545593,0.14469902217388153,-1.0028809309005737,0.66579669713974,0.13973186910152435,-0.9482461214065552,0.6531532406806946,0.13782665133476257,-0.9485713243484497,0.6422434449195862,0.1360708326101303,-0.9492704272270203,0.8127134442329407,0.17205782234668732,-0.7780136466026306,0.6662805676460266,0.16068726778030396,-0.5378540754318237,0.7040236592292786,0.27918821573257446,-0.9130567312240601,0.6569975018501282,0.26937782764434814,-0.8401187062263489,0.9484180212020874,0.4612371623516083,-0.5754795074462891,0.575928807258606,0.44943931698799133,-0.2856176495552063,1.0895744562149048,0.8098874688148499,-0.5199871063232422,0.40181320905685425,0.599329948425293,-0.8405666351318359,1.1386350393295288,1.113884687423706,-0.6320339441299438,0.3141263425350189,0.3655591309070587,-1.8946787118911743,1.1686850786209106,1.2154126167297363,-0.6713236570358276,0.2635555863380432,0.24451278150081635,-2.043163537979126,1.1376898288726807,1.2018061876296997,-0.7248198390007019,0.3018135130405426,0.239225372672081,-2.0332589149475098,1.1121127605438232,1.1653810739517212,-0.6575520634651184,0.3192889094352722,0.28759682178497314,-1.9198805093765259,0.8376007080078125,1.1602592468261719,-0.17602261900901794,0.6078929901123047,0.9721176624298096,0.17719420790672302,0.7469938397407532,1.617989420890808,-0.2606733739376068,0.4376399517059326,1.3724746704101562,0.6841953992843628,0.7184470891952515,2.1621780395507812,0.2039690464735031,0.33071210980415344,1.8604546785354614,1.404586911201477,0.735071063041687,2.2639951705932617,0.23057062923908234,0.3250565230846405,1.9425441026687622,1.466886043548584,0.6302805542945862,2.284017324447632,-0.184682697057724,0.27371519804000854,1.9946398735046387,1.1408365964889526
256,TEST,HIGH MOVEMENT,0.6698581576347351,0.1990237534046173,-0.9146127700805664,0.7150878310203552,0.14286424219608307,-0.9108453989028931,0.7407069206237793,0.14318221807479858,-0.9112207293510437,0.7656505107879639,0.14419741928577423,-0.9120019674301147,0.6653986573219299,0.1387816071510315,-0.8639594316482544,0.6526960134506226,0.13674405217170715,-0.8642654418945312,0.6417268514633179,0.1348862200975418,-0.8651634454727173,0.8123074769973755,0.17171326279640198,-0.6865550875663757,0.6661299467086792,0.1598571240901947,-0.460554301738739,0.7028380036354065,0.2781934440135956,-0.8223828077316284,0.656160295009613,0.26837828755378723,-0.7566062211990356,0.9484154582023621,0.4616149961948395,-0.506208062171936,0.5755706429481506,0.44963037967681885,-0.2132277935743332,1.104343295097351,0.7704397439956665,-0.42655056715011597,0.3902088403701782,0.5977525115013123,-0.8252698183059692,1.1933027505874634,1.0005580186843872,-0.5439766645431519,0.31257620453834534,0.36239179968833923,-1.8780181407928467,1.2262957096099854,1.0815728902816772,-0.5766622424125671,0.2625998854637146,0.24427169561386108,-2.0266566276550293,1.2117645740509033,1.0508129596710205,-0.6240962743759155,0.3010978102684021,0.2385665774345398,-2.020487070083618,1.1870313882827759,1.0272036790847778,-0.5685156583786011,0.31881654262542725,0.286784291267395,-1.9049196243286133,0.8393977880477905,1.159489393234253,-0.17565520107746124,0.608085036277771,0.9720767140388489,0.17673669755458832,0.7500278353691101,1.6266255378723145,-0.2526329755783081,0.4554816782474518,1.3866875171661377,0.6980470418930054,0.7192298769950867,2.168269634246826,0.18039721250534058,0.32463812828063965,1.8576767444610596,1.342638611793518,0.7368783354759216,2.2668941020965576,0.20513422787189484,0.32084977626800537,1.9401487112045288,1.3982386589050293,0.6303845643997192,2.2885565757751465,-0.20430751144886017,0.2625494599342346,1.9756971597671509,1.0618062019348145
257,TEST,HIGH MOVEMENT,0.670026957988739,0.19910608232021332,-0.857379138469696,0.7150781750679016,0.14325770735740662,-0.8561795949935913,0.7406449317932129,0.1436876356601715,-0.8565585017204285,0.7654470801353455,0.14475814998149872,-0.8573684692382812,0.6653867363929749,0.1391027569770813,-0.8091892004013062,0.652679979801178,0.1370987445116043,-0.8094238042831421,0.6417041420936584,0.13518841564655304,-0.8103561401367188,0.8114636540412903,0.17187263071537018,-0.634372353553772,0.6657523512840271,0.15991166234016418,-0.4006684422492981,0.7029001116752625,0.2782405912876129,-0.7648435831069946,0.6562952995300293,0.26847711205482483,-0.6982319355010986,0.9476402401924133,0.4619080424308777,-0.4681556820869446,0.5753380656242371,0.45021674036979675,-0.16645684838294983,1.104518175125122,0.7594735026359558,-0.3506310284137726,0.39241135120391846,0.5994612574577332,-0.7790325880050659,1.204010009765625,0.9746757745742798,-0.39244383573532104,0.3117360472679138,0.36342474818229675,-1.8547708988189697,1.239431619644165,1.0518330335617065,-0.4090324938297272,0.26225417852401733,0.25439849495887756,-2.0013701915740967,1.2292814254760742,1.0213072299957275,-0.4569934904575348,0.30094194412231445,0.23742885887622833,-1.9970347881317139,1.2029223442077637,0.9990023970603943,-0.41619881987571716,0.31848710775375366,0.28557127714157104,-1.8826119899749756,0.8473644256591797,1.157589077949524,-0.17562265694141388,0.6102277040481567,0.9720280766487122,0.17666888236999512,0.7664503455162048,1.6622674465179443,-0.23528067767620087,0.4909915030002594,1.449164628982544,0.6393297910690308,0.7279646992683411,2.2040176391601562,0.20445320010185242,0.34768372774124146,1.9260402917861938,1.222360372543335,0.749060869216919,2.2958967685699463,0.2281317412853241,0.3321564495563507,2.009779453277588,1.2656400203704834,0.6343482732772827,2.3376121520996094,-0.19479712843894958,0.298007071018219,2.0405592918395996,0.8723174333572388
258,TEST,HIGH MOVEMENT,0.6702901124954224,0.19931569695472717,-0.859933078289032,0.7150819897651672,0.14379064738750458,-0.8559371829032898,0.740630030632019,0.14429208636283875,-0.8562499284744263,0.7653953433036804,0.14536818861961365,-0.8569871187210083,0.6653878092765808,0.13964805006980896,-0.8096820712089539,0.6526718139648438,0.13769850134849548,-0.8099528551101685,0.6416869759559631,0.13575027883052826,-0.8108992576599121,0.8109534382820129,0.1721080243587494,-0.6265496611595154,0.6653217673301697,0.15998731553554535,-0.3952730596065521,0.7030038833618164,0.2783164083957672,-0.7636066675186157,0.6563831567764282,0.2686971426010132,-0.698121190071106,0.9474769830703735,0.46175575256347656,-0.43778419494628906,0.5749366283416748,0.45042264461517334,-0.16795453429222107,1.1238733530044556,0.6975375413894653,-0.28375768661499023,0.39167237281799316,0.5983541011810303,-0.7808564901351929,1.2389593124389648,0.8390682935714722,-0.26713690161705017,0.3113032579421997,0.3622809648513794,-1.8694684505462646,1.2744733095169067,0.893264651298523,-0.2644515931606293,0.26222628355026245,0.25359728932380676,-2.015838861465454,1.2707619667053223,0.861534833908081,-0.3062646985054016,0.30062955617904663,0.23681636154651642,-2.0097155570983887,1.2462691068649292,0.8485552072525024,-0.28728899359703064,0.3179556429386139,0.28659293055534363,-1.8988977670669556,0.8534039258956909,1.1580758094787598,-0.1738312542438507,0.6107292771339417,0.9722227454185486,0.17482392489910126,0.7852184772491455,1.6686471700668335,-0.23892202973365784,0.5085686445236206,1.4393607378005981,0.6508445143699646,0.7582353949546814,2.2077059745788574,0.19094358384609222,0.37379783391952515,1.9075950384140015,1.2259328365325928,0.7813353538513184,2.3001554012298584,0.2147260457277298,0.35481178760528564,1.992424488067627,1.2716821432113647,0.6687628030776978,2.3422229290008545,-0.22430948913097382,0.33264175057411194,2.017198085784912,0.889621913433075
259,TEST,MOVING,0.6706961393356323,0.19932298362255096,-0.8641952276229858,0.7152547240257263,0.1439541131258011,-0.8666611909866333,0.740745484828949,0.144515261054039,-0.8669668436050415,0.7653868198394775,0.14564453065395355,-0.8677489161491394,0.6655510663986206,0.13977961242198944,-0.8106915354728699,0.6528918743133545,0.1378454864025116,-0.8108246922492981,0.6418437957763672,0.13586455583572388,-0.8116861581802368,0.8106983304023743,0.17229987680912018,-0.6430292725563049,0.6652518510818481,0.15996034443378448,-0.430657297372818,0.7031364440917969,0.2783150374889374,-0.7727631330490112,0.6564850211143494,0.2687073051929474,-0.7074851989746094,0.9474685788154602,0.4618503153324127,-0.45960837602615356,0.573877215385437,0.45082995295524597,-0.17786799371242523,1.126356840133667,0.7116258144378662,-0.3241477310657501,0.39002469182014465,0.598406195640564,-0.7673632502555847,1.2365128993988037,0.8809558749198914,-0.5384358167648315,0.3032744228839874,0.36727240681648254,-1.8428823947906494,1.269717812538147,0.9409355521202087,-0.5771971940994263,0.2560061812400818,0.257606565952301,-1.9930387735366821,1.2624397277832031,0.886272668838501,-0.6399244070053101,0.2920847535133362,0.24020810425281525,-2.00058650970459,1.2400240898132324,0.8736746311187744,-0.5736943483352661,0.3109378516674042,0.29876676201820374,-1.876479148864746,0.8528421521186829,1.1638184785842896,-0.16661861538887024,0.6107048988342285,0.9784647226333618,0.1675906479358673,0.7817227244377136,1.6622490882873535,-0.248915433883667,0.4771158695220947,1.4028303623199463,0.4517778754234314,0.7536289095878601,2.2000129222869873,0.18878807127475739,0.33757680654525757,1.892366886138916,1.0408483743667603,0.7755931615829468,2.2940261363983154,0.21458597481250763,0.32264092564582825,1.9771510362625122,1.0889451503753662,0.6644759774208069,2.341405153274536,-0.21700164675712585,0.2826910614967346,1.9942008256912231,0.7488044500350952
260,TEST,HIGH MOVEMENT,0.6706024408340454,0.20059119164943695,-0.8141544461250305,0.7146216630935669,0.14589563012123108,-0.82481849193573,0.7396048307418823,0.1467759758234024,-0.8252264261245728,0.763929545879364,0.148102805018425,-0.8259371519088745,0.6655174493789673,0.14168062806129456,-0.7680137753486633,0.652898907661438,0.1399545520544052,-0.7682876586914062,0.6418712735176086,0.13817279040813446,-0.7690747380256653,0.8098012208938599,0.17407162487506866,-0.6498076915740967,0.6652989983558655,0.16104309260845184,-0.3991355299949646,0.702953040599823,0.27835649251937866,-0.7388713359832764,0.6564728617668152,0.2692526876926422,-0.6636512279510498,0.9474519491195679,0.4622904658317566,-0.5015588998794556,0.5740485191345215,0.45066162943840027,-0.12999245524406433,1.0859520435333252,0.7858479619026184,-0.4630657136440277,0.39010685682296753,0.5998149514198303,-0.5061604976654053,1.130260705947876,1.0717732906341553,-0.6399328112602234,0.29425978660583496,0.3689749836921692,-1.3498839139938354,1.15459406375885,1.1759436130523682,-0.6858358383178711,0.24907371401786804,0.25999242067337036,-1.4677643775939941,1.1264269351959229,1.1619696617126465,-0.7377856373786926,0.2809457778930664,0.2412777990102768,-1.4695894718170166,1.108893871307373,1.1193219423294067,-0.6674039959907532,0.2946026623249054,0.300385981798172,-1.3777657747268677,0.8526204824447632,1.1638267040252686,-0.17016427218914032,0.6102829575538635,0.9784358143806458,0.17136606574058533,0.778286337852478,1.668382167816162,-0.2510611116886139,0.4774135649204254,1.4293187856674194,0.4905192255973816,0.7328795790672302,2.2032454013824463,0.2426706850528717,0.3877699077129364,1.9267855882644653,1.063135027885437,0.7504940032958984,2.2992148399353027,0.27553123235702515,0.3825841546058655,2.006913900375366,1.114436388015747,0.6446155309677124,2.331620693206787,-0.15090176463127136,0.3389427959918976,2.0604212284088135,0.800848662853241
261,TEST,MOVING,0.6704603433609009,0.20167483389377594,-0.8126109838485718,0.7139149308204651,0.14727988839149475,-0.8234013319015503,0.7385426759719849,0.14826585352420807,-0.8238000869750977,0.762804388999939,0.14965873956680298,-0.8244816660881042,0.6653855443000793,0.1431390643119812,-0.7690183520317078,0.6528608202934265,0.1415461152791977,-0.7693251967430115,0.6418498754501343,0.13989566266536713,-0.7700983881950378,0.8091275095939636,0.17509227991104126,-0.6545675992965698,0.6652863025665283,0.1618296355009079,-0.4039858877658844,0.7027438879013062,0.2784726917743683,-0.7379382252693176,0.6564440727233887,0.2698720693588257,-0.6640742421150208,0.9474440813064575,0.46268919110298157,-0.5199517011642456,0.5741970539093018,0.4504871070384979,-0.13769298791885376,1.0737006664276123,0.8134750723838806,-0.49738654494285583,0.3908767104148865,0.599951982498169,-0.4989374577999115,1.1115717887878418,1.1192896366119385,-0.6663845777511597,0.29061734676361084,0.3718301057815552,-1.3269894123077393,1.1360552310943604,1.227320909500122,-0.7124685049057007,0.24626851081848145,0.2642866373062134,-1.4438530206680298,1.1059954166412354,1.2160526514053345,-0.7632097005844116,0.27597782015800476,0.24474196135997772,-1.446205496788025,1.0881288051605225,1.1716837882995605,-0.6932389736175537,0.2880060076713562,0.3035199046134949,-1.3548290729522705,0.852208137512207,1.1638541221618652,-0.16955922544002533,0.6100166440010071,0.9784555435180664,0.17080816626548767,0.7775977849960327,1.673418641090393,-0.19832578301429749,0.4786289632320404,1.4351273775100708,0.5067666172981262,0.7236636281013489,2.205674409866333,0.3489695191383362,0.39834675192832947,1.9303282499313354,1.0933901071548462,0.7396752834320068,2.3014488220214844,0.3870130479335785,0.394079327583313,2.009305238723755,1.1422464847564697,0.6361356973648071,2.330897092819214,-0.025991305708885193,0.35073381662368774,2.069338798522949,0.8373830914497375
262,TEST,HIGH MOVEMENT,0.67054283618927,0.2019663006067276,-0.8285204768180847,0.7138881683349609,0.14813017845153809,-0.8362094163894653,0.7384331226348877,0.14913728833198547,-0.8365999460220337,0.7626062631607056,0.1505460888147354,-0.8372312784194946,0.6657180786132812,0.14411135017871857,-0.7822951674461365,0.653754711151123,0.14272193610668182,-0.782612144947052,0.6433249711990356,0.14129537343978882,-0.7834365963935852,0.8090360760688782,0.17601880431175232,-0.657448410987854,0.6669974327087402,0.1629173308610916,-0.4021025598049164,0.7028726935386658,0.278475821018219,-0.7493308186531067,0.657059907913208,0.27001821994781494,-0.6756342053413391,0.947104811668396,0.46269461512565613,-0.5194271206855774,0.5753549933433533,0.4506399929523468,-0.11384451389312744,1.082925796508789,0.7918872833251953,-0.4951966404914856,0.39135175943374634,0.599474310874939,-0.5519183874130249,1.1462815999984741,1.054175853729248,-0.639643132686615,0.28908029198646545,0.37273186445236206,-1.518549919128418,1.1747219562530518,1.145990252494812,-0.6835089921951294,0.24625322222709656,0.26887619495391846,-1.6497268676757812,1.1563451290130615,1.1289411783218384,-0.7331095933914185,0.27348098158836365,0.24639245867729187,-1.6520061492919922,1.1385412216186523,1.0924899578094482,-0.6662346720695496,0.28596311807632446,0.3028208315372467,-1.547863245010376,0.852512538433075,1.1653296947479248,-0.18498851358890533,0.6115584969520569,0.9791039824485779,0.18623125553131104,0.7757262587547302,1.6786836385726929,-0.3800378441810608,0.4762837290763855,1.4284508228302002,0.5033941268920898,0.7236899733543396,2.212552070617676,0.052469123154878616,0.3830004334449768,1.921576976776123,1.0929899215698242,0.7400038242340088,2.3066494464874268,0.07508447766304016,0.37683525681495667,2.0010151863098145,1.140197992324829,0.6364027261734009,2.332042932510376,-0.385314404964447,0.33046746253967285,2.048738479614258,0.7858723402023315
263,TEST,HIGH MOVEMENT,0.6705514192581177,0.2051273137331009,-0.9098007082939148,0.7137235403060913,0.15004773437976837,-0.9025104641914368,0.7378949522972107,0.15093255043029785,-0.9029722213745117,0.7619237303733826,0.15218129754066467,-0.9034982919692993,0.6659064292907715,0.14698751270771027,-0.8584977984428406,0.6542623043060303,0.14622989296913147,-0.8589180111885071,0.6441258192062378,0.14567379653453827,-0.8597708940505981,0.8084303140640259,0.17706874012947083,-0.671168327331543,0.6671075820922852,0.16647300124168396,-0.45440158247947693,0.7028133869171143,0.2792345881462097,-0.8091753125190735,0.6571288704872131,0.27228355407714844,-0.7486430406570435,0.9470049738883972,0.4627020061016083,-0.48725348711013794,0.5758851170539856,0.45195165276527405,-0.15671521425247192,1.098191738128662,0.7722998857498169,-0.4346767067909241,0.4076184332370758,0.6092489957809448,-0.6349068284034729,1.173322319984436,0.996550440788269,-0.625525712966919,0.3001239001750946,0.4266468286514282,-1.7331197261810303,1.2004996538162231,1.0764387845993042,-0.666447639465332,0.2467535436153412,0.3287089765071869,-1.8913624286651611,1.1907565593719482,1.0454933643341064,-0.719965398311615,0.27379104495048523,0.3097180724143982,-1.910832405090332,1.1733906269073486,1.018571376800537,-0.6526430249214172,0.29311418533325195,0.34921592473983765,-1.7710793018341064,0.8523657917976379,1.1655386686325073,-0.18012842535972595,0.6117103099822998,0.9885666966438293,0.18116745352745056,0.7745161652565002,1.618671178817749,-0.38078048825263977,0.4455728530883789,1.382493257522583,0.20968802273273468,0.7302142381668091,2.1404600143432617,0.02767927572131157,0.3544735312461853,1.9141714572906494,0.6921855211257935,0.7463605403900146,2.23555850982666,0.04608507081866264,0.3597494959831238,1.9919837713241577,0.7264882326126099,0.6496408581733704,2.233635902404785,-0.3964899480342865,0.2789842188358307,2.0457983016967773,0.3813949227333069
264,TEST,MOVING,0.6705470085144043,0.20732441544532776,-0.9067028164863586,0.713353157043457,0.15172608196735382,-0.8960898518562317,0.7370519638061523,0.15250763297080994,-0.8966141939163208,0.7609571218490601,0.15358524024486542,-0.8971055746078491,0.6659773588180542,0.1493716686964035,-0.8530906438827515,0.6545472145080566,0.14903609454631805,-0.8535474538803101,0.6446107625961304,0.1490398496389389,-0.8544185757637024,0.8076972961425781,0.17789272964000702,-0.6613572835922241,0.6671606302261353,0.16962745785713196,-0.4471050202846527,0.7027240991592407,0.2797471880912781,-0.802817165851593,0.6571779251098633,0.2738019824028015,-0.7438740134239197,0.9468555450439453,0.4627331495285034,-0.4553954005241394,0.5763697028160095,0.45330989360809326,-0.15410616993904114,1.1048258543014526,0.7585651278495789,-0.4012358784675598,0.41495734453201294,0.6172040700912476,-0.6337637901306152,1.1793110370635986,0.9689173102378845,-0.6232839822769165,0.308430939912796,0.44299566745758057,-1.7133783102035522,1.2055766582489014,1.0477854013442993,-0.6617889404296875,0.24707624316215515,0.34668150544166565,-1.8655178546905518,1.1961534023284912,1.0159720182418823,-0.7107704877853394,0.27388447523117065,0.3272872865200043,-1.8793188333511353,1.179189920425415,0.9893418550491333,-0.6482475996017456,0.29748770594596863,0.36333703994750977,-1.7481529712677002,0.8522059321403503,1.1654630899429321,-0.17712409794330597,0.611637532711029,0.9942264556884766,0.17812290787696838,0.7737571001052856,1.6030871868133545,-0.3866049349308014,0.43440136313438416,1.3784149885177612,0.20809006690979004,0.7336446642875671,2.1244356632232666,0.005209804512560368,0.3516520857810974,1.9076526165008545,0.6833704710006714,0.7504218220710754,2.2206292152404785,0.02248315140604973,0.3565758168697357,1.9861477613449097,0.7166924476623535,0.654188871383667,2.2163984775543213,-0.4193524718284607,0.27660268545150757,2.038825035095215,0.36985549330711365
265,TEST,HIGH MOVEMENT,0.6696865558624268,0.20730799436569214,-0.8705555200576782,0.711706817150116,0.15153926610946655,-0.8684490919113159,0.7356652021408081,0.15210548043251038,-0.868970513343811,0.7599793672561646,0.15282851457595825,-0.8694380521774292,0.6645113229751587,0.14932216703891754,-0.8147683143615723,0.6526346802711487,0.14900323748588562,-0.8151633143424988,0.6422685384750366,0.1489875465631485,-0.8159849047660828,0.8071697950363159,0.1763356626033783,-0.6600448489189148,0.6647036671638489,0.169794961810112,-0.4063364863395691,0.7024893164634705,0.2797771394252777,-0.7818781733512878,0.6569575071334839,0.273873507976532,-0.7081437110900879,0.9465888142585754,0.46219560503959656,-0.45799678564071655,0.5761796236038208,0.45702940225601196,-0.12135893106460571,1.1209155321121216,0.7241305708885193,-0.48181408643722534,0.4123786985874176,0.6724106073379517,-0.6316105127334595,1.2041088342666626,0.910283088684082,-0.7169510722160339,0.30083686113357544,0.42966756224632263,-1.7169437408447266,1.2358125448226929,0.9809163212776184,-0.7712637186050415,0.24622531235218048,0.3315397799015045,-1.87514328956604,1.22336745262146,0.9497578144073486,-0.8230468034744263,0.2736274003982544,0.31469279527664185,-1.879418969154358,1.2035787105560303,0.92926025390625,-0.7466217279434204,0.2948918044567108,0.3603586256504059,-1.7506564855575562,0.850794792175293,1.1735668182373047,-0.18836364150047302,0.6128713488578796,1.0850780010223389,0.18970385193824768,0.7674449682235718,1.6113262176513672,-0.4166433811187744,0.42910218238830566,1.3968225717544556,0.29375725984573364,0.7318685054779053,2.132262706756592,-0.028635013848543167,0.3480357229709625,1.9366308450698853,0.8217166662216187,0.749310314655304,2.236813545227051,-0.011972123757004738,0.3554855287075043,2.0195486545562744,0.8616739511489868,0.6482933759689331,2.230708599090576,-0.46584025025367737,0.27394774556159973,2.0667295455932617,0.5116285681724548
266,TEST,HIGH MOVEMENT,0.6696643233299255,0.2072320580482483,-0.8966239094734192,0.7114618420600891,0.15114296972751617,-0.8906770944595337,0.7355630397796631,0.1513574719429016,-0.8910619616508484,0.7599372863769531,0.15166285634040833,-0.8914845585823059,0.6640695333480835,0.1492382436990738,-0.8405581712722778,0.6518468260765076,0.14895129203796387,-0.8409394025802612,0.6410714387893677,0.1489432007074356,-0.8416748046875,0.8071508407592773,0.17461426556110382,-0.6794029474258423,0.662760853767395,0.16987687349319458,-0.4343639314174652,0.702707052230835,0.2798135578632355,-0.8067175149917603,0.6569568514823914,0.2740322947502136,-0.7362335920333862,0.9465710520744324,0.4615221321582794,-0.47446003556251526,0.5761674642562866,0.4599321484565735,-0.17580588161945343,1.1712925434112549,0.6196808218955994,-0.5202111601829529,0.4115917682647705,0.6785959601402283,-0.698947548866272,1.2829513549804688,0.6849657297134399,-0.6961765289306641,0.29745545983314514,0.42399176955223083,-1.739504098892212,1.3209227323532104,0.7103146910667419,-0.7387822866439819,0.24615342915058136,0.3289148211479187,-1.8885844945907593,1.3111668825149536,0.6816012263298035,-0.7839062213897705,0.2738698124885559,0.3051905930042267,-1.8846943378448486,1.2901264429092407,0.6819003820419312,-0.7225950956344604,0.29427558183670044,0.35082677006721497,-1.7698701620101929,0.8487530946731567,1.185269832611084,-0.18717984855175018,0.6121938228607178,1.0575553178787231,0.18861433863639832,0.7630395889282227,1.6129813194274902,-0.36901742219924927,0.4229581952095032,1.3570594787597656,0.3367515206336975,0.7298189401626587,2.1273908615112305,0.09159623086452484,0.3050803542137146,1.8855642080307007,0.8974989652633667,0.7470134496688843,2.2250900268554688,0.11766009032726288,0.30531665682792664,1.9717888832092285,0.941102147102356,0.646316647529602,2.2235569953918457,-0.29094165563583374,0.21726636588573456,2.0024573802948,0.5644276142120361
267,TEST,HIGH MOVEMENT,0.6695809364318848,0.1992247849702835,-0.7714604139328003,0.7115573287010193,0.1432604044675827,-0.7667125463485718,0.7356961965560913,0.14304257929325104,-0.7671258449554443,0.7600386738777161,0.14348770678043365,-0.767297625541687,0.6642199158668518,0.14181892573833466,-0.7149870991706848,0.6521056890487671,0.14077506959438324,-0.7152932286262512,0.6415466070175171,0.14007680118083954,-0.7160762548446655,0.8071381449699402,0.16846391558647156,-0.5810378789901733,0.6632348895072937,0.16201461851596832,-0.33456093072891235,0.7020880579948425,0.2751719653606415,-0.6935675144195557,0.6568018198013306,0.2677609622478485,-0.6232662200927734,0.9463179707527161,0.4601757228374481,-0.4464869499206543,0.5764631628990173,0.46006137132644653,-0.08246933668851852,1.1537731885910034,0.6929588913917542,-0.5150256752967834,0.40580978989601135,0.666857898235321,-0.5443640947341919,1.266878604888916,0.8763756155967712,-0.8306934237480164,0.29731059074401855,0.43003949522972107,-1.5619146823883057,1.3195393085479736,0.9515599608421326,-0.9046998023986816,0.24654856324195862,0.3289995789527893,-1.7125571966171265,1.2941582202911377,0.9155401587486267,-0.9585301280021667,0.2774687707424164,0.29959991574287415,-1.7128921747207642,1.264937400817871,0.8910837769508362,-0.8649460077285767,0.29590004682540894,0.34621527791023254,-1.5933899879455566,0.8486415147781372,1.1848270893096924,-0.18792641162872314,0.6105954647064209,1.0534487962722778,0.18956845998764038,0.7675866484642029,1.6153450012207031,-0.36897167563438416,0.4576375484466553,1.4206849336624146,0.25350868701934814,0.7331621050834656,2.132511615753174,0.06066138297319412,0.441240131855011,1.9585120677947998,0.7890639305114746,0.7555751204490662,2.2297685146331787,0.08282570540904999,0.45480695366859436,2.03410267829895,0.8303840756416321,0.6449881792068481,2.2309250831604004,-0.31922647356987,0.3755802512168884,2.104461908340454,0.5195938348770142
268,TEST,MOVING,0.6693821549415588,0.19477738440036774,-0.798564076423645,0.7114654779434204,0.1391109675168991,-0.7985606789588928,0.7355376482009888,0.13853968679904938,-0.7989927530288696,0.7598413228988647,0.13890674710273743,-0.7992842197418213,0.664150595664978,0.1382492631673813,-0.7406445741653442,0.652033269405365,0.1369660645723343,-0.7409090995788574,0.6414939761161804,0.13597486913204193,-0.7417086362838745,0.8069359660148621,0.1645919680595398,-0.6005123853683472,0.6632012724876404,0.15834227204322815,-0.3315916359424591,0.7013015151023865,0.27225345373153687,-0.7201007604598999,0.6565966606140137,0.2647194564342499,-0.6406499147415161,0.946304440498352,0.45826342701911926,-0.48447346687316895,0.5776673555374146,0.4609384536743164,-0.04502119496464729,1.1490514278411865,0.6939420104026794,-0.5844932198524475,0.4055482745170593,0.6612368822097778,-0.46925657987594604,1.2614872455596924,0.8915342688560486,-0.9578601717948914,0.29691755771636963,0.4448787271976471,-1.5057151317596436,1.3079173564910889,0.96574467420578,-1.0435633659362793,0.24703028798103333,0.3323013484477997,-1.6501213312149048,1.2922694683074951,0.9330146908760071,-1.0966895818710327,0.2775205671787262,0.30172574520111084,-1.6608158349990845,1.2640092372894287,0.9097626209259033,-0.9935644268989563,0.29595765471458435,0.3492153584957123,-1.542057991027832,0.8493229746818542,1.1849054098129272,-0.21226096153259277,0.6105405688285828,1.0463945865631104,0.21433134377002716,0.7694501280784607,1.6354140043258667,-0.36589089035987854,0.4981137812137604,1.4730565547943115,0.45248523354530334,0.7347708344459534,2.1534266471862793,0.12098634243011475,0.4824245572090149,1.9875588417053223,1.0937269926071167,0.7587597966194153,2.24808931350708,0.14940866827964783,0.4900827407836914,2.062110424041748,1.1469676494598389,0.6453247666358948,2.261977195739746,-0.27749693393707275,0.4322679936885834,2.1301040649414062,0.8105705380439758
269,TEST,HIGH MOVEMENT,0.6681696176528931,0.1904682070016861,-0.8015822172164917,0.709755539894104,0.13445796072483063,-0.8040661811828613,0.7337676882743835,0.1343337744474411,-0.8045181035995483,0.7585249543190002,0.13511089980602264,-0.80485600233078,0.6624638438224792,0.13301357626914978,-0.7412653565406799,0.6501568555831909,0.13181205093860626,-0.7415210008621216,0.6393548250198364,0.13080774247646332,-0.7423771619796753,0.8064478635787964,0.16195295751094818,-0.6154407262802124,0.6619735956192017,0.15556468069553375,-0.3216143250465393,0.700145959854126,0.26906266808509827,-0.7262638807296753,0.6557210683822632,0.2616831958293915,-0.6402026414871216,0.9462904930114746,0.4581773579120636,-0.48853158950805664,0.5776546001434326,0.46278223395347595,-0.03807280957698822,1.1466491222381592,0.6976290941238403,-0.6098642945289612,0.40561097860336304,0.6640869975090027,-0.5087710022926331,1.2560832500457764,0.8574422001838684,-0.9925124049186707,0.2961409389972687,0.4524465501308441,-1.5386465787887573,1.3011624813079834,0.919330358505249,-1.072966456413269,0.2480422705411911,0.34686076641082764,-1.6601393222808838,1.2849879264831543,0.890121340751648,-1.1209877729415894,0.27759355306625366,0.3113512694835663,-1.676844596862793,1.2582758665084839,0.8702573180198669,-1.0255906581878662,0.29460641741752625,0.3534342646598816,-1.5707942247390747,0.850476861000061,1.1855576038360596,-0.2114630937576294,0.6057490110397339,1.0437380075454712,0.21353133022785187,0.7706339359283447,1.6875712871551514,-0.3858742415904999,0.4954317510128021,1.5558605194091797,0.42613911628723145,0.732495903968811,2.2140846252441406,0.07731397449970245,0.4852502942085266,2.0770692825317383,1.0710065364837646,0.7577118277549744,2.311678409576416,0.10087805986404419,0.4917355179786682,2.150116205215454,1.1219402551651,0.6363712549209595,2.3248422145843506,-0.3632599413394928,0.45105934143066406,2.227461099624634,0.7091501355171204
270,TEST,HIGH MOVEMENT,0.6650773286819458,0.19031262397766113,-0.6950740814208984,0.705133855342865,0.1343575268983841,-0.7021524310112,0.7282044291496277,0.13414721190929413,-0.7025173902511597,0.7518814206123352,0.134813129901886,-0.7031422853469849,0.6590245366096497,0.13299860060214996,-0.6394442915916443,0.6468176245689392,0.1319064050912857,-0.6396137475967407,0.6357221603393555,0.13099011778831482,-0.6404848098754883,0.801314651966095,0.16119429469108582,-0.5368182063102722,0.6595512628555298,0.15571220219135284,-0.23347122967243195,0.6956850290298462,0.2674080729484558,-0.6239960193634033,0.6531395316123962,0.2614375054836273,-0.5372461080551147,0.9320624470710754,0.45239341259002686,-0.427318811416626,0.5780120491981506,0.46122652292251587,0.023478660732507706,1.1457151174545288,0.5861845016479492,-0.44504284858703613,0.3997151553630829,0.6625140905380249,-0.423239529132843,1.276422381401062,0.6272275447845459,-0.5473914742469788,0.2971540093421936,0.44932958483695984,-1.4153714179992676,1.3237515687942505,0.6482625603675842,-0.5911869406700134,0.2546982765197754,0.3424869775772095,-1.552481770515442,1.3160921335220337,0.6247652769088745,-0.6419187784194946,0.2829410135746002,0.31026801466941833,-1.5511995553970337,1.2882978916168213,0.623458981513977,-0.5775060653686523,0.2977640628814697,0.352286696434021,-1.4459377527236938,0.8378891944885254,1.1630192995071411,-0.21451397240161896,0.6034988760948181,1.0183788537979126,0.21598894894123077,0.7413253784179688,1.6802067756652832,-0.40182358026504517,0.49432429671287537,1.5397160053253174,0.4232950210571289,0.685631513595581,2.2060253620147705,-0.08499296009540558,0.4657025933265686,2.0696516036987305,0.8665724992752075,0.7087926864624023,2.306118965148926,-0.07796865701675415,0.4649083614349365,2.1455471515655518,0.8994054794311523,0.5830028653144836,2.315251111984253,-0.5368251800537109,0.4281087815761566,2.2116944789886475,0.48573049902915955
271,TEST,HIGH MOVEMENT,0.6597740054130554,0.18435324728488922,-0.7073147892951965,0.7004601955413818,0.1279044896364212,-0.7227063775062561,0.7231680154800415,0.12803858518600464,-0.7231686115264893,0.7461662888526917,0.12892664968967438,-0.7239184975624084,0.6547973155975342,0.12628190219402313,-0.6535341143608093,0.6427263021469116,0.12535354495048523,-0.6536675095558167,0.6312984824180603,0.12447578459978104,-0.6546207666397095,0.7974844574928284,0.15534821152687073,-0.5700753331184387,0.6579530239105225,0.1496901959180832,-0.24310843646526337,0.6891171932220459,0.2580586373806,-0.6421490907669067,0.648675799369812,0.2543538510799408,-0.5462028980255127,0.9311445355415344,0.44870081543922424,-0.43589410185813904,0.5781354308128357,0.45821958780288696,0.03210418298840523,1.1302486658096313,0.6459897756576538,-0.44373568892478943,0.39762070775032043,0.6600376963615417,-0.48705777525901794,1.2753020524978638,0.832127571105957,-0.5497390627861023,0.2972339987754822,0.4460732340812683,-1.5970194339752197,1.316247582435608,0.8928684592247009,-0.5846718549728394,0.25878867506980896,0.33953770995140076,-1.7424339056015015,1.2989768981933594,0.8732597231864929,-0.6392320394515991,0.2892259657382965,0.30828583240509033,-1.7338697910308838,1.277835488319397,0.8596169948577881,-0.5749459862709045,0.3023831248283386,0.35052016377449036,-1.6262133121490479,0.8367476463317871,1.153425931930542,-0.21759656071662903,0.59972083568573,1.0026053190231323,0.21856680512428284,0.7351053953170776,1.677838921546936,-0.3698611855506897,0.5032286643981934,1.5441288948059082,0.6119506359100342,0.6880442500114441,2.2018206119537354,-0.01723586954176426,0.4543479382991791,2.0743086338043213,1.2150605916976929,0.7116423845291138,2.3053903579711914,-0.0017421906813979149,0.4541492462158203,2.149935483932495,1.2637174129486084,0.5853955745697021,2.3108677864074707,-0.4499282240867615,0.41351571679115295,2.2168190479278564,0.8687248229980469
272,TEST,HIGH MOVEMENT,0.656741738319397,0.18225616216659546,-0.7193523645401001,0.6967411637306213,0.12562450766563416,-0.7381913661956787,0.7191518545150757,0.12575839459896088,-0.7386989593505859,0.7419060468673706,0.1267244517803192,-0.7395355701446533,0.6522891521453857,0.12396128475666046,-0.6666305065155029,0.6408625245094299,0.12314780801534653,-0.6666691899299622,0.6297581791877747,0.12235075980424881,-0.6675651669502258,0.795188844203949,0.15347649157047272,-0.583353579044342,0.6578968167304993,0.14731726050376892,-0.25094765424728394,0.6861316561698914,0.25492510199546814,-0.6563774347305298,0.6466507315635681,0.25174880027770996,-0.5567677617073059,0.9305604696273804,0.44737905263900757,-0.4853370189666748,0.5783331394195557,0.45533570647239685,0.018138252198696136,1.0971839427947998,0.732544481754303,-0.49387186765670776,0.3968227505683899,0.6582754850387573,-0.49814048409461975,1.1922279596328735,0.9857327342033386,-0.6098801493644714,0.298209011554718,0.4439757466316223,-1.6249687671661377,1.2285102605819702,1.0706181526184082,-0.6543279886245728,0.26182156801223755,0.337630957365036,-1.774127721786499,1.212485909461975,1.055306315422058,-0.7060582041740417,0.29257526993751526,0.3066610097885132,-1.7755008935928345,1.1837990283966064,1.0276492834091187,-0.6405269503593445,0.3051788806915283,0.34944427013397217,-1.6573257446289062,0.8370975255966187,1.1509082317352295,-0.2167094200849533,0.5965715646743774,0.9941937923431396,0.2175774872303009,0.7372663021087646,1.6899434328079224,-0.27408528327941895,0.5148304104804993,1.5946942567825317,0.6615368127822876,0.6893851161003113,2.2231898307800293,0.13012239336967468,0.4550837576389313,2.122016668319702,1.2971186637878418,0.7124160528182983,2.315340518951416,0.14528952538967133,0.45257988572120667,2.196343421936035,1.3491294384002686,0.5871204733848572,2.3418078422546387,-0.3341559171676636,0.41849565505981445,2.2679097652435303,0.9141340255737305
273,TEST,HIGH MOVEMENT,0.65528404712677,0.1779935210943222,-0.6987611055374146,0.6953234672546387,0.12135531008243561,-0.721722424030304,0.7179297208786011,0.12160010635852814,-0.722254753112793,0.7408624887466431,0.1226174607872963,-0.722999095916748,0.6509568691253662,0.11930550634860992,-0.6445958614349365,0.6396822929382324,0.11833687871694565,-0.6443864107131958,0.6285719275474548,0.11731024831533432,-0.6451207399368286,0.794883131980896,0.1492280215024948,-0.5877723693847656,0.6578897833824158,0.14237871766090393,-0.21863119304180145,0.684625506401062,0.25052931904792786,-0.6409931778907776,0.6453422904014587,0.24764792621135712,-0.5337827205657959,0.9307514429092407,0.44660136103630066,-0.5214588642120361,0.5796205401420593,0.452602356672287,0.061839353293180466,1.0682200193405151,0.7935710549354553,-0.5965160131454468,0.40074023604393005,0.6706871390342712,-0.3837817311286926,1.113704800605774,1.0881500244140625,-0.7951564192771912,0.2987119257450104,0.44451671838760376,-1.476517915725708,1.1419470310211182,1.19126296043396,-0.8655432462692261,0.2629592716693878,0.3387308418750763,-1.6145225763320923,1.1165112257003784,1.1779979467391968,-0.9064129590988159,0.29234129190444946,0.3075527548789978,-1.6206226348876953,1.0911961793899536,1.1403523683547974,-0.8169757723808289,0.30513399839401245,0.3484472334384918,-1.5093343257904053,0.8389474749565125,1.1519392728805542,-0.22696737945079803,0.5963876843452454,0.9942165613174438,0.22821779549121857,0.7511716485023499,1.7146714925765991,-0.3425388038158417,0.5389841198921204,1.648224949836731,0.6650844216346741,0.7158275842666626,2.2590575218200684,0.04089625924825668,0.4999532103538513,2.177882671356201,1.2643249034881592,0.7403173446655273,2.3480165004730225,0.050334393978118896,0.49828892946243286,2.2501444816589355,1.3131093978881836,0.6249919533729553,2.378772497177124,-0.4608442783355713,0.4724007248878479,2.3281118869781494,0.8598253130912781
274,TEST,MOVING,0.6546615362167358,0.17610478401184082,-0.6405112743377686,0.6938776969909668,0.11983571946620941,-0.6614522337913513,0.7165523767471313,0.12031427025794983,-0.6619554758071899,0.7398444414138794,0.12159992754459381,-0.6625556349754333,0.6504157781600952,0.11764974147081375,-0.5848953127861023,0.6395186185836792,0.11678102612495422,-0.5848819017410278,0.6286719441413879,0.11589643359184265,-0.5856191515922546,0.7949866056442261,0.14917044341564178,-0.5462097525596619,0.6590981483459473,0.14087074995040894,-0.17908552289009094,0.6842286586761475,0.2495259940624237,-0.5881322622299194,0.645246684551239,0.2463054060935974,-0.4833132326602936,0.93104088306427,0.4466996192932129,-0.49929293990135193,0.5800915956497192,0.4526176154613495,0.09517642855644226,1.0678242444992065,0.7952378988265991,-0.5719316005706787,0.400888592004776,0.669928789138794,-0.33403632044792175,1.1131535768508911,1.0752657651901245,-0.791488528251648,0.30072763562202454,0.4439784288406372,-1.4292936325073242,1.1403956413269043,1.1731164455413818,-0.8616561889648438,0.26507776975631714,0.33785849809646606,-1.5712649822235107,1.1158311367034912,1.156516194343567,-0.9079524874687195,0.2953495383262634,0.30691441893577576,-1.5746757984161377,1.091568946838379,1.1208970546722412,-0.8159642219543457,0.3078579902648926,0.34778445959091187,-1.4616706371307373,0.8356372117996216,1.1526049375534058,-0.22603817284107208,0.5946694612503052,0.9928590059280396,0.2273499220609665,0.7290149927139282,1.7128987312316895,-0.3538481593132019,0.5121814012527466,1.6300655603408813,0.6514618992805481,0.6642045974731445,2.2595486640930176,0.015015257522463799,0.4603891968727112,2.1636970043182373,1.0215466022491455,0.6837261319160461,2.3489675521850586,0.023976553231477737,0.458575963973999,2.2361457347869873,1.0529139041900635,0.5676195025444031,2.3753271102905273,-0.47210830450057983,0.4411507248878479,2.3177032470703125,0.5818768739700317
275,TEST,MOVING,0.6548163890838623,0.17436860501766205,-0.6694124937057495,0.6940999031066895,0.11805752664804459,-0.6846145391464233,0.7168626189231873,0.11865612119436264,-0.6851454973220825,0.7402270436286926,0.12001683562994003,-0.6857312321662903,0.6504592895507812,0.11596284061670303,-0.6120795607566833,0.6395206451416016,0.11522391438484192,-0.6120414137840271,0.6286941766738892,0.1144866794347763,-0.6127539873123169,0.7951574325561523,0.14803484082221985,-0.5478289723396301,0.6591517925262451,0.13888145983219147,-0.19613665342330933,0.6844703555107117,0.24810926616191864,-0.6093089580535889,0.6452210545539856,0.2447337657213211,-0.5096805691719055,0.9311177134513855,0.44678130745887756,-0.498479425907135,0.5824742317199707,0.4498625695705414,0.08317472040653229,1.075049638748169,0.7966935634613037,-0.5722547173500061,0.4014798700809479,0.6647002696990967,-0.3548145592212677,1.136364221572876,1.0703864097595215,-0.8093427419662476,0.3034318685531616,0.4250032603740692,-1.4350841045379639,1.1650701761245728,1.164756417274475,-0.8911941647529602,0.2655934691429138,0.3184850811958313,-1.5832583904266357,1.1466542482376099,1.1471294164657593,-0.9449681043624878,0.29801473021507263,0.281955748796463,-1.591282606124878,1.1223864555358887,1.1153525114059448,-0.8397412300109863,0.3105326294898987,0.33445194363594055,-1.470733880996704,0.8357475996017456,1.1531540155410767,-0.231113463640213,0.5948874354362488,0.9890612363815308,0.23271378874778748,0.7289978861808777,1.7157360315322876,-0.40145573019981384,0.5106232166290283,1.6285053491592407,0.5840993523597717,0.6665178537368774,2.271362781524658,-0.03571804240345955,0.45424431562423706,2.171034574508667,0.945883572101593,0.6877328157424927,2.3630611896514893,-0.029097219929099083,0.45289596915245056,2.2452402114868164,0.9758232235908508,0.5671853423118591,2.3829855918884277,-0.5315943360328674,0.4248019754886627,2.3241374492645264,0.5095567107200623
276,TEST,HIGH MOVEMENT,0.6548515558242798,0.17336788773536682,-0.6629920601844788,0.6942984461784363,0.11673121154308319,-0.6756314039230347,0.7170995473861694,0.11730828881263733,-0.6761792898178101,0.7404720783233643,0.11870751529932022,-0.6768932938575745,0.6505041718482971,0.11511953920125961,-0.6046643257141113,0.639518141746521,0.11458460986614227,-0.6045724153518677,0.628729522228241,0.11404155194759369,-0.6053237915039062,0.7953615188598633,0.14727526903152466,-0.5243474841117859,0.6592261791229248,0.13840432465076447,-0.1761975884437561,0.6846585869789124,0.24677853286266327,-0.5986519455909729,0.6451777219772339,0.24362622201442719,-0.4996396005153656,0.9318563342094421,0.44573262333869934,-0.4540161192417145,0.5849857330322266,0.44815054535865784,0.08236856758594513,1.0807015895843506,0.780177891254425,-0.503609836101532,0.4111696183681488,0.6637151837348938,-0.39752450585365295,1.1655337810516357,1.009280800819397,-0.6850993037223816,0.3053789436817169,0.43690165877342224,-1.5832793712615967,1.2012871503829956,1.0900554656982422,-0.7445098161697388,0.26178282499313354,0.3502223789691925,-1.7429739236831665,1.1904575824737549,1.0663275718688965,-0.8023417592048645,0.290598064661026,0.3175865411758423,-1.7574703693389893,1.1608593463897705,1.0448614358901978,-0.7132824063301086,0.3081994652748108,0.36174964904785156,-1.6227130889892578,0.8359503746032715,1.1524661779403687,-0.22930710017681122,0.5945872068405151,0.9875891804695129,0.2308557778596878,0.7302123308181763,1.7140332460403442,-0.4236701428890228,0.5077670812606812,1.6200568675994873,0.604637861251831,0.6732699871063232,2.2612175941467285,-0.1349799782037735,0.4544253945350647,2.1573057174682617,1.0600674152374268,0.6947344541549683,2.35343074798584,-0.13624390959739685,0.4539482593536377,2.229212999343872,1.0916650295257568,0.574844241142273,2.373103141784668,-0.6463177800178528,0.4255804419517517,2.314115285873413,0.5527592301368713
277,TEST,HIGH MOVEMENT,0.6551066637039185,0.17320045828819275,-0.6688082218170166,0.6949535608291626,0.1161627471446991,-0.6779066324234009,0.7180119752883911,0.11658851057291031,-0.678460419178009,0.7416914701461792,0.11793024837970734,-0.679160475730896,0.6505609154701233,0.11506232619285583,-0.6090950965881348,0.6395731568336487,0.11464720219373703,-0.6090206503868103,0.6287656426429749,0.11419229954481125,-0.6098073720932007,0.7962018251419067,0.1467754989862442,-0.5119215846061707,0.6587613821029663,0.13852559030056,-0.1719941347837448,0.6854514479637146,0.24611492455005646,-0.5996842384338379,0.6452875733375549,0.2433181256055832,-0.5028138756752014,0.9319718480110168,0.4441244900226593,-0.42909225821495056,0.5865620374679565,0.44722414016723633,0.08382289856672287,1.1018211841583252,0.7157182097434998,-0.47626933455467224,0.4163840413093567,0.6637457013130188,-0.4163178503513336,1.2059314250946045,0.8597238659858704,-0.6376087665557861,0.30879852175712585,0.4478014409542084,-1.6026697158813477,1.2452472448349,0.915092408657074,-0.6835898160934448,0.2598091959953308,0.3730684816837311,-1.756627082824707,1.2396092414855957,0.891453742980957,-0.7311569452285767,0.28820115327835083,0.3401617109775543,-1.7680660486221313,1.209143042564392,0.8797703981399536,-0.6608618497848511,0.30810898542404175,0.37795278429985046,-1.6403920650482178,0.8367776870727539,1.1527297496795654,-0.22787225246429443,0.5947108864784241,0.9863442182540894,0.22937548160552979,0.7306317090988159,1.7105506658554077,-0.4281527101993561,0.5083333253860474,1.6279665231704712,0.6295311450958252,0.6812337636947632,2.2556021213531494,-0.14439430832862854,0.4668482840061188,2.162062883377075,1.1307241916656494,0.7029641270637512,2.3475568294525146,-0.1447388231754303,0.46780747175216675,2.2317023277282715,1.1685975790023804,0.5933977365493774,2.370344877243042,-0.6478046774864197,0.4442468583583832,2.3239643573760986,0.6887098550796509
278,TEST,HIGH MOVEMENT,0.6551153063774109,0.1715417504310608,-0.6440249085426331,0.6949135065078735,0.11410360783338547,-0.6475663781166077,0.7180872559547424,0.11468256264925003,-0.648147702217102,0.7418522834777832,0.11619256436824799,-0.6487222909927368,0.6499459147453308,0.11369641125202179,-0.583349347114563,0.6384974718093872,0.113618403673172,-0.5834113955497742,0.6270150542259216,0.11348916590213776,-0.5841934084892273,0.7962508797645569,0.14617079496383667,-0.4724501669406891,0.6558495759963989,0.13840146362781525,-0.1573139727115631,0.6855103373527527,0.2450457215309143,-0.5711333751678467,0.6448782682418823,0.2432904988527298,-0.4812704026699066,0.9317950010299683,0.44379767775535583,-0.3992300033569336,0.5867743492126465,0.44822242856025696,0.10722757875919342,1.1133359670639038,0.6810785531997681,-0.4666565954685211,0.4138627052307129,0.6632680892944336,-0.30436065793037415,1.2162539958953857,0.7984479665756226,-0.6536575555801392,0.3045128583908081,0.4485849142074585,-1.3448930978775024,1.2546627521514893,0.8533433675765991,-0.7079415321350098,0.24993658065795898,0.36938175559043884,-1.4911227226257324,1.2464534044265747,0.8240205645561218,-0.7575358152389526,0.2689729332923889,0.3396212160587311,-1.5077546834945679,1.220607042312622,0.8111722469329834,-0.6807477474212646,0.2896539568901062,0.37803998589515686,-1.3840147256851196,0.8345569372177124,1.1528700590133667,-0.23024384677410126,0.5938223600387573,0.9863789081573486,0.2317734658718109,0.7175239324569702,1.709782361984253,-0.41666245460510254,0.46826258301734924,1.6162190437316895,0.39512959122657776,0.650444746017456,2.254335880279541,-0.09288115054368973,0.4279555380344391,2.155776262283325,0.7614539861679077,0.6699782609939575,2.34651517868042,-0.08714383095502853,0.43293794989585876,2.2271888256073,0.7849705219268799,0.5522843599319458,2.363309383392334,-0.5766680836677551,0.3920152187347412,2.320538282394409,0.3432775139808655
279,TEST,MOVING,0.6551393270492554,0.17048189043998718,-0.6414726376533508,0.6948996186256409,0.11282622814178467,-0.6440437436103821,0.7181485891342163,0.11348389089107513,-0.6446292400360107,0.7419703006744385,0.11507637798786163,-0.64518803358078,0.6495575904846191,0.11282719671726227,-0.5809432864189148,0.6378210783004761,0.11295570433139801,-0.5810315012931824,0.6259354948997498,0.11303135007619858,-0.5818135142326355,0.7962806224822998,0.14568595588207245,-0.46678048372268677,0.6540865898132324,0.1383092701435089,-0.15736299753189087,0.6855732798576355,0.24428372085094452,-0.567597508430481,0.644626796245575,0.24325114488601685,-0.4794250428676605,0.9316104054450989,0.443621426820755,-0.39205628633499146,0.586936891078949,0.44887006282806396,0.1078563705086708,1.1172795295715332,0.6738196015357971,-0.46108800172805786,0.41163545846939087,0.662899911403656,-0.3032979965209961,1.2191383838653564,0.7936104536056519,-0.6548892259597778,0.3017289936542511,0.44893768429756165,-1.3453980684280396,1.2571742534637451,0.8497175574302673,-0.7118694186210632,0.24492399394512177,0.36738699674606323,-1.4926519393920898,1.247976541519165,0.8199321627616882,-0.7623298168182373,0.261536180973053,0.33914753794670105,-1.5095455646514893,1.2233991622924805,0.8063302636146545,-0.6836062073707581,0.282186359167099,0.3778286874294281,-1.38457190990448,0.8327925801277161,1.1529667377471924,-0.2309933453798294,0.5931692719459534,0.9864108562469482,0.2325114905834198,0.7111775279045105,1.709142804145813,-0.41060560941696167,0.4548773169517517,1.6098785400390625,0.36930838227272034,0.6397005319595337,2.252382516860962,-0.07276874035596848,0.4124203324317932,2.152754068374634,0.7405021786689758,0.658685028553009,2.345949411392212,-0.06556661427021027,0.41788190603256226,2.2247726917266846,0.7644711136817932,0.5391915440559387,2.3574490547180176,-0.5497997999191284,0.3726995587348938,2.3187265396118164,0.3260723948478699
280,TEST,HIGH MOVEMENT,0.655131459236145,0.17046785354614258,-0.6462269425392151,0.6945042014122009,0.11263667792081833,-0.6524399518966675,0.7177373170852661,0.11314180493354797,-0.6529492139816284,0.7416688203811646,0.11455788463354111,-0.6531335115432739,0.6492539048194885,0.11288327723741531,-0.5917388796806335,0.6375386714935303,0.11305471509695053,-0.5919889807701111,0.6257023811340332,0.11313850432634354,-0.5926471948623657,0.7963188886642456,0.1451570689678192,-0.5094817876815796,0.6538097262382507,0.1383872628211975,-0.21040160953998566,0.6856406927108765,0.24430862069129944,-0.5835126638412476,0.6446315050125122,0.24334591627120972,-0.498755544424057,0.9317175149917603,0.44316932559013367,-0.42169055342674255,0.5879916548728943,0.448898583650589,0.07748164981603622,1.1181267499923706,0.6826726198196411,-0.4912855625152588,0.40958696603775024,0.6525275707244873,-0.2957572937011719,1.2224018573760986,0.8290538787841797,-0.7540837526321411,0.2877748906612396,0.4455868601799011,-1.232903242111206,1.2634031772613525,0.8920062780380249,-0.8282123804092407,0.22922249138355255,0.36603501439094543,-1.36491060256958,1.2521123886108398,0.8650418519973755,-0.8840913772583008,0.2432287633419037,0.33669644594192505,-1.385515570640564,1.2271502017974854,0.8478013873100281,-0.7893937826156616,0.2623429000377655,0.37622106075286865,-1.2718762159347534,0.8253538012504578,1.1530630588531494,-0.2302989959716797,0.5926284193992615,0.9854452013969421,0.2317984402179718,0.6851322650909424,1.6992545127868652,-0.4100746512413025,0.41572847962379456,1.561437964439392,0.24750931560993195,0.590332567691803,2.2299563884735107,-0.004687697160989046,0.3512192964553833,2.1239888668060303,0.6634314060211182,0.6074696779251099,2.3241307735443115,0.011252546682953835,0.35453853011131287,2.199326992034912,0.691074550151825,0.4759511351585388,2.323681116104126,-0.4431189000606537,0.2946750521659851,2.2883284091949463,0.282929003238678
281,TEST,HIGH MOVEMENT,0.6551648378372192,0.17040325701236725,-0.6566667556762695,0.693992018699646,0.11253676563501358,-0.6639798879623413,0.7169318795204163,0.11296740174293518,-0.6644831895828247,0.7407639026641846,0.11433042585849762,-0.6648169755935669,0.6490876078605652,0.11294002830982208,-0.6014678478240967,0.6374180316925049,0.11313949525356293,-0.6016483306884766,0.625634491443634,0.11322425305843353,-0.6023502945899963,0.7962336540222168,0.14493690431118011,-0.5136856436729431,0.6537891030311584,0.13844598829746246,-0.21716752648353577,0.6856657266616821,0.24424484372138977,-0.5921492576599121,0.6447259783744812,0.24342818558216095,-0.5050853490829468,0.9313138723373413,0.44258737564086914,-0.42629900574684143,0.5900309085845947,0.44892412424087524,0.0680212676525116,1.1208555698394775,0.6588701009750366,-0.4955746531486511,0.40898972749710083,0.638243556022644,-0.26582974195480347,1.2267917394638062,0.756577730178833,-0.7649639844894409,0.2856435179710388,0.44336971640586853,-1.1543316841125488,1.2680217027664185,0.799818217754364,-0.8404538035392761,0.2275271862745285,0.3651820123195648,-1.2803101539611816,1.2581725120544434,0.767685055732727,-0.8877373933792114,0.24178996682167053,0.33502963185310364,-1.3019682168960571,1.233703374862671,0.7563320994377136,-0.7978299856185913,0.2603026330471039,0.3752082288265228,-1.1928822994232178,0.8177908062934875,1.153167963027954,-0.23011508584022522,0.5913282632827759,0.9833266139030457,0.231696218252182,0.6742955446243286,1.6827857494354248,-0.40843868255615234,0.4077354371547699,1.5158836841583252,0.21788974106311798,0.5743268728256226,2.2012715339660645,0.0006274523329921067,0.3288304805755615,2.0751492977142334,0.6224443912506104,0.5905407667160034,2.29150128364563,0.016422569751739502,0.3300152122974396,2.151165246963501,0.6495351791381836,0.46166419982910156,2.292388916015625,-0.4322243630886078,0.2681948244571686,2.228621006011963,0.25080499053001404
282,TEST,HIGH MOVEMENT,0.6550008654594421,0.16958369314670563,-0.6249916553497314,0.6930664777755737,0.11187240481376648,-0.6397225856781006,0.7153593301773071,0.1122523695230484,-0.6402308940887451,0.7387436628341675,0.11354470252990723,-0.6408712267875671,0.6488903760910034,0.11236461251974106,-0.5707316398620605,0.6373471617698669,0.11264190077781677,-0.5707634091377258,0.6256522536277771,0.11286462843418121,-0.5716244578361511,0.7958899140357971,0.143280491232872,-0.4999924600124359,0.6544646620750427,0.13780926167964935,-0.16241206228733063,0.6856095194816589,0.24292030930519104,-0.5625251531600952,0.6447390913963318,0.24236933887004852,-0.46579402685165405,0.9320109486579895,0.44036734104156494,-0.42140817642211914,0.5903550982475281,0.4488629996776581,0.10789529979228973,1.1311581134796143,0.6370713710784912,-0.5011361837387085,0.40948596596717834,0.6499277353286743,-0.24291828274726868,1.250684142112732,0.7028399109840393,-0.7472074627876282,0.2882532775402069,0.45762723684310913,-1.1304761171340942,1.2947304248809814,0.7351605296134949,-0.7989616394042969,0.23329930007457733,0.37148094177246094,-1.246044635772705,1.2896335124969482,0.7099557518959045,-0.8411542177200317,0.2455548495054245,0.3393635153770447,-1.2470524311065674,1.2600165605545044,0.7069957256317139,-0.7730618715286255,0.2625497579574585,0.3797275722026825,-1.1579715013504028,0.8243304491043091,1.1520609855651855,-0.23051130771636963,0.5912299156188965,0.9831430315971375,0.23201794922351837,0.7180708646774292,1.6873621940612793,-0.4093603193759918,0.4874470829963684,1.5836181640625,0.5549982786178589,0.6835201978683472,2.2203636169433594,-0.10156875848770142,0.44841456413269043,2.130946636199951,1.0208019018173218,0.7100014686584473,2.309558391571045,-0.0949464812874794,0.4500241279602051,2.2081539630889893,1.0547150373458862,0.5828930139541626,2.3393235206604004,-0.5629357695579529,0.417041152715683,2.2795205116271973,0.6272531747817993
283,TEST,HIGH MOVEMENT,0.6549509763717651,0.16944406926631927,-0.617926299571991,0.6925682425498962,0.11186715960502625,-0.6340904235839844,0.7141894102096558,0.11222965270280838,-0.6345949769020081,0.7368200421333313,0.11352255195379257,-0.6353408098220825,0.648944616317749,0.11225824058055878,-0.5614065527915955,0.6378170251846313,0.11253838986158371,-0.5614477396011353,0.6270310282707214,0.11278355121612549,-0.5623211860656738,0.7950986623764038,0.14331494271755219,-0.5025095343589783,0.6588152647018433,0.13785772025585175,-0.14761300384998322,0.6853355169296265,0.24283431470394135,-0.5606380105018616,0.64506596326828,0.24224527180194855,-0.4590199887752533,0.9338513612747192,0.44003182649612427,-0.42410945892333984,0.5902771949768066,0.45446068048477173,0.10881245136260986,1.1448956727981567,0.6033468842506409,-0.4771409034729004,0.4093095362186432,0.6539591550827026,-0.2745240330696106,1.2798469066619873,0.6690723299980164,-0.5863777995109558,0.289482980966568,0.45971328020095825,-1.2242714166641235,1.3294508457183838,0.7011963129043579,-0.6265140771865845,0.2422645539045334,0.3695034384727478,-1.3520138263702393,1.3218938112258911,0.6827550530433655,-0.6843056082725525,0.2644612491130829,0.33824560046195984,-1.353393793106079,1.290439248085022,0.6809664964675903,-0.6152874231338501,0.27802470326423645,0.378421425819397,-1.2539284229278564,0.8341372609138489,1.1526968479156494,-0.23306278884410858,0.5932101011276245,0.9830151796340942,0.23444652557373047,0.7300615310668945,1.6938176155090332,-0.4465665817260742,0.5010495781898499,1.6122246980667114,0.5826436281204224,0.6928297281265259,2.2433598041534424,-0.1786307990550995,0.45584216713905334,2.1605255603790283,1.027100920677185,0.7192287445068359,2.336191415786743,-0.1771150827407837,0.45619502663612366,2.23966383934021,1.0583585500717163,0.5882700681686401,2.3615689277648926,-0.6603206396102905,0.4220446050167084,2.305816411972046,0.6203365325927734
284,TEST,MOVING,0.6548314094543457,0.16942033171653748,-0.5829476714134216,0.6921443939208984,0.11189846694469452,-0.6014150381088257,0.7132114171981812,0.1122380867600441,-0.6018877029418945,0.7352911829948425,0.11351793259382248,-0.6026644706726074,0.6489771604537964,0.11225549131631851,-0.5297570824623108,0.6381574869155884,0.11254274845123291,-0.5299137234687805,0.6280337572097778,0.11280249804258347,-0.5308440327644348,0.7943187355995178,0.14333383738994598,-0.48047319054603577,0.6618021726608276,0.13789239525794983,-0.1308014690876007,0.6850649118423462,0.2426605224609375,-0.5276087522506714,0.6452581286430359,0.24207879602909088,-0.42808645963668823,0.9348466992378235,0.4389527440071106,-0.4123214781284332,0.5901932120323181,0.4552552402019501,0.1293921023607254,1.1467325687408447,0.594817578792572,-0.4599800705909729,0.40913885831832886,0.6597195267677307,-0.2424563467502594,1.2772624492645264,0.6644307374954224,-0.578478217124939,0.2912754416465759,0.45992574095726013,-1.1454896926879883,1.323801040649414,0.6991015672683716,-0.6201105713844299,0.2471281737089157,0.36817666888237,-1.267077088356018,1.3170974254608154,0.6772679686546326,-0.6785094141960144,0.2712460160255432,0.3378067910671234,-1.2609193325042725,1.288041591644287,0.6742176413536072,-0.6083345413208008,0.2839776277542114,0.37778764963150024,-1.1709284782409668,0.8341429829597473,1.1522481441497803,-0.23658506572246552,0.5931881666183472,0.9830299615859985,0.23778799176216125,0.7295835018157959,1.6924015283584595,-0.4559374749660492,0.4955756664276123,1.6112568378448486,0.5390587449073792,0.6887067556381226,2.2424275875091553,-0.1962747871875763,0.44023412466049194,2.1601486206054688,0.9894977807998657,0.7150758504867554,2.334991216659546,-0.19352127611637115,0.44008928537368774,2.2340588569641113,1.0242935419082642,0.5852389335632324,2.360471248626709,-0.6650413274765015,0.39852750301361084,2.29018497467041,0.5897585153579712
285,TEST,HIGH MOVEMENT,0.6552597284317017,0.16938814520835876,-0.6010326743125916,0.6921581029891968,0.11185463517904282,-0.6133425831794739,0.7132406830787659,0.11216937005519867,-0.6138876676559448,0.7353711128234863,0.11343098431825638,-0.6146028637886047,0.6490392684936523,0.11227932572364807,-0.5344520211219788,0.6382447481155396,0.11256691068410873,-0.5347017049789429,0.6281344890594482,0.11291655153036118,-0.5354287028312683,0.7941399812698364,0.14321838319301605,-0.478437602519989,0.6615815162658691,0.13839596509933472,-0.13612526655197144,0.6859171986579895,0.2426406741142273,-0.5318597555160522,0.6464441418647766,0.24207660555839539,-0.4537772238254547,0.9348747134208679,0.43900948762893677,-0.3908514976501465,0.5892183780670166,0.4581221342086792,0.07410140335559845,1.1547915935516357,0.5811673998832703,-0.46512001752853394,0.4056459963321686,0.6562421917915344,-0.42434367537498474,1.2896363735198975,0.5996163487434387,-0.6099280714988708,0.28986412286758423,0.4514629542827606,-1.5064160823822021,1.3377392292022705,0.6091739535331726,-0.656459629535675,0.24446837604045868,0.36791470646858215,-1.6474189758300781,1.3277645111083984,0.593695342540741,-0.7132858633995056,0.27189764380455017,0.3249496519565582,-1.6580116748809814,1.2977186441421509,0.5979474782943726,-0.6409260034561157,0.2841278910636902,0.36684566736221313,-1.542225956916809,0.8317766189575195,1.1428295373916626,-0.21777959167957306,0.5937539339065552,0.9810797572135925,0.21878914535045624,0.7253009080886841,1.6870511770248413,-0.4050157070159912,0.4923993945121765,1.6093686819076538,0.4592508375644684,0.6520097851753235,2.21966290473938,-0.10005287826061249,0.43037256598472595,2.136638641357422,0.8644315004348755,0.6675013303756714,2.2961885929107666,-0.09668901562690735,0.4244486689567566,2.2026290893554688,0.8927097320556641,0.5621072053909302,2.34810733795166,-0.5875319242477417,0.39557570219039917,2.281325578689575,0.433818519115448
286,TEST,HIGH MOVEMENT,0.656469464302063,0.16933512687683105,-0.6469955444335938,0.6928918957710266,0.11180498450994492,-0.6427459120750427,0.714248538017273,0.11205442994832993,-0.6431434154510498,0.7365282773971558,0.11321423947811127,-0.6438058614730835,0.6497915983200073,0.11230029165744781,-0.5853642225265503,0.6388083696365356,0.11261376738548279,-0.5856010317802429,0.6284061670303345,0.11304794251918793,-0.5863505601882935,0.7942500710487366,0.14266027510166168,-0.4839573800563812,0.6607866287231445,0.1387496441602707,-0.2042652815580368,0.6869047284126282,0.24256935715675354,-0.5721480846405029,0.6471904516220093,0.24203109741210938,-0.504980742931366,0.9343850016593933,0.4392637014389038,-0.39311936497688293,0.5884682536125183,0.4582137167453766,0.017663609236478806,1.1588900089263916,0.5585300922393799,-0.43160372972488403,0.4053252339363098,0.6542951464653015,-0.5014817714691162,1.3138320446014404,0.5647544860839844,-0.5449622869491577,0.2916097939014435,0.4519348442554474,-1.5984877347946167,1.365315318107605,0.5714493989944458,-0.5896764397621155,0.24568557739257812,0.3732113838195801,-1.7380645275115967,1.3596718311309814,0.5512229204177856,-0.6356820464134216,0.27334123849868774,0.33052361011505127,-1.7530549764633179,1.3291161060333252,0.5560696721076965,-0.5727187395095825,0.2859393060207367,0.37099990248680115,-1.6361167430877686,0.827950119972229,1.1289032697677612,-0.20310023427009583,0.5937267541885376,0.9714033603668213,0.20381605625152588,0.7140288352966309,1.6667263507843018,-0.40047526359558105,0.47845345735549927,1.5489654541015625,0.3667149841785431,0.6182588338851929,2.1807937622070312,-0.09760718792676926,0.3976379632949829,2.0694382190704346,0.7886520624160767,0.6320563554763794,2.2546546459198,-0.09338979423046112,0.3903861939907074,2.138747453689575,0.8175376057624817,0.5207363367080688,2.3053152561187744,-0.5798333883285522,0.3643559515476227,2.213042736053467,0.3856445848941803
287,TEST,HIGH MOVEMENT,0.6571778655052185,0.17377327382564545,-0.6626699566841125,0.6931811571121216,0.11743433028459549,-0.6561862230300903,0.7144374251365662,0.11749963462352753,-0.6565507650375366,0.7366282939910889,0.11809999495744705,-0.6571224927902222,0.6513336896896362,0.11738722026348114,-0.6032887697219849,0.6407754421234131,0.11757289618253708,-0.6036091446876526,0.6308308839797974,0.11801371723413467,-0.6044444441795349,0.7942556142807007,0.1480095088481903,-0.48555999994277954,0.6613930463790894,0.14542821049690247,-0.2239164113998413,0.6875876784324646,0.24617145955562592,-0.5893410444259644,0.6483538150787354,0.24453696608543396,-0.5200086832046509,0.9335668683052063,0.4392683207988739,-0.3948691189289093,0.589673638343811,0.4597441852092743,0.0013737126719206572,1.1749945878982544,0.5277063250541687,-0.5124399065971375,0.40853577852249146,0.6511703133583069,-0.4740205407142639,1.3305931091308594,0.5045948624610901,-0.7010616064071655,0.2919364273548126,0.44112345576286316,-1.50299870967865,1.3825831413269043,0.5031460523605347,-0.773025393486023,0.24739396572113037,0.36672648787498474,-1.6435010433197021,1.3748085498809814,0.4833762049674988,-0.8111509084701538,0.2731945812702179,0.32598719000816345,-1.662571668624878,1.3459599018096924,0.49165740609169006,-0.7329549789428711,0.285965234041214,0.36113831400871277,-1.541955590248108,0.8306403160095215,1.129805326461792,-0.20510098338127136,0.5986945629119873,0.9754378795623779,0.2059246003627777,0.7281660437583923,1.6664626598358154,-0.4006562829017639,0.4811479151248932,1.5306782722473145,0.3083949089050293,0.6439840793609619,2.1826589107513428,-0.08714659512042999,0.40781110525131226,2.064791679382324,0.7229384183883667,0.6645359396934509,2.2609944343566895,-0.07970525324344635,0.40382108092308044,2.137789011001587,0.7511708736419678,0.538428783416748,2.300676107406616,-0.5481958985328674,0.3685457110404968,2.204524517059326,0.3401355743408203
288,TEST,MOVING,0.6582706570625305,0.17283473908901215,-0.674655020236969,0.6954147219657898,0.11619386821985245,-0.6675876975059509,0.7171324491500854,0.11642266809940338,-0.6679924130439758,0.7396791577339172,0.11723335087299347,-0.6684812307357788,0.6529146432876587,0.11600963026285172,-0.6130467057228088,0.6420772671699524,0.11630264669656754,-0.6132526397705078,0.6318939924240112,0.11676611751317978,-0.6140110492706299,0.7949467301368713,0.14792214334011078,-0.4869588315486908,0.6615298986434937,0.1450546234846115,-0.22035665810108185,0.687958300113678,0.24557743966579437,-0.6018639802932739,0.6487594246864319,0.2431858628988266,-0.526457667350769,0.9336349368095398,0.44031476974487305,-0.3967485725879669,0.5892244577407837,0.46075183153152466,0.01522256899625063,1.169999599456787,0.5417609810829163,-0.5013980269432068,0.4107953906059265,0.6568412184715271,-0.44554901123046875,1.317182183265686,0.5317090153694153,-0.6974841356277466,0.29658350348472595,0.44236746430397034,-1.5092194080352783,1.3677575588226318,0.542224645614624,-0.7688843011856079,0.2496524155139923,0.3679499924182892,-1.6564687490463257,1.3589959144592285,0.5225214958190918,-0.8169720768928528,0.27319470047950745,0.32932165265083313,-1.6778497695922852,1.3292373418807983,0.525091826915741,-0.7302213907241821,0.28622186183929443,0.36414840817451477,-1.5503005981445312,0.8326504826545715,1.1282464265823364,-0.20562633872032166,0.5991929769515991,0.9746552109718323,0.20670345425605774,0.7316566705703735,1.6670622825622559,-0.4018425941467285,0.49065548181533813,1.5602396726608276,0.3492376208305359,0.6481872797012329,2.1836953163146973,-0.08678588271141052,0.42705902457237244,2.093644142150879,0.7830077409744263,0.6673368811607361,2.2650060653686523,-0.07953429222106934,0.42458295822143555,2.160980701446533,0.8123000264167786,0.5519440174102783,2.3081676959991455,-0.5519678592681885,0.39507246017456055,2.2498137950897217,0.37972429394721985
289,TEST,HIGH MOVEMENT,0.6583377122879028,0.16896632313728333,-0.6660515666007996,0.6954190731048584,0.11174604296684265,-0.6614612936973572,0.7171401977539062,0.11183512210845947,-0.6619945764541626,0.7397313117980957,0.11246906220912933,-0.6624659895896912,0.652949869632721,0.11300565302371979,-0.6052727699279785,0.6421239972114563,0.11380870640277863,-0.6054852604866028,0.6319262981414795,0.11475348472595215,-0.6063125729560852,0.7953199148178101,0.14294028282165527,-0.4844825863838196,0.661700963973999,0.14203201234340668,-0.2083013504743576,0.6880799531936646,0.24146686494350433,-0.5927757620811462,0.6487677693367004,0.24094158411026,-0.5158993601799011,0.9338717460632324,0.4394304156303406,-0.3988194763660431,0.5914369821548462,0.45714470744132996,0.04065404087305069,1.1283396482467651,0.682555079460144,-0.499610960483551,0.41318684816360474,0.6603319048881531,-0.43295541405677795,1.2310724258422852,0.881446897983551,-0.7475181818008423,0.3022371530532837,0.44460105895996094,-1.5183683633804321,1.269961953163147,0.9582674503326416,-0.8250452280044556,0.25092774629592896,0.36836960911750793,-1.6771399974822998,1.2610468864440918,0.9277841448783875,-0.8898048400878906,0.27593839168548584,0.3338451385498047,-1.7008802890777588,1.2332290410995483,0.9071118831634521,-0.783577561378479,0.2926058769226074,0.369177907705307,-1.560265302658081,0.8333789110183716,1.1285237073898315,-0.20612147450447083,0.5991881489753723,0.979423463344574,0.2071557492017746,0.73127281665802,1.6255143880844116,-0.4114150404930115,0.48603981733322144,1.5392590761184692,0.3965277075767517,0.6711003184318542,2.172869920730591,-0.11122965812683105,0.44433528184890747,2.0899713039398193,0.8568515777587891,0.6987894773483276,2.263740062713623,-0.10775192826986313,0.45238810777664185,2.1592659950256348,0.8887643814086914,0.5701237916946411,2.2866110801696777,-0.566575825214386,0.4054962992668152,2.2499654293060303,0.504528820514679
290,TEST,MOVING,0.6577416658401489,0.16240085661411285,-0.6329510807991028,0.6950027942657471,0.10702428966760635,-0.6348273754119873,0.7166649103164673,0.10767249017953873,-0.6353448629379272,0.7394130825996399,0.10885603725910187,-0.6358081102371216,0.6527912020683289,0.10794790834188461,-0.575910210609436,0.6420415043830872,0.10869273543357849,-0.576149582862854,0.6318827867507935,0.10960579663515091,-0.5770856142044067,0.7953233122825623,0.1391604244709015,-0.47458991408348083,0.6620477437973022,0.1373707503080368,-0.18955716490745544,0.6875623464584351,0.23652733862400055,-0.5653778314590454,0.6484294533729553,0.23402707278728485,-0.48490023612976074,0.932521641254425,0.4388085603713989,-0.3836107552051544,0.5909237265586853,0.45417436957359314,0.06607751548290253,1.1259675025939941,0.6688702702522278,-0.507616400718689,0.4142201542854309,0.6627404093742371,-0.34340694546699524,1.22381591796875,0.8185532093048096,-0.8201103210449219,0.3083231747150421,0.4463033080101013,-1.315062165260315,1.2587450742721558,0.8717249631881714,-0.8879573941230774,0.2522761821746826,0.3702348470687866,-1.4421234130859375,1.251651644706726,0.8568513989448547,-0.9289800524711609,0.27749523520469666,0.33811262249946594,-1.4453108310699463,1.2257024049758911,0.847171425819397,-0.8457340002059937,0.2968250513076782,0.3729589879512787,-1.3435022830963135,0.8278462290763855,1.1252249479293823,-0.20695674419403076,0.5906514525413513,0.9758634567260742,0.2080288827419281,0.7310468554496765,1.6283371448516846,-0.41619715094566345,0.4725419878959656,1.5412335395812988,0.40051546692848206,0.6773318648338318,2.1675479412078857,-0.15111622214317322,0.4521610736846924,2.0861923694610596,0.8614463806152344,0.7033395767211914,2.25740647315979,-0.14734597504138947,0.4630047380924225,2.1535675525665283,0.8954563140869141,0.5835356116294861,2.283579111099243,-0.5989528298377991,0.4244615435600281,2.2479147911071777,0.5166689157485962
291,TEST,HIGH MOVEMENT,0.6554461717605591,0.1619952768087387,-0.6582385301589966,0.692827045917511,0.10654941201210022,-0.6630893349647522,0.7137538194656372,0.10712864249944687,-0.6635481119155884,0.7363349199295044,0.10838810354471207,-0.664044976234436,0.6512005925178528,0.1076919361948967,-0.6026977896690369,0.6405891180038452,0.10849618166685104,-0.6029936671257019,0.63054358959198,0.10947711020708084,-0.6039688587188721,0.7929102182388306,0.13891182839870453,-0.5112518668174744,0.6616454720497131,0.13737232983112335,-0.21852970123291016,0.6851088404655457,0.23601026833057404,-0.5919070839881897,0.6469432711601257,0.23372043669223785,-0.5091184377670288,0.9291316270828247,0.43772098422050476,-0.4122745096683502,0.5894677639007568,0.4533468186855316,0.044994059950113297,1.1277357339859009,0.6327643990516663,-0.5215646624565125,0.4133465886116028,0.6622788906097412,-0.40853801369667053,1.2245516777038574,0.7756378650665283,-0.8051789999008179,0.3086646795272827,0.4463261365890503,-1.4823427200317383,1.2606942653656006,0.8290832042694092,-0.8743283152580261,0.2522065043449402,0.37158408761024475,-1.6302019357681274,1.2536215782165527,0.8039446473121643,-0.9237719774246216,0.2774255871772766,0.3408322334289551,-1.6415624618530273,1.226291537284851,0.7936645746231079,-0.8344526290893555,0.2969151437282562,0.3732299506664276,-1.517505407333374,0.822579562664032,1.1191179752349854,-0.20747724175453186,0.5873973965644836,0.9718303680419922,0.2084779441356659,0.7136183381080627,1.6013908386230469,-0.4291504919528961,0.44570666551589966,1.489288568496704,0.3731813430786133,0.6676023006439209,2.1314635276794434,-0.1563202440738678,0.4323161244392395,2.032940149307251,0.852038562297821,0.695456862449646,2.2197980880737305,-0.15019583702087402,0.4472061097621918,2.1017582416534424,0.8868396878242493,0.5686891674995422,2.246230363845825,-0.5924979448318481,0.39900463819503784,2.1906774044036865,0.5148456692695618
292,TEST,HIGH MOVEMENT,0.6553443074226379,0.15950052440166473,-0.6318185925483704,0.6926523447036743,0.1044720783829689,-0.6285934448242188,0.7135707139968872,0.10509101301431656,-0.6290274858474731,0.736134946346283,0.10650201141834259,-0.6294544339179993,0.6511319279670715,0.10588875412940979,-0.575734555721283,0.6405630111694336,0.10683406889438629,-0.576101541519165,0.6305267810821533,0.10796482861042023,-0.5769585371017456,0.7927283644676208,0.1368969827890396,-0.46215301752090454,0.6616376042366028,0.1358761191368103,-0.209138423204422,0.6848815679550171,0.23294726014137268,-0.561059296131134,0.6468715071678162,0.23118902742862701,-0.48819804191589355,0.9265316128730774,0.43589726090431213,-0.3469429314136505,0.5899900197982788,0.4454929530620575,0.041685547679662704,1.1287734508514404,0.5962619185447693,-0.4986960291862488,0.4113237261772156,0.6557629704475403,-0.3793649673461914,1.2316787242889404,0.6758525371551514,-0.8270173072814941,0.30875298380851746,0.4463486969470978,-1.4037331342697144,1.2704952955245972,0.7104558348655701,-0.9129498600959778,0.2517591714859009,0.37227004766464233,-1.5604891777038574,1.2632923126220703,0.6770909428596497,-0.9645373225212097,0.2774234712123871,0.34231165051460266,-1.5825183391571045,1.2350062131881714,0.6712503433227539,-0.8625739216804504,0.2976488173007965,0.3733411729335785,-1.4418305158615112,0.8077610731124878,1.1197608709335327,-0.20173899829387665,0.5819169282913208,0.968741774559021,0.2026521861553192,0.6723393797874451,1.5301307439804077,-0.4278338849544525,0.3908978998661041,1.370413899421692,0.14018623530864716,0.6159189343452454,2.0626957416534424,-0.14817823469638824,0.3488315939903259,1.9610421657562256,0.5037011504173279,0.6398332715034485,2.152764320373535,-0.14366529881954193,0.36556389927864075,2.0326948165893555,0.5269829034805298,0.5141903758049011,2.1620850563049316,-0.5436696410179138,0.28545135259628296,2.135850429534912,0.18217399716377258
293,TEST,HIGH MOVEMENT,0.6532338857650757,0.15798668563365936,-0.6846458911895752,0.6910125017166138,0.10228214412927628,-0.6933205127716064,0.7116174101829529,0.10281523317098618,-0.6937889456748962,0.7342501282691956,0.10433972626924515,-0.6942414045333862,0.6492033004760742,0.10379781574010849,-0.6301239728927612,0.6383771300315857,0.1047249287366867,-0.6304520964622498,0.6280139684677124,0.10596304386854172,-0.6312690377235413,0.7919389605522156,0.1353849470615387,-0.5549479722976685,0.6615535020828247,0.13355593383312225,-0.25203704833984375,0.683454692363739,0.23184800148010254,-0.6224592924118042,0.645060122013092,0.2306760847568512,-0.5362875461578369,0.927869439125061,0.43619251251220703,-0.4457234740257263,0.5899655818939209,0.44174566864967346,0.0200043935328722,1.1156421899795532,0.6908968091011047,-0.5123964548110962,0.4105251431465149,0.6556435823440552,-0.4196358323097229,1.211954951286316,0.9012017846107483,-0.7988429665565491,0.3090308904647827,0.4458755552768707,-1.4818814992904663,1.2492403984069824,0.9736388325691223,-0.8743494749069214,0.25203314423561096,0.37252214550971985,-1.636741280555725,1.242679476737976,0.9428374767303467,-0.9312418699264526,0.2780803143978119,0.34320515394210815,-1.6526196002960205,1.2152506113052368,0.9221898317337036,-0.8330515623092651,0.29877668619155884,0.3738778233528137,-1.5184075832366943,0.8095118403434753,1.1205331087112427,-0.21111075580120087,0.5813647508621216,0.9686381816864014,0.21205982565879822,0.6754646301269531,1.5389320850372314,-0.4713211953639984,0.3906731605529785,1.369085431098938,0.2563159763813019,0.622792661190033,2.0814270973205566,-0.16872389614582062,0.35063788294792175,1.9529200792312622,0.5594204664230347,0.6413259506225586,2.177384376525879,-0.1624172329902649,0.36423248052597046,2.028477668762207,0.5465660691261292,0.5229520201683044,2.1720895767211914,-0.589982271194458,0.2845391631126404,2.1163086891174316,0.36961808800697327
294,TEST,MOVING,0.651981770992279,0.15761104226112366,-0.7104630470275879,0.6897119283676147,0.10134658217430115,-0.7175164818763733,0.7101704478263855,0.1018231213092804,-0.7179876565933228,0.7329093813896179,0.10338165611028671,-0.718428373336792,0.6481537222862244,0.1028115302324295,-0.6562474966049194,0.6373822689056396,0.10367123037576675,-0.6565518379211426,0.6269936561584473,0.10488823056221008,-0.6573368310928345,0.7913859486579895,0.13469693064689636,-0.5719191431999207,0.6614809632301331,0.1321401447057724,-0.27835237979888916,0.6824733018875122,0.23169037699699402,-0.6446700096130371,0.6441400051116943,0.23056577146053314,-0.5607842206954956,0.9279478192329407,0.4347090423107147,-0.45393553376197815,0.5897701978683472,0.4387221932411194,0.00485310610383749,1.1171175241470337,0.6947554349899292,-0.5138918161392212,0.4041343629360199,0.6551567912101746,-0.437776654958725,1.2176802158355713,0.8918077349662781,-0.8211259841918945,0.30893653631210327,0.445921391248703,-1.5019677877426147,1.2559345960617065,0.9569343328475952,-0.8986207246780396,0.2541654706001282,0.3733779489994049,-1.6526508331298828,1.248534917831421,0.9234440922737122,-0.959496021270752,0.2801990509033203,0.34527310729026794,-1.6603116989135742,1.2214540243148804,0.9057618379592896,-0.8563030362129211,0.3001846671104431,0.37531211972236633,-1.5348106622695923,0.8102666139602661,1.119816541671753,-0.21509131789207458,0.5816773176193237,0.959863543510437,0.2161407470703125,0.6708765625953674,1.5155808925628662,-0.4681052267551422,0.38954871892929077,1.3067082166671753,0.2903154492378235,0.6268385052680969,2.0512185096740723,-0.15661227703094482,0.3574771583080292,1.8886007070541382,0.8040680885314941,0.648810088634491,2.149617910385132,-0.14002810418605804,0.37227532267570496,1.9631716012954712,0.8443633913993835,0.5220560431480408,2.1354434490203857,-0.5441528558731079,0.28714248538017273,2.0503456592559814,0.5781058073043823
295,TEST,HIGH MOVEMENT,0.6506141424179077,0.15709495544433594,-0.709282398223877,0.6877888441085815,0.10072977840900421,-0.7121561765670776,0.7075523138046265,0.10113965719938278,-0.7126852869987488,0.7301858067512512,0.10270245373249054,-0.7133490443229675,0.6471155881881714,0.10205183178186417,-0.6554449796676636,0.6366556286811829,0.1028122827410698,-0.655840277671814,0.6264291405677795,0.10392766445875168,-0.6565278172492981,0.79001784324646,0.13421395421028137,-0.5574146509170532,0.661469578742981,0.13103078305721283,-0.2664828896522522,0.6811653971672058,0.23152992129325867,-0.6379479169845581,0.643325686454773,0.23036149144172668,-0.5590596795082092,0.9277803301811218,0.43471384048461914,-0.4455210268497467,0.5894121527671814,0.43731793761253357,0.010514949448406696,1.1264904737472534,0.6771179437637329,-0.5210006833076477,0.3990068733692169,0.6542790532112122,-0.38267073035240173,1.242030143737793,0.8178720474243164,-0.8792866468429565,0.30613404512405396,0.4445350468158722,-1.3988380432128906,1.2838873863220215,0.8628491163253784,-0.9652074575424194,0.2542251944541931,0.3733418583869934,-1.5471868515014648,1.2792539596557617,0.8193302154541016,-1.0214755535125732,0.28019794821739197,0.3450787663459778,-1.5575188398361206,1.2522175312042236,0.8079094290733337,-0.9169855117797852,0.2999432682991028,0.3751467168331146,-1.4327185153961182,0.8076640367507935,1.1200672388076782,-0.21678698062896729,0.5818671584129333,0.9570353031158447,0.21803994476795197,0.6629006266593933,1.5212253332138062,-0.4719255864620209,0.3745940029621124,1.3341991901397705,0.17481155693531036,0.6064123511314392,2.054276943206787,-0.1497540920972824,0.33803147077560425,1.9228968620300293,0.6173712015151978,0.6293588876724243,2.150465965270996,-0.1365794688463211,0.35350045561790466,1.9960004091262817,0.6482877731323242,0.4991515576839447,2.1384902000427246,-0.5521916151046753,0.26816633343696594,2.089961051940918,0.30659568309783936
296,TEST,HIGH MOVEMENT,0.6497064828872681,0.1568690836429596,-0.7055515050888062,0.6866509318351746,0.10044726729393005,-0.7095990777015686,0.7060438990592957,0.10077343136072159,-0.7100738883018494,0.728563129901886,0.10229385644197464,-0.7105823755264282,0.6464422345161438,0.10170762985944748,-0.6493765115737915,0.636195719242096,0.10244359076023102,-0.6497308015823364,0.6260756254196167,0.1035231351852417,-0.6504480242729187,0.7888246774673462,0.1337866336107254,-0.5658295750617981,0.6614585518836975,0.1305391490459442,-0.2677361071109772,0.6803115606307983,0.23145970702171326,-0.6393419504165649,0.6428003311157227,0.23034487664699554,-0.5557040572166443,0.9280990362167358,0.43500009179115295,-0.4408167004585266,0.5890092253684998,0.4372738301753998,-0.004549844190478325,1.1487189531326294,0.6391143202781677,-0.5197857618331909,0.39768287539482117,0.6540508270263672,-0.3840441405773163,1.2832605838775635,0.7306440472602844,-0.8507066965103149,0.30612123012542725,0.4442584812641144,-1.4016401767730713,1.3293421268463135,0.7577742338180542,-0.929993748664856,0.25648629665374756,0.3734300434589386,-1.5484042167663574,1.3240293264389038,0.7209154963493347,-0.9818806648254395,0.2829388380050659,0.3453417122364044,-1.5561726093292236,1.2963602542877197,0.7172728776931763,-0.8832641839981079,0.30121827125549316,0.3751429319381714,-1.4346225261688232,0.8080846667289734,1.120074987411499,-0.21729758381843567,0.5828406810760498,0.9547459483146667,0.21858695149421692,0.6526027917861938,1.4734865427017212,-0.4690186083316803,0.3721671998500824,1.2715332508087158,0.19978468120098114,0.5927538871765137,1.9902052879333496,-0.10840991884469986,0.3224320113658905,1.8618639707565308,0.6859182715415955,0.614284098148346,2.085179090499878,-0.0896156057715416,0.3393794894218445,1.935683012008667,0.7202417850494385,0.48618659377098083,2.0655972957611084,-0.47840696573257446,0.23716655373573303,2.028292417526245,0.3619745373725891
297,TEST,HIGH MOVEMENT,0.6494550704956055,0.1571168154478073,-0.7054235935211182,0.6861368417739868,0.10114728659391403,-0.7102041244506836,0.7055747509002686,0.10150067508220673,-0.7106747627258301,0.7281516790390015,0.10291063040494919,-0.7111625671386719,0.6462239027023315,0.10200604796409607,-0.6520871520042419,0.6360864639282227,0.10274243354797363,-0.6524045467376709,0.6260269284248352,0.10379209369421005,-0.6531139016151428,0.7884000539779663,0.13395243883132935,-0.5638874769210815,0.6613823771476746,0.13096508383750916,-0.28084927797317505,0.6800562739372253,0.2320248782634735,-0.6390665173530579,0.6427266597747803,0.2308628112077713,-0.5581837892532349,0.9289120435714722,0.43589404225349426,-0.43994417786598206,0.5872784852981567,0.4374016225337982,-0.012312786653637886,1.146161437034607,0.6648467779159546,-0.4634177088737488,0.3941107988357544,0.6535037755966187,-0.41793936491012573,1.2812052965164185,0.8225042223930359,-0.7267035841941833,0.3059304356575012,0.44298967719078064,-1.444810152053833,1.3242865800857544,0.8710686564445496,-0.7919890880584717,0.25840121507644653,0.37338775396347046,-1.5884120464324951,1.3178706169128418,0.84077388048172,-0.8537510633468628,0.28446751832962036,0.3452325761318207,-1.5985130071640015,1.2911463975906372,0.8291527032852173,-0.7626476883888245,0.30187180638313293,0.37498608231544495,-1.477622151374817,0.8086313009262085,1.1202855110168457,-0.20925144851207733,0.583040714263916,0.9552909135818481,0.21044385433197021,0.6551184058189392,1.4817067384719849,-0.39100486040115356,0.3820412755012512,1.3004337549209595,0.22594738006591797,0.5726509690284729,1.998184084892273,-0.0023510379251092672,0.24939298629760742,1.8483811616897583,0.7068837881088257,0.5908483862876892,2.09063982963562,0.015049317851662636,0.24461360275745392,1.927733302116394,0.738796591758728,0.45714274048805237,2.075424909591675,-0.376005619764328,0.15681372582912445,1.978352427482605,0.38749584555625916
298,TEST,MOVING,0.6493434309959412,0.15737749636173248,-0.7059029936790466,0.6858770251274109,0.10189475864171982,-0.7121031284332275,0.7053979635238647,0.10231850296258926,-0.7125711441040039,0.7280174493789673,0.10366857051849365,-0.7130561470985413,0.6461254358291626,0.10234276950359344,-0.6543453931808472,0.6360586881637573,0.10307710617780685,-0.6546437740325928,0.6260271668434143,0.10409574210643768,-0.655340313911438,0.7882234454154968,0.1343430131673813,-0.5677593946456909,0.6613708734512329,0.13152086734771729,-0.28689008951187134,0.6799832582473755,0.23260745406150818,-0.6402815580368042,0.6427232027053833,0.2313585877418518,-0.5597376823425293,0.9295135736465454,0.436586856842041,-0.4374578595161438,0.5862107276916504,0.4381569027900696,-0.015137570910155773,1.143339991569519,0.6731617450714111,-0.4509659707546234,0.3920770585536957,0.6524101495742798,-0.429451048374176,1.2781312465667725,0.8452253937721252,-0.6960582733154297,0.305868923664093,0.44141465425491333,-1.4557006359100342,1.3240368366241455,0.897453248500824,-0.7588990926742554,0.26005998253822327,0.3732079267501831,-1.59688138961792,1.3161728382110596,0.8690747618675232,-0.8193046450614929,0.28551045060157776,0.34518182277679443,-1.6077699661254883,1.2907965183258057,0.8561886548995972,-0.730955958366394,0.3023379147052765,0.3746645152568817,-1.4884703159332275,0.8089321255683899,1.120444416999817,-0.2051641196012497,0.5831102728843689,0.955374538898468,0.20623962581157684,0.6577857732772827,1.4864306449890137,-0.36785244941711426,0.38714179396629333,1.3050239086151123,0.27815911173820496,0.571630597114563,2.001925468444824,0.03315150737762451,0.2289838343858719,1.828707218170166,0.7277432084083557,0.5887435078620911,2.092481851577759,0.051742274314165115,0.2192026823759079,1.9091371297836304,0.7570896148681641,0.45765799283981323,2.0813071727752686,-0.33723190426826477,0.13604459166526794,1.9430502653121948,0.43830543756484985
299,TEST,MOVING,0.6493179798126221,0.15741866827011108,-0.7027907967567444,0.6858846545219421,0.101966492831707,-0.7088226079940796,0.7054213881492615,0.10248882323503494,-0.7092900276184082,0.7280474305152893,0.10392984002828598,-0.7097716927528381,0.6461266875267029,0.10234857350587845,-0.6504589915275574,0.6360848546028137,0.10306412726640701,-0.6507489085197449,0.6260803937911987,0.10404631495475769,-0.6514586210250854,0.7881996631622314,0.1346329301595688,-0.5655165910720825,0.6613651514053345,0.13154704868793488,-0.2863802909851074,0.6798420548439026,0.2327757626771927,-0.6373109221458435,0.6426897644996643,0.231388658285141,-0.5562357306480408,0.9297134280204773,0.4375719428062439,-0.4299045503139496,0.5854030847549438,0.4383015036582947,-0.012159373611211777,1.1384758949279785,0.6702890992164612,-0.4396090507507324,0.3905188739299774,0.6522002816200256,-0.4347211718559265,1.268794059753418,0.830226480960846,-0.6709315180778503,0.3056294620037079,0.44117608666419983,-1.5026071071624756,1.3118882179260254,0.878915548324585,-0.7316151261329651,0.26035013794898987,0.37315213680267334,-1.649604082107544,1.3078267574310303,0.8500836491584778,-0.7925933599472046,0.2857190668582916,0.34514302015304565,-1.6654484272003174,1.2815324068069458,0.8386027216911316,-0.7049600481987,0.30238568782806396,0.37463995814323425,-1.5383787155151367,0.811397910118103,1.1128556728363037,-0.20441222190856934,0.5833624601364136,0.9544686079025269,0.20549969375133514,0.6692565083503723,1.4979488849639893,-0.3869461119174957,0.40458980202674866,1.3186594247817993,0.32746416330337524,0.5914469957351685,2.0162570476531982,-0.08598773181438446,0.29636961221694946,1.8385770320892334,0.770588755607605,0.6083953380584717,2.1075873374938965,-0.08042080700397491,0.2914775013923645,1.9166603088378906,0.7995515465736389,0.4836171269416809,2.0912106037139893,-0.5093497037887573,0.23840872943401337,1.970394253730774,0.4558488428592682
300,TEST,HIGH MOVEMENT,0.6493456959724426,0.1574493795633316,-0.6627650856971741,0.6858543157577515,0.102186419069767,-0.6683226823806763,0.7054357528686523,0.10278458148241043,-0.6688104271888733,0.7280519008636475,0.10424518585205078,-0.6693648099899292,0.6461284756660461,0.10236427932977676,-0.6089285016059875,0.6361276507377625,0.10308454930782318,-0.6091723442077637,0.6261898279190063,0.10406313836574554,-0.6099683046340942,0.7881778478622437,0.13477444648742676,-0.5219153165817261,0.6615861654281616,0.1315603107213974,-0.23810529708862305,0.6798853278160095,0.23282675445079803,-0.5995483994483948,0.6428989171981812,0.23142758011817932,-0.5177186727523804,0.9297527074813843,0.4378593862056732,-0.3926231861114502,0.5852393507957458,0.4384478032588959,0.02625887468457222,1.120042324066162,0.6954745054244995,-0.4175158143043518,0.3912075161933899,0.6523891091346741,-0.4028671383857727,1.2415626049041748,0.8792895078659058,-0.662891685962677,0.301727831363678,0.4411187767982483,-1.4949053525924683,1.2837958335876465,0.9432644248008728,-0.7302281856536865,0.2595534324645996,0.37335652112960815,-1.6377060413360596,1.2774326801300049,0.9112322926521301,-0.7973979711532593,0.28439897298812866,0.3451511263847351,-1.6495574712753296,1.2491528987884521,0.8938266634941101,-0.6995469331741333,0.3002219498157501,0.37458503246307373,-1.527764081954956,0.8115930557250977,1.1018869876861572,-0.19751496613025665,0.5824815034866333,0.9526589512825012,0.1986268162727356,0.6691610813140869,1.5009572505950928,-0.39175623655319214,0.4051724970340729,1.363540530204773,0.3246300220489502,0.5913946032524109,2.0292999744415283,-0.15246163308620453,0.3262912929058075,1.9009664058685303,0.7275922298431396,0.6095718145370483,2.1234781742095947,-0.1548568159341812,0.32617074251174927,1.9736671447753906,0.7515475749969482,0.48315659165382385,2.1164677143096924,-0.5990639925003052,0.28423061966896057,2.059931755065918,0.38153478503227234
301,TEST,HIGH MOVEMENT,0.6493113040924072,0.15742310881614685,-0.6613105535507202,0.6858707666397095,0.10234301537275314,-0.6678264737129211,0.7055436372756958,0.10305748134851456,-0.6683112382888794,0.7281564474105835,0.10458340495824814,-0.6688723564147949,0.646166980266571,0.10238441079854965,-0.6074048280715942,0.6362549662590027,0.1031031459569931,-0.6076430678367615,0.626461386680603,0.10407709330320358,-0.6084777116775513,0.7881807088851929,0.1354016214609146,-0.521609902381897,0.6620370149612427,0.13175348937511444,-0.23150599002838135,0.6797831654548645,0.2328648865222931,-0.5984054207801819,0.6428855061531067,0.23139923810958862,-0.5150938034057617,0.9297881126403809,0.4378746747970581,-0.3959343731403351,0.5852304100990295,0.44008582830429077,0.03272651135921478,1.1205872297286987,0.6926959156990051,-0.42930132150650024,0.3952641189098358,0.6556863784790039,-0.41030365228652954,1.246572732925415,0.8626707196235657,-0.6829425096511841,0.3013729751110077,0.44194144010543823,-1.5296772718429565,1.290714979171753,0.9182723164558411,-0.7508606314659119,0.25927823781967163,0.37388479709625244,-1.6835663318634033,1.2848219871520996,0.8860042095184326,-0.8133686184883118,0.2835758328437805,0.3451303541660309,-1.7012094259262085,1.2550852298736572,0.8711263537406921,-0.7185704112052917,0.2993517220020294,0.37456005811691284,-1.5674341917037964,0.8120988607406616,1.101128101348877,-0.19799157977104187,0.5825989842414856,0.9554507732391357,0.19912028312683105,0.6696839332580566,1.5249055624008179,-0.39346522092819214,0.40957099199295044,1.4165260791778564,0.3301811218261719,0.5934721231460571,2.066110372543335,-0.16153955459594727,0.35820236802101135,1.9645636081695557,0.7305004596710205,0.610830545425415,2.160372018814087,-0.1627800613641739,0.3628612756729126,2.0365824699401855,0.7545469999313354,0.4857795834541321,2.1680352687835693,-0.6092265844345093,0.3198930621147156,2.128530740737915,0.3748553395271301
302,TEST,HIGH MOVEMENT,0.6509268879890442,0.15750817954540253,-0.6122288703918457,0.6871493458747864,0.10237456858158112,-0.6108249425888062,0.7072159051895142,0.10308889299631119,-0.6112801432609558,0.7295078635215759,0.10462746024131775,-0.6117947101593018,0.6479131579399109,0.10237356275320053,-0.5579150915145874,0.6382638216018677,0.10305896401405334,-0.5582131147384644,0.6288110017776489,0.1039833202958107,-0.5589665770530701,0.7897279858589172,0.1356153041124344,-0.4558928906917572,0.6639647483825684,0.13143569231033325,-0.20239374041557312,0.6812266707420349,0.23294560611248016,-0.5453535318374634,0.643689751625061,0.23145541548728943,-0.4726409912109375,0.9299465417861938,0.43784818053245544,-0.3397509455680847,0.5861098766326904,0.4389673173427582,0.04731633514165878,1.1226413249969482,0.6762353777885437,-0.389296293258667,0.3977731764316559,0.6546699404716492,-0.2777789831161499,1.2368541955947876,0.8075149655342102,-0.6605919599533081,0.3008677363395691,0.4420224726200104,-1.1987435817718506,1.2725393772125244,0.8585883975028992,-0.7298082113265991,0.25515884160995483,0.3739846646785736,-1.3345450162887573,1.266538381576538,0.813983142375946,-0.7868837118148804,0.27799534797668457,0.3449384868144989,-1.3575133085250854,1.242755651473999,0.8015487194061279,-0.6959666013717651,0.29466694593429565,0.37448978424072266,-1.235368013381958,0.8067633509635925,1.1019967794418335,-0.19847889244556427,0.5826920866966248,0.9516509175300598,0.199598029255867,0.6476749181747437,1.495524525642395,-0.3971070647239685,0.38778626918792725,1.3285987377166748,0.08035223186016083,0.5802401304244995,2.0312821865081787,-0.12672030925750732,0.35906633734703064,1.9367188215255737,0.46770963072776794,0.6027084589004517,2.1259005069732666,-0.11717841774225235,0.3740367889404297,2.006117105484009,0.493413507938385,0.471820205450058,2.1235711574554443,-0.5016369223594666,0.3127939701080322,2.1263279914855957,0.1673058569431305
303,TEST,HIGH MOVEMENT,0.651595413684845,0.15457600355148315,-0.6033551096916199,0.6888177990913391,0.09981372207403183,-0.5993990898132324,0.709682047367096,0.10104607790708542,-0.5999186038970947,0.7324526309967041,0.1031760424375534,-0.6003159284591675,0.6488808393478394,0.09924563765525818,-0.5453090071678162,0.6391456723213196,0.09969575703144073,-0.545591413974762,0.6296749711036682,0.10021761059761047,-0.5463756322860718,0.7919455170631409,0.1354394406080246,-0.43683305382728577,0.6643816232681274,0.1293194741010666,-0.17844143509864807,0.6816983222961426,0.23037634789943695,-0.535983145236969,0.6438680291175842,0.22741113603115082,-0.462395042181015,0.9303110241889954,0.437284916639328,-0.33620375394821167,0.5850909948348999,0.43907779455184937,0.06796934455633163,1.1134535074234009,0.7073842883110046,-0.40434378385543823,0.38995736837387085,0.6486139297485352,-0.2784052789211273,1.1999356746673584,0.912731945514679,-0.6858736872673035,0.28790125250816345,0.43122515082359314,-1.238640546798706,1.2337567806243896,0.996050238609314,-0.7674387693405151,0.2339286506175995,0.3440389037132263,-1.3817976713180542,1.218155860900879,0.9618569016456604,-0.827998161315918,0.2539759576320648,0.3269394040107727,-1.4034744501113892,1.1942574977874756,0.9353770613670349,-0.7239500880241394,0.2753258943557739,0.35786134004592896,-1.2758339643478394,0.8064969182014465,1.1014858484268188,-0.19570866227149963,0.5813093781471252,0.9513551592826843,0.19704240560531616,0.6514497399330139,1.5067429542541504,-0.40337562561035156,0.3835441470146179,1.3556021451950073,0.1575857251882553,0.5809299349784851,2.043785572052002,-0.13145950436592102,0.3684792220592499,1.9547183513641357,0.5567736625671387,0.604982852935791,2.141786813735962,-0.12524524331092834,0.3846253752708435,2.021620988845825,0.5819261074066162,0.4801904559135437,2.134227991104126,-0.5461302399635315,0.3268234431743622,2.1447763442993164,0.22206051647663116
304,TEST,MOVING,0.6524953246116638,0.1521763652563095,-0.5877228379249573,0.6906340718269348,0.09770374000072479,-0.582983136177063,0.7118993997573853,0.09938208758831024,-0.5834683775901794,0.7347915172576904,0.1019553691148758,-0.5838147401809692,0.6505125164985657,0.09673799574375153,-0.5292561054229736,0.6407760381698608,0.09713996201753616,-0.5295447111129761,0.6313647031784058,0.09752574563026428,-0.5303142666816711,0.7935813069343567,0.13530239462852478,-0.42438021302223206,0.6654437780380249,0.12788885831832886,-0.16879934072494507,0.6820781826972961,0.22843454778194427,-0.5217128992080688,0.6441754698753357,0.22457614541053772,-0.44903749227523804,0.9305633306503296,0.43716663122177124,-0.3347424864768982,0.5847477912902832,0.4391082525253296,0.07934831082820892,1.108389139175415,0.7208443880081177,-0.411162793636322,0.38433369994163513,0.6428797841072083,-0.25568702816963196,1.1876627206802368,0.9480305910110474,-0.7017248868942261,0.27801400423049927,0.42313188314437866,-1.174828052520752,1.2215280532836914,1.0344527959823608,-0.7830933332443237,0.22253639996051788,0.33084461092948914,-1.3100430965423584,1.2041099071502686,1.0024124383926392,-0.8428509831428528,0.24437370896339417,0.31682291626930237,-1.3306348323822021,1.17977774143219,0.975187361240387,-0.7391308546066284,0.2667016386985779,0.34826475381851196,-1.21059250831604,0.8045954704284668,1.1018317937850952,-0.19587185978889465,0.5796382427215576,0.9515718221664429,0.1971871554851532,0.6454058885574341,1.5039981603622437,-0.40521201491355896,0.3761027455329895,1.3320609331130981,0.11844788491725922,0.5808181166648865,2.0320069789886475,-0.09000124037265778,0.3660450875759125,1.93464195728302,0.534927487373352,0.6051110625267029,2.1260862350463867,-0.07950689643621445,0.38066360354423523,2.001389265060425,0.5618793368339539,0.4782848358154297,2.1245758533477783,-0.4898044466972351,0.32053548097610474,2.1410818099975586,0.22422584891319275
305,TEST,MOVING,0.6532875299453735,0.15013839304447174,-0.5916134715080261,0.6919986009597778,0.09616191685199738,-0.5867928266525269,0.71342933177948,0.09820573031902313,-0.5873014330863953,0.7362912893295288,0.10112206637859344,-0.587673544883728,0.6519374251365662,0.09495773911476135,-0.5332280397415161,0.6422532796859741,0.09538344293832779,-0.5335260629653931,0.6329324245452881,0.09574735164642334,-0.5343058705329895,0.7945536375045776,0.13525928556919098,-0.4275014400482178,0.6663860082626343,0.1269960105419159,-0.1718636006116867,0.6823291182518005,0.22670835256576538,-0.5257556438446045,0.6444311738014221,0.22226615250110626,-0.45291751623153687,0.9307583570480347,0.4369759261608124,-0.33608514070510864,0.5844384431838989,0.4391726851463318,0.07981455326080322,1.1092458963394165,0.7179375290870667,-0.40935343503952026,0.3820224404335022,0.6391146183013916,-0.26479193568229675,1.193346381187439,0.9348136782646179,-0.7035011053085327,0.27424687147140503,0.42022645473480225,-1.2059661149978638,1.2285308837890625,1.0173019170761108,-0.7832717299461365,0.21903589367866516,0.3272188901901245,-1.343017816543579,1.2128486633300781,0.9844518303871155,-0.8429743051528931,0.24118506908416748,0.31269893050193787,-1.3657407760620117,1.1880457401275635,0.9592933058738708,-0.740585446357727,0.2635832726955414,0.34400033950805664,-1.2424123287200928,0.804108738899231,1.1020426750183105,-0.1960897296667099,0.579367995262146,0.9539241790771484,0.19737909734249115,0.6457146406173706,1.505199909210205,-0.406731516122818,0.3775710463523865,1.335974931716919,0.15518012642860413,0.5823447108268738,2.0325398445129395,-0.08884849399328232,0.3652401566505432,1.9322987794876099,0.5810711979866028,0.606286883354187,2.126389265060425,-0.07908531278371811,0.380204439163208,1.9996521472930908,0.6088656187057495,0.479239284992218,2.124408721923828,-0.4928800165653229,0.31625914573669434,2.138603687286377,0.26655641198158264
306,TEST,HIGH MOVEMENT,0.6533593535423279,0.14979957044124603,-0.5988951325416565,0.691960334777832,0.09593772888183594,-0.5960306525230408,0.7130158543586731,0.09799853712320328,-0.5965234637260437,0.7354093194007874,0.10100464522838593,-0.5969030857086182,0.6521674394607544,0.09475990384817123,-0.5413078665733337,0.6426736116409302,0.09518635272979736,-0.541608452796936,0.6335382461547852,0.09554971754550934,-0.5424098968505859,0.7942270040512085,0.13558346033096313,-0.4393235146999359,0.667129635810852,0.12692296504974365,-0.1777203530073166,0.681800127029419,0.22654423117637634,-0.5329371690750122,0.6443907618522644,0.2221520096063614,-0.4583532214164734,0.9306448101997375,0.4365204870700836,-0.33096712827682495,0.5847636461257935,0.4397294819355011,0.0742526724934578,1.1207911968231201,0.6980285048484802,-0.39920419454574585,0.3822493255138397,0.6425766348838806,-0.2818540036678314,1.2302019596099854,0.8592662811279297,-0.696577787399292,0.2789592146873474,0.4298727810382843,-1.246946096420288,1.2710996866226196,0.9229780435562134,-0.7711164355278015,0.22388923168182373,0.33050090074539185,-1.3850291967391968,1.2621568441390991,0.8856981992721558,-0.8303096890449524,0.25154098868370056,0.3142191469669342,-1.4044902324676514,1.2368829250335693,0.8688879013061523,-0.7334744930267334,0.2724337577819824,0.3464898467063904,-1.2829251289367676,0.8052171468734741,1.1023365259170532,-0.1963016837835312,0.579400360584259,0.9599515795707703,0.19758158922195435,0.6528761982917786,1.5071219205856323,-0.4074765741825104,0.38056012988090515,1.3401697874069214,0.1631336659193039,0.5929124355316162,2.027916431427002,-0.09175305813550949,0.3868418037891388,1.9293767213821411,0.5941333174705505,0.6134394407272339,2.1180198192596436,-0.08421570062637329,0.40450772643089294,1.9949023723602295,0.6223395466804504,0.5021243691444397,2.1188242435455322,-0.5041013360023499,0.33990055322647095,2.135371446609497,0.28332024812698364
307,TEST,MOVING,0.6533862352371216,0.14966557919979095,-0.6044443249702454,0.6918359994888306,0.0958675891160965,-0.6027751564979553,0.7124727964401245,0.09790971130132675,-0.6032650470733643,0.734496533870697,0.10094860196113586,-0.603659451007843,0.6522542238235474,0.09474018961191177,-0.5473570823669434,0.6428899765014648,0.09518048912286758,-0.5476526618003845,0.6338870525360107,0.09556011855602264,-0.5484570860862732,0.7938928604125977,0.13590167462825775,-0.4470476508140564,0.667615532875061,0.12693461775779724,-0.18192164599895477,0.6814393997192383,0.2264542281627655,-0.5385897159576416,0.6443713307380676,0.22216860949993134,-0.4629644453525543,0.9306032061576843,0.4361075162887573,-0.33632752299308777,0.5850193500518799,0.44021520018577576,0.07103507220745087,1.125345230102539,0.6872013807296753,-0.3995910882949829,0.3823382258415222,0.6440324783325195,-0.2939511239528656,1.2415703535079956,0.8381842374801636,-0.6859817504882812,0.2827128469944,0.43449753522872925,-1.2710270881652832,1.2834980487823486,0.898725688457489,-0.7565697431564331,0.22773103415966034,0.33272823691368103,-1.411333441734314,1.2763584852218628,0.862224817276001,-0.8153778910636902,0.2578679919242859,0.3153080344200134,-1.4303158521652222,1.2507293224334717,0.8469516038894653,-0.7219668030738831,0.2779812812805176,0.3476944863796234,-1.3070956468582153,0.8075655102729797,1.1017627716064453,-0.19643650949001312,0.579763650894165,0.9649035930633545,0.19771143794059753,0.6647864580154419,1.511014699935913,-0.40815550088882446,0.3930286467075348,1.347518801689148,0.175069659948349,0.6068918704986572,2.030195951461792,-0.09761916846036911,0.39995917677879333,1.9308407306671143,0.6016839146614075,0.6256454586982727,2.1197972297668457,-0.09235274791717529,0.41657233238220215,1.995248556137085,0.629989504814148,0.5204132795333862,2.1215806007385254,-0.5195740461349487,0.3550102412700653,2.1313464641571045,0.2901495397090912
308,TEST,MOVING,0.6533997654914856,0.14952699840068817,-0.6085842847824097,0.6916806101799011,0.09576301276683807,-0.6096004843711853,0.7119526863098145,0.09777446836233139,-0.6101048588752747,0.733716607093811,0.10083871334791183,-0.610464870929718,0.652295708656311,0.09471195191144943,-0.5525757074356079,0.6430265307426453,0.09517071396112442,-0.5528799295425415,0.6341314315795898,0.09557054936885834,-0.5537170171737671,0.7935983538627625,0.13607077300548553,-0.4608641564846039,0.6680729985237122,0.12694524228572845,-0.18803216516971588,0.6812499761581421,0.226335346698761,-0.5442913770675659,0.6443712115287781,0.22219045460224152,-0.4667530953884125,0.9306362271308899,0.43596023321151733,-0.3447436988353729,0.5852478742599487,0.44070127606391907,0.07068309187889099,1.1277034282684326,0.6850512623786926,-0.3999924659729004,0.38251617550849915,0.644392728805542,-0.300163209438324,1.2470014095306396,0.8374553918838501,-0.6858235597610474,0.2855321764945984,0.4373003840446472,-1.2951009273529053,1.2892036437988281,0.8985192775726318,-0.7542948126792908,0.23060306906700134,0.33411741256713867,-1.432169795036316,1.2826883792877197,0.8626917004585266,-0.8136032819747925,0.262126624584198,0.3160778880119324,-1.4498276710510254,1.256900429725647,0.8471719026565552,-0.7212632298469543,0.28174665570259094,0.34908968210220337,-1.3312222957611084,0.8104839324951172,1.1018452644348145,-0.1972196102142334,0.5804871320724487,0.9668668508529663,0.19849486649036407,0.6750200390815735,1.5118321180343628,-0.40861111879348755,0.408663272857666,1.3517539501190186,0.20859754085540771,0.6183241009712219,2.030928611755371,-0.09785119444131851,0.408780574798584,1.9310259819030762,0.652265191078186,0.6371068358421326,2.1193785667419434,-0.09246717393398285,0.42419829964637756,1.9961087703704834,0.6820820569992065,0.5307285785675049,2.1234145164489746,-0.519329845905304,0.36233848333358765,2.1308557987213135,0.3534291386604309
309,TEST,MOVING,0.6534899473190308,0.14921508729457855,-0.622930645942688,0.6917308568954468,0.09537014365196228,-0.6220310926437378,0.7120033502578735,0.09742800146341324,-0.6226009130477905,0.7338308095932007,0.10055946558713913,-0.6229997873306274,0.6525082588195801,0.09428329020738602,-0.5650740265846252,0.6432749629020691,0.09473376721143723,-0.5653590559959412,0.6343820095062256,0.09514007717370987,-0.5661447048187256,0.7938147783279419,0.13608530163764954,-0.4660782217979431,0.6689957976341248,0.1268153041601181,-0.1929565966129303,0.6812442541122437,0.22633865475654602,-0.5564535856246948,0.6443742513656616,0.2222028523683548,-0.47875481843948364,0.930652916431427,0.43599578738212585,-0.3531973659992218,0.5865863561630249,0.44216522574424744,0.06870759278535843,1.1287766695022583,0.6928184628486633,-0.40385857224464417,0.3849361836910248,0.6460951566696167,-0.3026910126209259,1.2518019676208496,0.8730388879776001,-0.6640473008155823,0.289258748292923,0.4443857967853546,-1.2992463111877441,1.2950981855392456,0.9394005537033081,-0.72730553150177,0.23718520998954773,0.335428386926651,-1.4364713430404663,1.2893407344818115,0.9085736870765686,-0.7892462611198425,0.26980385184288025,0.316186785697937,-1.453799843788147,1.261812448501587,0.8924658298492432,-0.6988459229469299,0.2892836928367615,0.3550648093223572,-1.335168480873108,0.8110694885253906,1.1051433086395264,-0.2004924714565277,0.5851748585700989,0.970577597618103,0.20163480937480927,0.6721435785293579,1.510683298110962,-0.4096072316169739,0.4100324511528015,1.3530279397964478,0.2709598243236542,0.6145982146263123,2.031904458999634,-0.09647636115550995,0.40272217988967896,1.9324675798416138,0.7466827630996704,0.634412407875061,2.1206347942352295,-0.09045056998729706,0.4173068106174469,1.998521327972412,0.7806134223937988,0.5218623876571655,2.1244819164276123,-0.5119339227676392,0.35743090510368347,2.128159761428833,0.4464927315711975
310,TEST,HIGH MOVEMENT,0.6532185077667236,0.14813604950904846,-0.6126874685287476,0.6913813948631287,0.09467147290706635,-0.6118640899658203,0.7114372253417969,0.09671971946954727,-0.6123684644699097,0.7331419587135315,0.09978234022855759,-0.6127764582633972,0.6525040864944458,0.09338132292032242,-0.5589110851287842,0.6433061361312866,0.09374594688415527,-0.559203565120697,0.6345624327659607,0.09407691657543182,-0.5600124597549438,0.7936362624168396,0.13558994233608246,-0.45863062143325806,0.671660840511322,0.1260828971862793,-0.19481933116912842,0.6808929443359375,0.22401322424411774,-0.5465349555015564,0.6443813443183899,0.22018852829933167,-0.47357064485549927,0.9292726516723633,0.43519532680511475,-0.3331819176673889,0.586580753326416,0.44231393933296204,0.052554238587617874,1.1314491033554077,0.6448183655738831,-0.37628552317619324,0.38526687026023865,0.6442946195602417,-0.30051058530807495,1.2506922483444214,0.74956876039505,-0.6561135053634644,0.29979583621025085,0.44359228014945984,-1.245147466659546,1.2933000326156616,0.7969488501548767,-0.7245548963546753,0.24580034613609314,0.3350037634372711,-1.3747869729995728,1.2868582010269165,0.7580610513687134,-0.7785095572471619,0.276363730430603,0.3159208297729492,-1.3925856351852417,1.2598251104354858,0.7474607825279236,-0.6898924112319946,0.2967819571495056,0.3550766706466675,-1.2784688472747803,0.7774096727371216,1.0667136907577515,-0.19334876537322998,0.5853897333145142,0.9697007536888123,0.19451968371868134,0.6474930047988892,1.485979676246643,-0.39254671335220337,0.3951680362224579,1.3027260303497314,0.1941709667444229,0.5460257530212402,1.9687033891677856,-0.06709117442369461,0.3312940001487732,1.8535243272781372,0.6854853630065918,0.5575812458992004,2.045469284057617,-0.06029049679636955,0.3371763825416565,1.9167412519454956,0.7227095365524292,0.4516839385032654,2.0537924766540527,-0.46490564942359924,0.2720426917076111,2.0231103897094727,0.44151681661605835
311,TEST,MOVING,0.6531082391738892,0.14760106801986694,-0.6136710047721863,0.6911804676055908,0.09432929009199142,-0.6132505536079407,0.7110772132873535,0.09639415889978409,-0.6137527227401733,0.7326740622520447,0.09948228299617767,-0.6141636371612549,0.6525107026100159,0.09283772110939026,-0.5597377419471741,0.6433843374252319,0.09312113374471664,-0.5600283741950989,0.6348168253898621,0.09336991608142853,-0.5608319044113159,0.7935758829116821,0.1354939490556717,-0.45982638001441956,0.6736644506454468,0.1255650371313095,-0.19973087310791016,0.68071448802948,0.2230370044708252,-0.547639787197113,0.6444173455238342,0.21928603947162628,-0.47423267364501953,0.9288562536239624,0.43471759557724,-0.3344050645828247,0.5865510702133179,0.4427556097507477,0.044144950807094574,1.1368591785430908,0.6306241750717163,-0.3795517086982727,0.38550636172294617,0.6426229476928711,-0.3035646378993988,1.2504127025604248,0.724017322063446,-0.6546856164932251,0.30387401580810547,0.44164249300956726,-1.2616333961486816,1.2920053005218506,0.7696699500083923,-0.7233444452285767,0.24834859371185303,0.3328033685684204,-1.394546627998352,1.2852156162261963,0.7318884134292603,-0.7732645273208618,0.2784704566001892,0.3143160939216614,-1.4116805791854858,1.2585945129394531,0.7218711972236633,-0.6869553327560425,0.2994382679462433,0.3540192246437073,-1.2954033613204956,0.7678640484809875,1.056220293045044,-0.18852351605892181,0.585506021976471,0.9696040749549866,0.18969662487506866,0.6465377807617188,1.495144248008728,-0.3673524260520935,0.3892677426338196,1.3093647956848145,0.19588728249073029,0.5519848465919495,1.9825390577316284,-0.0381154790520668,0.3359910249710083,1.8676221370697021,0.6781933903694153,0.5651170611381531,2.0648839473724365,-0.031773604452610016,0.34412312507629395,1.9358494281768799,0.7149878740310669,0.45876240730285645,2.068110942840576,-0.44728884100914,0.28201842308044434,2.0311691761016846,0.40720146894454956
312,TEST,MOVING,0.6530839204788208,0.14644354581832886,-0.6113110780715942,0.691106915473938,0.09359470754861832,-0.6087429523468018,0.71094810962677,0.09569288045167923,-0.6091946959495544,0.7325063943862915,0.09880038350820541,-0.6095960736274719,0.6525129079818726,0.09187637269496918,-0.5569254755973816,0.6434081196784973,0.09205023944377899,-0.5572165846824646,0.6348934769630432,0.09219466894865036,-0.5580386519432068,0.793533980846405,0.1349680870771408,-0.44756612181663513,0.6742837429046631,0.12460432201623917,-0.19858334958553314,0.6806322932243347,0.2216545045375824,-0.5430403351783752,0.6444286704063416,0.217998668551445,-0.47197088599205017,0.9284752011299133,0.4341399371623993,-0.3193300664424896,0.5862902402877808,0.44345995783805847,0.03926532343029976,1.1396491527557373,0.633827269077301,-0.38424423336982727,0.3848741948604584,0.6425188183784485,-0.2974367141723633,1.2498492002487183,0.7353730797767639,-0.7237258553504944,0.3045189678668976,0.4393075406551361,-1.2360141277313232,1.291096568107605,0.7854138612747192,-0.8070436716079712,0.24952661991119385,0.33074134588241577,-1.3801987171173096,1.2845414876937866,0.7456873059272766,-0.860378623008728,0.2797357439994812,0.31287819147109985,-1.3956005573272705,1.2576475143432617,0.7339927554130554,-0.7620353698730469,0.30104392766952515,0.3529345393180847,-1.2698791027069092,0.7747254967689514,1.08113694190979,-0.1857231706380844,0.5843032598495483,0.9717096090316772,0.18714389204978943,0.6391187906265259,1.5339492559432983,-0.36214393377304077,0.3500646948814392,1.3343695402145386,-0.0394926443696022,0.5562720894813538,2.0146450996398926,-0.02257954142987728,0.3407779037952423,1.9154624938964844,0.3340746760368347,0.5724656581878662,2.0934834480285645,-0.015340442769229412,0.3478624224662781,1.9732223749160767,0.35559096932411194,0.46319589018821716,2.1000959873199463,-0.44201532006263733,0.2832666039466858,2.1117002964019775,-0.0012013042578473687
313,TEST,HIGH MOVEMENT,0.6530738472938538,0.14496634900569916,-0.6002408266067505,0.6910901069641113,0.09265356510877609,-0.5962885618209839,0.7109173536300659,0.09489256888628006,-0.5967887043952942,0.7324497103691101,0.09808804094791412,-0.597229540348053,0.652619481086731,0.09062155336141586,-0.5454398393630981,0.6435944437980652,0.09076743572950363,-0.5457677245140076,0.6352323293685913,0.09093260765075684,-0.546600341796875,0.7935071587562561,0.13478006422519684,-0.4357520043849945,0.6753889918327332,0.12407305091619492,-0.19205857813358307,0.6804988384246826,0.22016017138957977,-0.5326341390609741,0.644436240196228,0.2165101021528244,-0.4629755914211273,0.9279274940490723,0.43406662344932556,-0.3172324597835541,0.5862820744514465,0.44358089566230774,0.047631822526454926,1.1272903680801392,0.6661424040794373,-0.3740190863609314,0.3849225342273712,0.6425765156745911,-0.2797185778617859,1.225706696510315,0.8432558178901672,-0.6852377653121948,0.30430617928504944,0.43877077102661133,-1.204063892364502,1.2624539136886597,0.9157365560531616,-0.758177638053894,0.24969729781150818,0.33089330792427063,-1.3365075588226318,1.253983736038208,0.8777616024017334,-0.8143620491027832,0.27961471676826477,0.31298068165779114,-1.3559342622756958,1.229273796081543,0.8576143980026245,-0.7206441164016724,0.3007345497608185,0.3530232012271881,-1.2371872663497925,0.7770751118659973,1.0867626667022705,-0.18623819947242737,0.5820623636245728,0.9671066999435425,0.18767692148685455,0.6290989518165588,1.5060560703277588,-0.36557304859161377,0.3434543311595917,1.3140723705291748,0.06265310943126678,0.5432597398757935,1.997243881225586,-0.026241030544042587,0.3324428200721741,1.8935378789901733,0.4601268768310547,0.5584430694580078,2.079195499420166,-0.01951092667877674,0.34599778056144714,1.9503037929534912,0.476990282535553,0.4499935507774353,2.0807197093963623,-0.44042879343032837,0.2792438864707947,2.094531536102295,0.07217185199260712
314,TEST,HIGH MOVEMENT,0.6533886194229126,0.14487603306770325,-0.608987033367157,0.6911717653274536,0.0925208032131195,-0.6063719987869263,0.7109838724136353,0.09472046792507172,-0.6069530248641968,0.7325222492218018,0.09788128733634949,-0.6073681116104126,0.653231143951416,0.09054969996213913,-0.5545387864112854,0.6443730592727661,0.09071295708417892,-0.5548332333564758,0.6362168192863464,0.09089259058237076,-0.5556932687759399,0.7936954498291016,0.13473448157310486,-0.45229849219322205,0.6762139797210693,0.12384014576673508,-0.20391611754894257,0.6805647015571594,0.22006838023662567,-0.5440970063209534,0.6447427272796631,0.21653424203395844,-0.47358137369155884,0.9279329180717468,0.43463200330734253,-0.34537988901138306,0.5870014429092407,0.44279855489730835,0.041120387613773346,1.0971810817718506,0.7201775908470154,-0.39372342824935913,0.3855762183666229,0.6423817873001099,-0.28355827927589417,1.166900873184204,0.9660739302635193,-0.6815614104270935,0.3059643805027008,0.43879541754722595,-1.2059248685836792,1.1960200071334839,1.058799386024475,-0.7513300180435181,0.2529420554637909,0.33166977763175964,-1.3349181413650513,1.1814558506011963,1.0261558294296265,-0.8086325526237488,0.2822214663028717,0.3133673071861267,-1.3576409816741943,1.158610224723816,0.9970266222953796,-0.7152398824691772,0.3029739260673523,0.3551969826221466,-1.2399762868881226,0.7802229523658752,1.0874354839324951,-0.18616269528865814,0.5824068784713745,0.9662388563156128,0.18747268617153168,0.6320597529411316,1.4974147081375122,-0.3525262475013733,0.34741345047950745,1.3192570209503174,0.18985548615455627,0.5492487549781799,1.9960479736328125,-0.007355633191764355,0.33623233437538147,1.8870238065719604,0.6626356840133667,0.5647788047790527,2.078866481781006,-0.0013472347054630518,0.3495383858680725,1.9457688331604004,0.695294201374054,0.45554178953170776,2.082920551300049,-0.4249879717826843,0.28357699513435364,2.0788843631744385,0.34562432765960693
315,TEST,STILL,0.6533910036087036,0.14478696882724762,-0.6074930429458618,0.6911188364028931,0.09243632853031158,-0.6063772439956665,0.710792601108551,0.0945851132273674,-0.6069263815879822,0.7322052717208862,0.09771621227264404,-0.6073240041732788,0.6534189581871033,0.09050142765045166,-0.5526800751686096,0.6447522044181824,0.0906730517745018,-0.5529761910438538,0.6368762254714966,0.09086401015520096,-0.5538231134414673,0.7936325073242188,0.13470439612865448,-0.45416146516799927,0.6774193048477173,0.12377451360225677,-0.2025737315416336,0.6804494857788086,0.2199510782957077,-0.544060230255127,0.6448261737823486,0.2165166586637497,-0.4716939330101013,0.9278215169906616,0.43510517477989197,-0.3578168749809265,0.5870621800422668,0.44282814860343933,0.042369261384010315,1.0911824703216553,0.728144109249115,-0.4177626967430115,0.387820303440094,0.6446918249130249,-0.2622256875038147,1.1642143726348877,0.9634124040603638,-0.7027074694633484,0.30598241090774536,0.4393060505390167,-1.168336033821106,1.1956082582473755,1.0517323017120361,-0.7748711705207825,0.2540338933467865,0.3325304090976715,-1.3012983798980713,1.1814261674880981,1.0198757648468018,-0.8360196948051453,0.2834765613079071,0.31349700689315796,-1.3252671957015991,1.1585373878479004,0.9922123551368713,-0.7381198406219482,0.3039957582950592,0.35584649443626404,-1.2036629915237427,0.7828035354614258,1.0954089164733887,-0.188509002327919,0.5809022784233093,0.9662845134735107,0.18977835774421692,0.6299615502357483,1.497682809829712,-0.35850414633750916,0.3474840521812439,1.3213728666305542,0.06719285994768143,0.5507712364196777,1.998687982559204,-0.008232159540057182,0.3385777175426483,1.88897705078125,0.502456545829773,0.5677770376205444,2.0827620029449463,-0.0006801528506912291,0.35005152225494385,1.9498862028121948,0.5312944650650024,0.45660361647605896,2.083810329437256,-0.4268125891685486,0.2864510416984558,2.0849008560180664,0.1844078153371811
316,TEST,HIGH MOVEMENT,0.6542657613754272,0.14400020241737366,-0.5796789526939392,0.6912561655044556,0.09183098375797272,-0.5835596323013306,0.7108922004699707,0.09390492737293243,-0.5841997265815735,0.7323137521743774,0.0969521626830101,-0.5846090316772461,0.6539138555526733,0.09007210284471512,-0.5198538899421692,0.6452887654304504,0.09025649726390839,-0.5200663805007935,0.6374255418777466,0.0904441773891449,-0.5209511518478394,0.7937601804733276,0.13400255143642426,-0.44778114557266235,0.6774038076400757,0.12311709672212601,-0.14739540219306946,0.6809688210487366,0.21893543004989624,-0.5229212045669556,0.6455625295639038,0.21584592759609222,-0.4375670552253723,0.9279820322990417,0.4357268512248993,-0.3687417507171631,0.5870950222015381,0.4420061409473419,0.1068447083234787,1.0714213848114014,0.7533153295516968,-0.47492218017578125,0.39492490887641907,0.6516066789627075,-0.26534798741340637,1.124527096748352,1.0196897983551025,-0.7563602924346924,0.3062123656272888,0.4392874836921692,-1.231345295906067,1.150115966796875,1.1189168691635132,-0.831494152545929,0.25639647245407104,0.3329330086708069,-1.370935082435608,1.1306582689285278,1.0936691761016846,-0.8860112428665161,0.2845720052719116,0.3133963346481323,-1.3840467929840088,1.1085529327392578,1.0600415468215942,-0.7859493494033813,0.30494624376296997,0.3549785614013672,-1.2663438320159912,0.7840543389320374,1.0944010019302368,-0.19848953187465668,0.5789492130279541,0.9624890685081482,0.19970524311065674,0.6480279564857483,1.5208423137664795,-0.408529132604599,0.3715173602104187,1.3957545757293701,0.32805749773979187,0.5957647562026978,2.0418996810913086,-0.10833777487277985,0.37570223212242126,1.9414584636688232,0.8325918912887573,0.6155109405517578,2.131915330886841,-0.10612054169178009,0.3882596790790558,2.0037245750427246,0.8700059056282043,0.5095834136009216,2.134770631790161,-0.5644726157188416,0.3397950530052185,2.1192619800567627,0.5052793025970459
317,TEST,MOVING,0.655997633934021,0.14322543144226074,-0.5851761698722839,0.6924378871917725,0.09114053845405579,-0.5868648290634155,0.7121922969818115,0.09320315718650818,-0.5874251127243042,0.7336967587471008,0.0961882546544075,-0.5878154635429382,0.6554369330406189,0.08950638025999069,-0.5268191695213318,0.6466302871704102,0.08972020447254181,-0.5270552039146423,0.6385822296142578,0.08992717415094376,-0.5279238820075989,0.7943811416625977,0.13346123695373535,-0.45578375458717346,0.677386462688446,0.12234362959861755,-0.15655231475830078,0.6821380257606506,0.21796941757202148,-0.524910032749176,0.6465243101119995,0.2151321917772293,-0.44380635023117065,0.928613543510437,0.43684494495391846,-0.3948027789592743,0.5873088836669922,0.44147226214408875,0.09944050014019012,1.0631358623504639,0.7697823643684387,-0.49783429503440857,0.39951708912849426,0.6573131680488586,-0.2768142819404602,1.1191778182983398,1.0466896295547485,-0.7623993158340454,0.3069593608379364,0.4390794634819031,-1.2923529148101807,1.1471105813980103,1.1482529640197754,-0.8364205360412598,0.2585153579711914,0.33345645666122437,-1.4324445724487305,1.1265865564346313,1.1251403093338013,-0.8925395011901855,0.28587010502815247,0.3133387863636017,-1.4465056657791138,1.1032402515411377,1.0900592803955078,-0.7922837138175964,0.30616167187690735,0.35500457882881165,-1.3277943134307861,0.7883743047714233,1.094719648361206,-0.20356056094169617,0.5785683393478394,0.9626209139823914,0.20476464927196503,0.6580540537834167,1.5323307514190674,-0.4128086566925049,0.39130401611328125,1.4186640977859497,0.38060274720191956,0.6040781736373901,2.063281536102295,-0.10208223015069962,0.3795759081840515,1.9612654447555542,0.8759567141532898,0.6242820024490356,2.1565680503845215,-0.09839464724063873,0.39045920968055725,2.02677059173584,0.9122002720832825,0.5136264562606812,2.1580324172973633,-0.5512073636054993,0.3417757749557495,2.131565809249878,0.5414159893989563
318,TEST,MOVING,0.6567107439041138,0.14259551465511322,-0.5701834559440613,0.692780613899231,0.09073887765407562,-0.5766385793685913,0.7125641107559204,0.09280999004840851,-0.5772284865379333,0.734086275100708,0.09577209502458572,-0.5776205658912659,0.6559799313545227,0.08907268196344376,-0.5103448629379272,0.6472112536430359,0.08928786218166351,-0.5105336904525757,0.6392232179641724,0.08948719501495361,-0.5114201903343201,0.7945733666419983,0.13315443694591522,-0.4525473117828369,0.6776158809661865,0.12196241319179535,-0.1349492073059082,0.6826883554458618,0.21727293729782104,-0.5150989294052124,0.6472300291061401,0.21460098028182983,-0.42644867300987244,0.9291167259216309,0.4374636113643646,-0.3937329351902008,0.5872431993484497,0.44173723459243774,0.12461469322443008,1.0604560375213623,0.7726979851722717,-0.49482840299606323,0.4015498161315918,0.6635053157806396,-0.2544183135032654,1.1124589443206787,1.0556973218917847,-0.757752537727356,0.3074749708175659,0.4391261339187622,-1.2588748931884766,1.139838457107544,1.1595045328140259,-0.830402672290802,0.26052266359329224,0.33585575222969055,-1.3970425128936768,1.1183847188949585,1.1371173858642578,-0.8877204656600952,0.2868531346321106,0.3135286867618561,-1.4063260555267334,1.0955456495285034,1.1013166904449463,-0.7881757020950317,0.30697888135910034,0.35550859570503235,-1.2931932210922241,0.79509437084198,1.0963757038116455,-0.20944008231163025,0.5791654586791992,0.9646405577659607,0.21072785556316376,0.6691344976425171,1.5473923683166504,-0.4341176152229309,0.40145406126976013,1.4354110956192017,0.3481858968734741,0.6165428161621094,2.081470251083374,-0.12449131906032562,0.38797980546951294,1.9838039875030518,0.8256410360336304,0.6378413438796997,2.1767325401306152,-0.12050020694732666,0.39864426851272583,2.0520124435424805,0.8597151637077332,0.5222790837287903,2.1770005226135254,-0.5778535008430481,0.3464288115501404,2.1507036685943604,0.49021273851394653
319,TEST,HIGH MOVEMENT,0.6573314070701599,0.1418043076992035,-0.5087230205535889,0.6932615041732788,0.08944837003946304,-0.5211052298545837,0.7130395770072937,0.09137491881847382,-0.5216280221939087,0.7345348000526428,0.09401526302099228,-0.5219571590423584,0.6565921902656555,0.08788897097110748,-0.4473039507865906,0.6478058099746704,0.08803573250770569,-0.4473661482334137,0.6397879719734192,0.08816773444414139,-0.44831347465515137,0.7947514653205872,0.13127201795578003,-0.42031174898147583,0.6779486536979675,0.12044437974691391,-0.06925888359546661,0.6831583976745605,0.21604973077774048,-0.46317023038864136,0.6477373838424683,0.21378809213638306,-0.36459654569625854,0.932194709777832,0.43790534138679504,-0.38883087038993835,0.5871089100837708,0.44203054904937744,0.18575432896614075,1.0506951808929443,0.7969867587089539,-0.4842569828033447,0.4014146327972412,0.6702746748924255,-0.16329318284988403,1.0784263610839844,1.1063653230667114,-0.7576200366020203,0.3072800040245056,0.43992242217063904,-1.1284584999084473,1.1004576683044434,1.2178115844726562,-0.8332791328430176,0.26100805401802063,0.3363748788833618,-1.2584092617034912,1.0764544010162354,1.1934534311294556,-0.8879197835922241,0.2871091961860657,0.31359097361564636,-1.2677639722824097,1.0533486604690552,1.1554408073425293,-0.7875208854675293,0.3071720600128174,0.3555541932582855,-1.1610044240951538,0.8008441925048828,1.097063660621643,-0.21165195107460022,0.5761175155639648,0.9647632241249084,0.21312658488750458,0.6750209331512451,1.5836358070373535,-0.43984800577163696,0.4036518931388855,1.4630686044692993,0.3306812644004822,0.6216203570365906,2.1198413372039795,-0.1458492875099182,0.3909916281700134,2.0114102363586426,0.7948950529098511,0.6419512629508972,2.213409900665283,-0.14475205540657043,0.40150976181030273,2.0788252353668213,0.8277643322944641,0.5285196304321289,2.217693567276001,-0.6315533518791199,0.35185912251472473,2.1783018112182617,0.4415060877799988
320,TEST,HIGH MOVEMENT,0.6572831869125366,0.14057959616184235,-0.4852074980735779,0.6934775114059448,0.0877305194735527,-0.4981052875518799,0.7133702039718628,0.08948203176259995,-0.49864301085472107,0.7349327206611633,0.09179095923900604,-0.49895769357681274,0.6565932631492615,0.08641345798969269,-0.4254606366157532,0.6478059887886047,0.0865107923746109,-0.42554983496665955,0.6397855877876282,0.08664920181035995,-0.426405668258667,0.7952101230621338,0.12762843072414398,-0.3978345990180969,0.6780077219009399,0.11766044050455093,-0.051238734275102615,0.6831544041633606,0.21441993117332458,-0.43900829553604126,0.6477420926094055,0.21204383671283722,-0.34206417202949524,0.9328163266181946,0.43789130449295044,-0.3687356114387512,0.5880488157272339,0.44175368547439575,0.22665515542030334,1.0570690631866455,0.7918492555618286,-0.45430421829223633,0.4153212606906891,0.6766178011894226,0.024519268423318863,1.104064702987671,1.1005117893218994,-0.7031521201133728,0.3128248453140259,0.4951768219470978,-0.6938146352767944,1.1281402111053467,1.2014269828796387,-0.7597121596336365,0.2673233151435852,0.3924177587032318,-0.7828652262687683,1.1108568906784058,1.1694581508636475,-0.8160432577133179,0.29435962438583374,0.36088940501213074,-0.7884443402290344,1.0875579118728638,1.1337902545928955,-0.7318137884140015,0.31133025884628296,0.4056210517883301,-0.7186657190322876,0.8011188507080078,1.0978360176086426,-0.2307555228471756,0.5671840906143188,0.9614503979682922,0.23198895156383514,0.6785232424736023,1.5758061408996582,-0.4771081507205963,0.4197847247123718,1.4571529626846313,0.34618517756462097,0.6577158570289612,2.12148380279541,-0.1866302490234375,0.4312678873538971,2.0213325023651123,0.7745484113693237,0.6878664493560791,2.218289852142334,-0.18157103657722473,0.44576317071914673,2.09299635887146,0.8051716089248657,0.5619699358940125,2.224738121032715,-0.6357770562171936,0.38962307572364807,2.1866955757141113,0.4276338219642639
321,TEST,HIGH MOVEMENT,0.6569994688034058,0.13937494158744812,-0.41677719354629517,0.6932237148284912,0.08629044145345688,-0.41317659616470337,0.7128806710243225,0.08736264705657959,-0.41358742117881775,0.7344287633895874,0.0892399474978447,-0.41413649916648865,0.6558384299278259,0.08625949174165726,-0.3509708046913147,0.6466547250747681,0.08648761361837387,-0.35104626417160034,0.6381418108940125,0.08668483048677444,-0.35188785195350647,0.7946364283561707,0.12345876544713974,-0.2889426648616791,0.6763442754745483,0.11694090813398361,0.007680306676775217,0.6833347678184509,0.2091050148010254,-0.36560219526290894,0.6477216482162476,0.20956996083259583,-0.2817351222038269,0.9328266978263855,0.4329068064689636,-0.2523662745952606,0.5843142867088318,0.4402141273021698,0.22340674698352814,1.0616228580474854,0.7799646258354187,-0.43709874153137207,0.4138025641441345,0.6796491742134094,-0.09555669128894806,1.073938250541687,1.0528626441955566,-0.7230121493339539,0.30067816376686096,0.5473489165306091,-0.9288894534111023,1.0839459896087646,1.1485497951507568,-0.7941717505455017,0.2457534521818161,0.4980964660644531,-1.1153099536895752,1.0604028701782227,1.1222649812698364,-0.8328217267990112,0.24810492992401123,0.4355018436908722,-1.1374591588974,1.0424484014511108,1.0892678499221802,-0.7463643550872803,0.2925836145877838,0.47340914607048035,-0.9951378703117371,0.792055070400238,1.09312903881073,-0.2222086638212204,0.5383040904998779,0.9603927135467529,0.22374975681304932,0.6373677849769592,1.532752513885498,-0.4615941643714905,0.3215559124946594,1.3527370691299438,0.015028352849185467,0.593209445476532,2.1019093990325928,-0.16478700935840607,0.35506922006607056,1.9768751859664917,0.38894808292388916,0.627215564250946,2.2072856426239014,-0.16261538863182068,0.3872217535972595,2.055518388748169,0.41186651587486267,0.4680962562561035,2.1770315170288086,-0.6038886308670044,0.2910681366920471,2.1727190017700195,0.04736434668302536
322,TEST,HIGH MOVEMENT,0.6556712985038757,0.1393125355243683,-0.4286743700504303,0.6922568678855896,0.0858531966805458,-0.4255808889865875,0.7115051746368408,0.08656056225299835,-0.4259355664253235,0.7329294681549072,0.08829503506422043,-0.4265545904636383,0.6544380784034729,0.08628424257040024,-0.3654853105545044,0.644964337348938,0.08659375458955765,-0.36547377705574036,0.6361615061759949,0.08693855255842209,-0.3663080930709839,0.7930513024330139,0.12279459089040756,-0.3008284270763397,0.6752125024795532,0.11691717058420181,-0.012769049033522606,0.6830437779426575,0.20776596665382385,-0.37785208225250244,0.647079586982727,0.20907439291477203,-0.29626142978668213,0.932074248790741,0.431566059589386,-0.24887952208518982,0.5824671983718872,0.43990081548690796,0.19417259097099304,1.0647579431533813,0.779952347278595,-0.4246443212032318,0.4130488336086273,0.684884250164032,-0.11914156377315521,1.0753376483917236,1.031476616859436,-0.7223142981529236,0.2812768816947937,0.5701819062232971,-1.0293002128601074,1.0869526863098145,1.123037338256836,-0.7943795919418335,0.22952255606651306,0.5376374125480652,-1.223717451095581,1.0637003183364868,1.0934206247329712,-0.8346602320671082,0.2388693392276764,0.48210057616233826,-1.263495922088623,1.0443685054779053,1.0630470514297485,-0.7463378310203552,0.2796928882598877,0.5076392889022827,-1.1091561317443848,0.788051426410675,1.0867904424667358,-0.2003774642944336,0.5297861099243164,0.9575888514518738,0.20235669612884521,0.6237839460372925,1.5372997522354126,-0.3770679235458374,0.3039732575416565,1.358585000038147,-0.014995831064879894,0.5574514269828796,2.102015495300293,-0.09626753628253937,0.3171323835849762,1.975806713104248,0.3075888454914093,0.5862849950790405,2.210824728012085,-0.09199628978967667,0.34390345215797424,2.051826000213623,0.32474642992019653,0.43008455634117126,2.1775119304656982,-0.56306391954422,0.25856664776802063,2.1678760051727295,-0.06710951030254364
323,TEST,HIGH MOVEMENT,0.6467277407646179,0.1273580938577652,-0.5389280915260315,0.683875322341919,0.0710010901093483,-0.5300565361976624,0.7012128829956055,0.0699383094906807,-0.5303888916969299,0.7198882102966309,0.06959720700979233,-0.5310086011886597,0.6445968747138977,0.07384240627288818,-0.48354315757751465,0.6342006921768188,0.07443172484636307,-0.4836130738258362,0.6247610449790955,0.07515279203653336,-0.4842286705970764,0.7799926996231079,0.10083945840597153,-0.36072397232055664,0.6603285670280457,0.1005716621875763,-0.14260660111904144,0.6783727407455444,0.19077417254447937,-0.46908292174339294,0.6389679312705994,0.1932402402162552,-0.40504321455955505,0.9065021276473999,0.40499719977378845,-0.30137625336647034,0.5810436606407166,0.39005425572395325,0.06920593976974487,1.065277338027954,0.7214049100875854,-0.42497578263282776,0.44460630416870117,0.6837470531463623,-0.147199809551239,1.0771160125732422,0.9815304279327393,-0.6723175644874573,0.38407960534095764,0.7033776640892029,-0.9282194375991821,1.0934350490570068,1.0728248357772827,-0.741399884223938,0.3476848900318146,0.7175264358520508,-1.0549381971359253,1.0659071207046509,1.0423699617385864,-0.7932224273681641,0.35969841480255127,0.6844456791877747,-1.1045482158660889,1.0494264364242554,1.0127018690109253,-0.7004835605621338,0.3760608434677124,0.6855930685997009,-0.978293776512146,0.7038375735282898,1.0373270511627197,-0.20485790073871613,0.5167564153671265,0.9335352182388306,0.20669753849506378,0.5278826951980591,1.4226348400115967,-0.3772924840450287,0.22543415427207947,1.2205097675323486,-0.054894037544727325,0.4328796863555908,1.9412009716033936,-0.036015886813402176,0.24149684607982635,1.8166581392288208,0.33129581809043884,0.45320233702659607,2.045168161392212,-0.023923028260469437,0.27266067266464233,1.8825583457946777,0.35575392842292786,0.32206374406814575,2.0076723098754883,-0.44063249230384827,0.1663125902414322,2.024543285369873,0.030402103438973427
324,TEST,HIGH MOVEMENT,0.6310924291610718,0.11293049901723862,-0.5527196526527405,0.6704407930374146,0.05600384250283241,-0.5441932082176208,0.6881033182144165,0.05468253418803215,-0.5445470809936523,0.7060081958770752,0.05360538139939308,-0.5452143549919128,0.627686083316803,0.05845533683896065,-0.49873924255371094,0.6168457269668579,0.05897427350282669,-0.49887651205062866,0.6069381237030029,0.059763744473457336,-0.499380499124527,0.7670125365257263,0.08328736573457718,-0.3966401517391205,0.6458591818809509,0.08366163820028305,-0.1824328452348709,0.6679539084434509,0.17189083993434906,-0.4916508197784424,0.6234541535377502,0.1771341860294342,-0.42802709341049194,0.9028943181037903,0.39648646116256714,-0.34195035696029663,0.5770280957221985,0.3682389557361603,0.04017200693488121,1.0936909914016724,0.7049797177314758,-0.39221933484077454,0.46990957856178284,0.6828321814537048,0.1688682585954666,1.1965445280075073,0.9352452754974365,-0.5595177412033081,0.38811537623405457,0.6913958787918091,-0.03100687265396118,1.231357216835022,1.0001496076583862,-0.601859450340271,0.3533135652542114,0.7160606980323792,-0.057288311421871185,1.2254741191864014,0.9726556539535522,-0.6722503900527954,0.3689238131046295,0.681273877620697,-0.11858878284692764,1.2006503343582153,0.9547779560089111,-0.5942447781562805,0.3792222738265991,0.6804969906806946,-0.06745936721563339,0.6865395903587341,1.033339023590088,-0.21199806034564972,0.5120813846588135,0.9273757338523865,0.21403369307518005,0.4117461144924164,1.1578269004821777,-0.3427217900753021,0.1387936770915985,0.8038376569747925,0.027925711125135422,0.34608596563339233,1.5589772462844849,0.17054155468940735,0.23720689117908478,1.3944028615951538,0.4393318295478821,0.3747316002845764,1.6261975765228271,0.21195587515830994,0.27791309356689453,1.4465142488479614,0.46835750341415405,0.23664605617523193,1.6404547691345215,0.01919175125658512,0.14096258580684662,1.5636152029037476,0.3243030309677124
325,TEST,HIGH MOVEMENT,0.624470591545105,0.1048031821846962,-0.5458272695541382,0.6650952100753784,0.0492679625749588,-0.5293951034545898,0.6826202273368835,0.04876159876585007,-0.5296870470046997,0.7008041739463806,0.04838833585381508,-0.5302273035049438,0.6221051216125488,0.049686893820762634,-0.4893355369567871,0.6113588213920593,0.04969457909464836,-0.48950856924057007,0.601331889629364,0.04998374730348587,-0.4899144768714905,0.7630184888839722,0.07967911660671234,-0.36801621317863464,0.6407943964004517,0.07572850584983826,-0.1714734137058258,0.660952627658844,0.16611558198928833,-0.4787578582763672,0.6166124939918518,0.16960038244724274,-0.42436009645462036,0.8952387571334839,0.38859981298446655,-0.3169287443161011,0.5746666193008423,0.3625088334083557,0.06452688574790955,1.1043788194656372,0.66219162940979,-0.39794328808784485,0.47185105085372925,0.6823009252548218,0.17791393399238586,1.20896315574646,0.8700888752937317,-0.6117090582847595,0.3767290711402893,0.7320935130119324,-0.1089116707444191,1.2440814971923828,0.9299201369285583,-0.6686605215072632,0.3338782787322998,0.8103930950164795,-0.15565325319766998,1.2382086515426636,0.9079274535179138,-0.7310441136360168,0.3509240746498108,0.7576525211334229,-0.22617165744304657,1.2138592004776,0.8941711783409119,-0.6448014378547668,0.3643602728843689,0.7341375350952148,-0.15145175158977509,0.6658990383148193,1.0362210273742676,-0.21610525250434875,0.5011371374130249,0.9276114106178284,0.2182411402463913,0.3705593943595886,1.2198429107666016,-0.3350464999675751,0.16444852948188782,0.9594174027442932,0.003566361963748932,0.2758105397224426,1.6472833156585693,0.12544943392276764,0.13061603903770447,1.534564733505249,0.41928714513778687,0.30102473497390747,1.7215124368667603,0.15659408271312714,0.15922386944293976,1.600128412246704,0.44702762365341187,0.1575162559747696,1.7244410514831543,-0.11386742442846298,0.024546822533011436,1.7313796281814575,0.28765934705734253
326,TEST,HIGH MOVEMENT,0.6211611032485962,0.09915754199028015,-0.5280798673629761,0.6621559858322144,0.04522806406021118,-0.5151246786117554,0.6793251633644104,0.04549935832619667,-0.5153685212135315,0.697644054889679,0.046159517019987106,-0.515828013420105,0.6205710172653198,0.04507569223642349,-0.4760957360267639,0.6099430322647095,0.045285966247320175,-0.4763048589229584,0.5999539494514465,0.04578119143843651,-0.47673898935317993,0.7610152363777161,0.08010103553533554,-0.36693906784057617,0.6404722929000854,0.07380509376525879,-0.1584656834602356,0.655009388923645,0.16060687601566315,-0.4652158319950104,0.6120061874389648,0.16371741890907288,-0.41295528411865234,0.8936015963554382,0.386873722076416,-0.29472222924232483,0.5734483003616333,0.36332523822784424,0.03902776166796684,1.1274734735488892,0.6033702492713928,-0.35124891996383667,0.4751679003238678,0.6718407273292542,0.11804093420505524,1.2284142971038818,0.7690576910972595,-0.5071619153022766,0.4137626588344574,0.7399007678031921,-0.16108599305152893,1.263482689857483,0.8275607228279114,-0.5558089017868042,0.37761184573173523,0.7789600491523743,-0.2020939290523529,1.251770257949829,0.8017650842666626,-0.6081805229187012,0.3906666934490204,0.7472521662712097,-0.26119229197502136,1.2297184467315674,0.7883403897285461,-0.5365492105484009,0.402186781167984,0.7425586581230164,-0.19620397686958313,0.6719428300857544,1.0286959409713745,-0.20868656039237976,0.49848246574401855,0.9201025366783142,0.2107534110546112,0.40068188309669495,1.2533791065216064,-0.3042062819004059,0.17322677373886108,0.9789053797721863,-0.006123458035290241,0.28680405020713806,1.6501611471176147,0.13745175302028656,0.13942156732082367,1.5293433666229248,0.44846296310424805,0.2990613877773285,1.7168490886688232,0.16273760795593262,0.1651575118303299,1.5863693952560425,0.4796428084373474,0.18997730314731598,1.7210773229599,-0.14634187519550323,0.05229118466377258,1.7350541353225708,0.28504398465156555
327,TEST,HIGH MOVEMENT,0.6100467443466187,0.10063107311725616,-0.5183073282241821,0.6479569673538208,0.047577377408742905,-0.5160783529281616,0.6658874750137329,0.047668274492025375,-0.5163511633872986,0.6843276023864746,0.04768231138586998,-0.5168124437332153,0.6068974733352661,0.047520462423563004,-0.4700601100921631,0.5970950722694397,0.04775462672114372,-0.47023144364356995,0.5880772471427917,0.048243142664432526,-0.47072547674179077,0.7509878873825073,0.07922407984733582,-0.4125438630580902,0.6337812542915344,0.07599349319934845,-0.15203484892845154,0.6463689208030701,0.164240300655365,-0.46535786986351013,0.6043282747268677,0.16603292524814606,-0.3990345299243927,0.8910430073738098,0.3805334270000458,-0.34589436650276184,0.5762158632278442,0.36786872148513794,0.04038531705737114,1.1362571716308594,0.6328331232070923,-0.40312275290489197,0.5113946199417114,0.6649373173713684,0.44598302245140076,1.2460029125213623,0.8263068795204163,-0.5516160130500793,0.4209880828857422,0.7628058791160583,0.4593691825866699,1.285027265548706,0.8952684998512268,-0.6064080595970154,0.37884286046028137,0.8040170669555664,0.45519542694091797,1.2760491371154785,0.8591362833976746,-0.6919332146644592,0.38660532236099243,0.7804621458053589,0.3716945946216583,1.2502204179763794,0.8400194644927979,-0.604351282119751,0.40371251106262207,0.7647632360458374,0.4205144941806793,0.686744213104248,1.0335314273834229,-0.2209930717945099,0.502183198928833,0.9315466284751892,0.22319546341896057,0.4002266824245453,1.2867863178253174,-0.3233296275138855,0.19709938764572144,1.015565037727356,0.011701395735144615,0.27829763293266296,1.7534021139144897,0.1293400526046753,0.12952622771263123,1.6065342426300049,0.41150394082069397,0.2942757308483124,1.8288301229476929,0.156381294131279,0.1483098864555359,1.6663099527359009,0.4328041970729828,0.1686834990978241,1.8210779428482056,-0.20973293483257294,0.041681356728076935,1.8193989992141724,0.12124183028936386
328,TEST,HIGH MOVEMENT,0.5914420485496521,0.09647628664970398,-0.5528883337974548,0.6252644062042236,0.04450125992298126,-0.5896287560462952,0.6430103778839111,0.04322414845228195,-0.5899823904037476,0.6603075861930847,0.041358593851327896,-0.5903164148330688,0.5913453698158264,0.04653672128915787,-0.5104687213897705,0.5840945243835449,0.047178421169519424,-0.5106789469718933,0.5778101086616516,0.04808775708079338,-0.511425256729126,0.7305712103843689,0.06657016277313232,-0.60603266954422,0.633475661277771,0.07510719448328018,-0.21813905239105225,0.6307765245437622,0.15723447501659393,-0.5467895269393921,0.5938301682472229,0.16312287747859955,-0.4380270540714264,0.8912655711174011,0.36275413632392883,-0.5780283212661743,0.5875449776649475,0.3666616976261139,0.035976361483335495,1.085593819618225,0.730063259601593,-0.5857222080230713,0.5102113485336304,0.670134961605072,0.3802018165588379,1.1476174592971802,1.105981469154358,-0.649570107460022,0.40603503584861755,0.7806070446968079,0.332030713558197,1.1813035011291504,1.2084887027740479,-0.7012714147567749,0.37604016065597534,0.8516339063644409,0.343779057264328,1.1591014862060547,1.208994746208191,-0.7647621631622314,0.355892151594162,0.8208299875259399,0.23463062942028046,1.1322342157363892,1.1704875230789185,-0.6810879707336426,0.3827597498893738,0.8026750683784485,0.2809975743293762,0.6962454319000244,1.025679349899292,-0.22795698046684265,0.5170916318893433,0.9300898909568787,0.22981038689613342,0.4252086579799652,1.3935245275497437,-0.2515639662742615,0.2616886496543884,1.2088549137115479,0.2578373849391937,0.33896899223327637,1.8587661981582642,0.19188466668128967,0.15827129781246185,1.6946126222610474,0.6430758237838745,0.3547303080558777,1.938199520111084,0.21070945262908936,0.16679057478904724,1.7713652849197388,0.6641840934753418,0.22663192451000214,1.938388466835022,-0.18931452929973602,0.07121938467025757,1.8245418071746826,0.3282471001148224
329,TEST,HIGH MOVEMENT,0.5890647172927856,0.09502559155225754,-0.5529215335845947,0.6230090260505676,0.04328006133437157,-0.5889512300491333,0.6407518982887268,0.04134964570403099,-0.5893672704696655,0.6581360697746277,0.03875420242547989,-0.5898574590682983,0.5892035961151123,0.04653185233473778,-0.509693443775177,0.5819002389907837,0.04750464856624603,-0.5098679661750793,0.5757582783699036,0.048668988049030304,-0.5106578469276428,0.7264713048934937,0.0634244754910469,-0.5920325517654419,0.6323317289352417,0.07576818019151688,-0.2096782624721527,0.6280393600463867,0.1549089252948761,-0.5448254346847534,0.59154212474823,0.1625595986843109,-0.435432106256485,0.8915837407112122,0.3573499321937561,-0.562980592250824,0.5899365544319153,0.3698987066745758,0.04363354295492172,1.0517241954803467,0.7538991570472717,-0.5553439259529114,0.5037866234779358,0.6854755282402039,0.2801942527294159,1.082484483718872,1.138190507888794,-0.5891976356506348,0.3683870732784271,0.7977728247642517,0.049873389303684235,1.1086761951446533,1.243046522140503,-0.636239767074585,0.3254545331001282,0.8451274633407593,0.03292796388268471,1.0827996730804443,1.2424521446228027,-0.6918808221817017,0.3080167770385742,0.8124722838401794,-0.08100902289152145,1.057590365409851,1.20348060131073,-0.6127923727035522,0.3403388261795044,0.7995345592498779,-0.00808121357113123,0.7007609009742737,1.0271745920181274,-0.22749893367290497,0.5260722637176514,0.9307202696800232,0.22911234200000763,0.4834764003753662,1.4376639127731323,-0.22997811436653137,0.3198586404323578,1.2789809703826904,0.39672213792800903,0.36030149459838867,1.9083211421966553,0.17387770116329193,0.13283661007881165,1.6958129405975342,0.7654069662094116,0.3747023940086365,1.9929746389389038,0.1904986947774887,0.12108291685581207,1.7897237539291382,0.7854005098342896,0.23985902965068817,1.9872782230377197,-0.19973279535770416,0.03388696908950806,1.8488380908966064,0.4584713876247406
330,TEST,HIGH MOVEMENT,0.6142328381538391,0.20917074382305145,-0.5160766839981079,0.6294581890106201,0.16208751499652863,-0.5037283301353455,0.642217218875885,0.16405369341373444,-0.5044912695884705,0.6643654704093933,0.1661980152130127,-0.5057593584060669,0.5966790914535522,0.15502595901489258,-0.5056967735290527,0.5833910703659058,0.1516253650188446,-0.5061477422714233,0.57911616563797,0.14826759696006775,-0.507270872592926,0.6964902281761169,0.18550129234790802,-0.3066297173500061,0.5781612992286682,0.1626025289297104,-0.2627151608467102,0.6291529536247253,0.2567184567451477,-0.4320158064365387,0.5949165225028992,0.2476508915424347,-0.43207186460494995,0.7684837579727173,0.39796024560928345,-0.2521844208240509,0.39067843556404114,0.39999261498451233,-0.05461530014872551,0.8677223324775696,0.7135488390922546,-0.2892737090587616,0.2835051715373993,0.673801064491272,0.09839539974927902,0.860312819480896,0.7031478881835938,-0.41552090644836426,0.17949075996875763,0.7616211771965027,-0.03938821703195572,0.8701464533805847,0.7095849514007568,-0.4581523537635803,0.145603746175766,0.7944784760475159,-0.0707097202539444,0.8634341359138489,0.6627141237258911,-0.48527318239212036,0.1415008008480072,0.7604721784591675,-0.1282767504453659,0.851574718952179,0.662327766418457,-0.43326014280319214,0.16281941533088684,0.7533045411109924,-0.0732177197933197,0.5883033275604248,1.0365065336227417,-0.08645085245370865,0.37458157539367676,0.9731780886650085,0.086624875664711,0.4867677688598633,1.535909652709961,0.22122421860694885,0.3101380467414856,1.4969894886016846,0.35601815581321716,0.4345836639404297,1.994202733039856,0.8401018977165222,0.24641546607017517,1.9641979932785034,0.798105001449585,0.42708855867385864,2.0600132942199707,0.897610068321228,0.24103960394859314,2.0298898220062256,0.8354786038398743,0.41412949562072754,2.133720636367798,0.6054031252861023,0.22866106033325195,2.101447820663452,0.4941887855529785
331,TEST,HIGH MOVEMENT,0.7802231907844543,0.19672006368637085,-0.6577855348587036,0.8013728857040405,0.14425213634967804,-0.6495518088340759,0.8143757581710815,0.14636628329753876,-0.6501802802085876,0.8284491300582886,0.14876605570316315,-0.6514284610748291,0.7633795142173767,0.13688915967941284,-0.6682137846946716,0.7484332323074341,0.13348551094532013,-0.6689013838768005,0.7344747185707092,0.1302957832813263,-0.6702086925506592,0.8388984799385071,0.16605350375175476,-0.41951900720596313,0.7052232623100281,0.14619117975234985,-0.501828134059906,0.7945576310157776,0.24717387557029724,-0.5579016208648682,0.7457401156425476,0.23775792121887207,-0.5799137353897095,0.8878110647201538,0.41708800196647644,-0.304262638092041,0.4468746781349182,0.3470562696456909,-0.31668761372566223,0.9608996510505676,0.7947418093681335,-0.15089014172554016,0.3571684658527374,0.6581830382347107,-0.24817433953285217,0.9630007743835449,0.970645546913147,-0.11850428581237793,0.23255500197410583,0.8303460478782654,-0.42929306626319885,0.9731500744819641,1.0266700983047485,-0.1346980184316635,0.18646851181983948,0.8900923132896423,-0.47545361518859863,0.963272750377655,0.9944936037063599,-0.2065960168838501,0.19235366582870483,0.876844048500061,-0.572969377040863,0.9462785720825195,0.968579888343811,-0.1462300717830658,0.2199152410030365,0.8624633550643921,-0.47387781739234924,0.6403220891952515,1.0999610424041748,-0.03248109295964241,0.42727795243263245,1.0332319736480713,0.0322604700922966,0.5900205373764038,1.5850223302841187,0.2655056416988373,0.42363399267196655,1.5253372192382812,0.31686729192733765,0.5251994729042053,2.02782940864563,0.901317298412323,0.36071139574050903,1.9792194366455078,0.8066738843917847,0.5175856351852417,2.0986783504486084,0.9539340138435364,0.35896238684654236,2.051677703857422,0.8463228940963745,0.5048269033432007,2.146137237548828,0.6859805583953857,0.3313203454017639,2.0978455543518066,0.5372196435928345
332,TEST,HIGH MOVEMENT,0.6308335661888123,0.1816416084766388,-0.6415500044822693,0.6578829288482666,0.12910622358322144,-0.6206424832344055,0.6709209084510803,0.13164681196212769,-0.6212047338485718,0.6839534640312195,0.13508495688438416,-0.6221410632133484,0.61942058801651,0.12813469767570496,-0.6284303665161133,0.6021401882171631,0.13041235506534576,-0.6286698579788208,0.585067868232727,0.11550833284854889,-0.6294216513633728,0.6790421605110168,0.1525031179189682,-0.3197593092918396,0.5397539734840393,0.0988653153181076,-0.38883718848228455,0.6341003179550171,0.23698309063911438,-0.5495747923851013,0.5794568061828613,0.21861697733402252,-0.5395029783248901,0.7301989793777466,0.3674233555793762,-0.16062426567077637,0.35458284616470337,0.22693446278572083,-0.14347895979881287,0.8755384683609009,0.6783812642097473,0.01572214439511299,0.1963934749364853,0.5200157165527344,0.11263234913349152,0.8689837455749512,0.9320887327194214,-0.18749704957008362,0.11941522359848022,0.7536115646362305,0.06507016718387604,0.873723030090332,1.0013000965118408,-0.2267269343137741,0.08735109120607376,0.8706808090209961,0.05421522259712219,0.8586269617080688,0.9684768319129944,-0.31267452239990234,0.0896604135632515,0.8750684857368469,-0.04576108977198601,0.8394342660903931,0.9278177618980408,-0.22298960387706757,0.11559870094060898,0.8318889141082764,0.026678185909986496,0.5284585952758789,1.0164070129394531,-0.030826127156615257,0.31725233793258667,0.986842155456543,0.03127443790435791,0.5799245238304138,1.2535758018493652,0.24133388698101044,0.33026209473609924,1.4176440238952637,0.05888482183218002,0.49168410897254944,1.6499782800674438,0.5950295925140381,0.3180474638938904,1.6979635953903198,0.5525249242782593,0.4994886517524719,1.6940900087356567,0.6578660011291504,0.3246197998523712,1.7425830364227295,0.6024613976478577,0.44666844606399536,1.828906536102295,0.4712306559085846,0.2629009783267975,1.8374582529067993,0.40830057859420776
333,TEST,HIGH MOVEMENT,0.40642014145851135,0.4990837275981903,-0.6117097735404968,0.42779749631881714,0.444278359413147,-0.6126338243484497,0.43982619047164917,0.44289618730545044,-0.613202691078186,0.4517544209957123,0.4419664144515991,-0.6140720248222351,0.4001201093196869,0.4461270272731781,-0.5963736772537231,0.39078202843666077,0.4452129304409027,-0.5965772867202759,0.3813949227333069,0.443279892206192,-0.597327709197998,0.47736412286758423,0.4401269853115082,-0.5223621129989624,0.37605875730514526,0.44072169065475464,-0.39562925696372986,0.42535313963890076,0.5249304175376892,-0.5413426160812378,0.38920649886131287,0.5254365801811218,-0.5248721837997437,0.5787616968154907,0.5781346559524536,-0.27802199125289917,0.2658001780509949,0.5463971495628357,-0.1829642355442047,0.7300432324409485,0.8075996041297913,-0.339219868183136,0.2033843696117401,0.7486226558685303,0.09273602068424225,0.7893970608711243,0.8506470322608948,-0.6242609024047852,0.2374562919139862,0.6764968037605286,0.19441449642181396,0.8443421125411987,0.8449456691741943,-0.706283688545227,0.30625778436660767,0.6696587204933167,0.16198505461215973,0.8435978889465332,0.8268263339996338,-0.76243656873703,0.29776066541671753,0.6182011365890503,0.13765880465507507,0.7856417894363403,0.8181343078613281,-0.6517919898033142,0.2836383581161499,0.6244640350341797,0.18167713284492493,0.4301835894584656,1.1365275382995605,-0.018873481079936028,0.2348296195268631,1.1385914087295532,0.01973290555179119,0.43197551369667053,1.6317020654678345,0.3870396018028259,0.27749261260032654,1.6611546277999878,0.31652817130088806,0.4833078384399414,2.0831143856048584,1.0318090915679932,0.30764156579971313,2.1474804878234863,0.8186972737312317,0.4845958352088928,2.1318132877349854,1.0951511859893799,0.31730324029922485,2.199683427810669,0.864039421081543,0.4435461461544037,2.24413800239563,0.7739684581756592,0.259792298078537,2.2975165843963623,0.49490684270858765
334,TEST,HIGH MOVEMENT,0.3807186186313629,0.4937454164028168,-0.6363255977630615,0.40312308073043823,0.43377766013145447,-0.6556162238121033,0.4162057042121887,0.4338226020336151,-0.6562975645065308,0.4291059374809265,0.43427178263664246,-0.6571846604347229,0.37105709314346313,0.4317803978919983,-0.6377550363540649,0.35998910665512085,0.4296094477176666,-0.6377732753753662,0.34894028306007385,0.4275880455970764,-0.6384493112564087,0.4518733620643616,0.4427375793457031,-0.5429415702819824,0.341680109500885,0.43530479073524475,-0.43499693274497986,0.40252479910850525,0.528890073299408,-0.5647380352020264,0.3610610067844391,0.5260918140411377,-0.5388921499252319,0.5490785241127014,0.6104137301445007,-0.3081962466239929,0.22674031555652618,0.5765116810798645,-0.20447099208831787,0.6759980320930481,0.8370295166969299,-0.33860060572624207,0.19158509373664856,0.8519194722175598,0.16273535788059235,0.7171144485473633,0.8642207980155945,-0.5711129903793335,0.24951064586639404,0.8502433896064758,0.3374733328819275,0.7422178983688354,0.8778485059738159,-0.6378249526023865,0.30098065733909607,0.8699309229850769,0.3136681914329529,0.7356406450271606,0.8399868011474609,-0.6900357007980347,0.29690831899642944,0.8161856532096863,0.28727900981903076,0.7108446359634399,0.8377883434295654,-0.5962321162223816,0.2875385880470276,0.8123860955238342,0.32709819078445435,0.401761919260025,1.1304959058761597,-0.014724748209118843,0.2058141529560089,1.1166220903396606,0.015512104146182537,0.4579223692417145,1.560501217842102,0.5431362986564636,0.2792510986328125,1.5137192010879517,0.5258797407150269,0.49866002798080444,1.8778530359268188,1.333106279373169,0.31571832299232483,1.999946117401123,1.1853500604629517,0.49255090951919556,1.9054913520812988,1.4210784435272217,0.3286804258823395,2.0777170658111572,1.255967378616333,0.5189484357833862,2.051765203475952,1.2414902448654175,0.3071473240852356,2.152900457382202,1.0216997861862183
335,TEST,HIGH MOVEMENT,0.45013874769210815,0.24219869077205658,-0.4174852967262268,0.4671677052974701,0.18685396015644073,-0.3801019787788391,0.47410863637924194,0.19063876569271088,-0.3805178701877594,0.48111218214035034,0.19198516011238098,-0.38123637437820435,0.4417199492454529,0.17699021100997925,-0.38703805208206177,0.42456555366516113,0.17931652069091797,-0.38711267709732056,0.4111870229244232,0.1735207587480545,-0.38740211725234985,0.491612046957016,0.20497117936611176,-0.12416943162679672,0.402129590511322,0.18530817329883575,-0.15260252356529236,0.4635365605354309,0.2496008425951004,-0.3105810284614563,0.42161139845848083,0.270102858543396,-0.3204295039176941,0.5566604137420654,0.41633158922195435,-0.05951147526502609,0.28867262601852417,0.30434513092041016,-0.09997636824846268,0.7137709856033325,0.715473473072052,-0.11239065229892731,0.24515192210674286,0.39732855558395386,-0.15822996199131012,0.7120275497436523,0.7838210463523865,-0.255046010017395,0.3988690972328186,0.26727551221847534,-0.22924110293388367,0.7164254784584045,0.8254696726799011,-0.2968894839286804,0.447445809841156,0.2478363811969757,-0.28358906507492065,0.6978169679641724,0.7701329588890076,-0.32116633653640747,0.4565696716308594,0.21745730936527252,-0.23815345764160156,0.6846717000007629,0.7618169188499451,-0.2620199918746948,0.4479825496673584,0.23909999430179596,-0.21617019176483154,0.4521271288394928,1.0173118114471436,-0.033500321209430695,0.2633396089076996,1.0006715059280396,0.034283943474292755,0.5142914056777954,1.1956849098205566,-0.19610095024108887,0.2435755431652069,1.1801857948303223,-0.16891857981681824,0.5251913666725159,1.4770703315734863,0.4841654896736145,0.3699449896812439,1.5183950662612915,0.38936156034469604,0.5248265862464905,1.5142359733581543,0.554652214050293,0.40418076515197754,1.5440771579742432,0.4482978880405426,0.5250148773193359,1.6137104034423828,0.4799688458442688,0.3486514389514923,1.6868116855621338,0.30667227506637573
336,TEST,HIGH MOVEMENT,0.4748753607273102,0.2728090286254883,-0.47754406929016113,0.4856603741645813,0.18075798451900482,-0.45958811044692993,0.49112600088119507,0.18313653767108917,-0.4600641131401062,0.4971616268157959,0.18421229720115662,-0.4607800841331482,0.4624043107032776,0.21914146840572357,-0.45349588990211487,0.4483364224433899,0.21693991124629974,-0.4536285996437073,0.4354897141456604,0.2122054547071457,-0.4541502594947815,0.5256744027137756,0.25412943959236145,-0.2534262537956238,0.41717976331710815,0.22717081010341644,-0.15769027173519135,0.491033136844635,0.30366119742393494,-0.3885877728462219,0.4464412331581116,0.3020671606063843,-0.37353551387786865,0.5884115099906921,0.4662397503852844,-0.1553303301334381,0.3121153712272644,0.3736597001552582,-0.11591789871454239,0.7012242674827576,0.7371063828468323,-0.10979050397872925,0.263976514339447,0.5145770311355591,0.03037351742386818,0.7346096634864807,0.8208500742912292,-0.2506028413772583,0.3794299066066742,0.4777187705039978,0.19488629698753357,0.7515413165092468,0.8595712184906006,-0.2934967875480652,0.4108864665031433,0.5210451483726501,0.17521479725837708,0.7436938881874084,0.8155193328857422,-0.34285420179367065,0.4104103147983551,0.44908058643341064,0.15805472433567047,0.7267071008682251,0.8064382076263428,-0.27267032861709595,0.4044185280799866,0.4400140047073364,0.18830442428588867,0.4697207510471344,1.0632869005203247,-0.028087139129638672,0.29346075654029846,1.0607391595840454,0.02904403582215309,0.5382298231124878,1.2919105291366577,0.16930098831653595,0.3030187785625458,1.2820852994918823,0.14382649958133698,0.5321881771087646,1.6576215028762817,0.7434139847755432,0.3735964298248291,1.6671993732452393,0.4408932626247406,0.5284008383750916,1.7049612998962402,0.8027032017707825,0.3895096778869629,1.7116451263427734,0.5049158334732056,0.5376363396644592,1.7893872261047363,0.6427564024925232,0.3619075417518616,1.8245028257369995,0.4767473638057709
407,TEST,HIGH MOVEMENT,0.45394715666770935,0.6908791065216064,-0.2607361674308777,0.4511290490627289,0.7092880010604858,-0.25839921832084656,0.4490728974342346,0.7096468210220337,-0.25843316316604614,0.44701606035232544,0.7099623084068298,-0.25855010747909546,0.4579908847808838,0.7096405029296875,-0.2798912525177002,0.46171364188194275,0.7108840942382812,-0.2799499034881592,0.46541959047317505,0.7121298909187317,-0.28009700775146484,0.4546264111995697,0.7117012143135071,-0.18133026361465454,0.47864609956741333,0.7133834362030029,-0.2824574112892151,0.4554625153541565,0.6787809133529663,-0.22356538474559784,0.46524596214294434,0.6803439855575562,-0.2529395520687103,0.4730342924594879,0.6586639881134033,-0.052328579127788544,0.5059065222740173,0.6524785161018372,-0.2834884524345398,0.4804200232028961,0.5742128491401672,0.0613679401576519,0.5106812119483948,0.5830169916152954,-0.28556501865386963,0.4816792905330658,0.6324306726455688,0.11342191696166992,0.49008768796920776,0.5959926247596741,-0.1993960291147232,0.4852270185947418,0.6482328176498413,0.125339537858963,0.4844910502433777,0.5957682132720947,-0.20609506964683533,0.479443222284317,0.6567701101303101,0.12497065961360931,0.48548465967178345,0.6068779230117798,-0.20703855156898499,0.47999662160873413,0.649770975112915,0.1159682497382164,0.4887353777885437,0.6050711870193481,-0.19667084515094757,0.5370791554450989,0.4331258535385132,0.07683330774307251,0.5646769404411316,0.42976507544517517,-0.07690715044736862,0.547126829624176,0.3431191146373749,0.15019658207893372,0.5609114170074463,0.33328866958618164,-0.030597174540162086,0.5979127287864685,0.27037158608436584,0.3322329521179199,0.6253172755241394,0.28514569997787476,0.2001458704471588,0.6096314787864685,0.26514434814453125,0.3511523902416229,0.6422011256217957,0.2901773154735565,0.2278967797756195,0.5928542017936707,0.22796940803527832,0.3470100164413452,0.6252586841583252,0.2367452085018158,0.23026414215564728
416,TEST,HIGH MOVEMENT,0.49147143959999084,0.27175018191337585,-0.14851516485214233,0.4995097517967224,0.26109641790390015,-0.1543077975511551,0.5024741291999817,0.2614494860172272,-0.15442544221878052,0.5054178237915039,0.2618323564529419,-0.15457987785339355,0.49253368377685547,0.24089330434799194,-0.13464003801345825,0.4927307963371277,0.2590770721435547,-0.13459992408752441,0.49128466844558716,0.25843679904937744,-0.1347346305847168,0.5153248906135559,0.26623469591140747,-0.1355741024017334,0.4967429041862488,0.26103076338768005,-0.04805868864059448,0.4974450469017029,0.2834077775478363,-0.13788877427577972,0.49020880460739136,0.2816447615623474,-0.11251864582300186,0.5373448729515076,0.3202541470527649,-0.1509619504213333,0.4808371663093567,0.31960609555244446,0.060541875660419464,0.5601935386657715,0.411426842212677,-0.18381357192993164,0.4708786606788635,0.41098588705062866,0.13032977283000946,0.5783640742301941,0.48082032799720764,-0.2638991177082062,0.4630299508571625,0.4618808627128601,0.08903192728757858,0.5886021852493286,0.49228695034980774,-0.29594388604164124,0.46071672439575195,0.477474182844162,0.08762932568788528,0.5878652334213257,0.5055138468742371,-0.3112075924873352,0.45869627594947815,0.47090113162994385,0.060140084475278854,0.5793169736862183,0.4916408658027649,-0.27114149928092957,0.461423397064209,0.46678513288497925,0.07674603909254074,0.5043988823890686,0.47756054997444153,-0.05784431844949722,0.4716370701789856,0.4725818932056427,0.05793757364153862,0.4540467858314514,0.5631620287895203,-0.10088197886943817,0.4160324037075043,0.555659294128418,-0.06904813647270203,0.4325295388698578,0.6553111672401428,0.10125957429409027,0.4226316511631012,0.6844720244407654,0.05802742391824722,0.4343528151512146,0.6711715459823608,0.12054374068975449,0.4284370541572571,0.702619194984436,0.06854148209095001,0.41380801796913147,0.6843986511230469,0.0676610991358757,0.40903669595718384,0.7269424200057983,-0.005482598207890987
441,TEST,HIGH MOVEMENT,0.6300946474075317,0.3141636848449707,-0.894429087638855,0.5425183773040771,0.22510313987731934,-0.9646697044372559,0.5491917133331299,0.1807488054037094,-0.9662691354751587,0.5563589334487915,0.13688206672668457,-0.9677867889404297,0.525177001953125,0.3272002935409546,-0.8628741502761841,0.5177795886993408,0.36201608180999756,-0.8628776669502258,0.5106490850448608,0.396323561668396,-0.8646963238716125,0.6102209091186523,0.05031228065490723,-0.8065145611763,0.5471271276473999,0.4071335792541504,-0.3080592155456543,0.7325087785720825,0.2452714443206787,-0.7873501181602478,0.7086583375930786,0.3867760896682739,-0.6471887826919556,1.0813292264938354,-0.10750126838684082,-0.9069440960884094,0.8828040361404419,0.6823962330818176,0.2872115969657898,1.6819740533828735,0.014895439147949219,-0.972784698009491,1.3705556392669678,0.8970205187797546,0.8901435732841492,1.8037397861480713,0.336700439453125,-0.5608775615692139,1.3623344898223877,0.7606417536735535,1.1926988363265991,1.881345510482788,0.3838709592819214,-0.5991873145103455,1.3975553512573242,0.7325190901756287,1.2927531003952026,1.799440622329712,0.38527095317840576,-0.5574424266815186,1.3251413106918335,0.7343021631240845,1.2041019201278687,1.771571159362793,0.386083722114563,-0.5324915647506714,1.3170690536499023,0.7236198782920837,1.1515322923660278,2.3431780338287354,0.5510101318359375,-0.4052790105342865,2.20782732963562,1.144925832748413,0.40966519713401794,3.202364444732666,0.9188598394393921,-0.2584618031978607,3.0929293632507324,1.3960601091384888,0.853752613067627,4.0758867263793945,1.2923719882965088,0.9610759019851685,3.9724955558776855,1.7477035522460938,1.8185533285140991,4.207529067993164,1.340057134628296,1.044149398803711,4.109949111938477,1.8163797855377197,1.8935925960540771,4.307792663574219,1.3928074836730957,0.2653743326663971,4.165039539337158,1.8510441780090332,1.0514036417007446
442,TEST,HIGH MOVEMENT,0.5798054337501526,-0.10334492474794388,-1.8214820623397827,0.4791761338710785,-0.20691581070423126,-1.940842866897583,0.4843041002750397,-0.251522958278656,-1.9416412115097046,0.48981866240501404,-0.2958751618862152,-1.9428943395614624,0.4666099548339844,-0.10966683179140091,-1.8487716913223267,0.460845410823822,-0.07845914363861084,-1.8495893478393555,0.45523205399513245,-0.04709393531084061,-1.8514630794525146,0.5407171249389648,-0.39840272068977356,-1.7730858325958252,0.4930754601955414,-0.059959329664707184,-1.32667875289917,0.6806252002716064,-0.17800317704677582,-1.6849517822265625,0.6621103286743164,-0.04455171152949333,-1.559976577758789,1.0248265266418457,-0.6420446038246155,-1.418634295463562,0.8375524282455444,0.23110055923461914,-0.5997846126556396,1.6166484355926514,-0.4847554862499237,-1.230324149131775,1.3011119365692139,0.591383159160614,-0.5968593955039978,1.5758390426635742,-0.18625812232494354,-0.9368538856506348,1.0830869674682617,0.6087127327919006,-1.2789218425750732,1.5928341150283813,-0.12001130729913712,-0.9366413354873657,1.0242658853530884,0.6246932744979858,-1.322136640548706,1.511026382446289,-0.1556391417980194,-0.8953450322151184,0.9500500559806824,0.62484210729599,-1.3541617393493652,1.5009546279907227,-0.15088163316249847,-0.9032473564147949,0.9857138395309448,0.585454523563385,-1.3166123628616333,2.261382579803467,0.04831894487142563,-0.3609851002693176,2.107459545135498,0.6506713628768921,0.36313626170158386,3.0821890830993652,0.4847047030925751,0.21949613094329834,2.9316487312316895,1.0145341157913208,0.9583166837692261,3.909132480621338,0.8676499128341675,1.7587025165557861,3.7618823051452637,1.3424644470214844,2.1425533294677734,4.032273292541504,0.9078480005264282,1.8676563501358032,3.8795361518859863,1.4021095037460327,2.238759756088257,4.121015548706055,1.0013996362686157,1.0693304538726807,3.9796242713928223,1.426487684249878,1.3956233263015747
443,TEST,HIGH MOVEMENT,0.5361144542694092,-0.6252358555793762,-1.411866545677185,0.4440978169441223,-0.7119406461715698,-1.495646595954895,0.44936782121658325,-0.7474340796470642,-1.4969308376312256,0.4552420973777771,-0.7827803492546082,-1.4985547065734863,0.4297683835029602,-0.6233681440353394,-1.4047280550003052,0.4236257076263428,-0.5913302302360535,-1.4047006368637085,0.4174742102622986,-0.5592074990272522,-1.4063236713409424,0.5067068338394165,-0.8132699131965637,-1.3115603923797607,0.45323044061660767,-0.5129802227020264,-0.863419234752655,0.6359027624130249,-0.653156042098999,-1.2865904569625854,0.6149428486824036,-0.5306923985481262,-1.1650925874710083,0.9834734201431274,-0.9505935311317444,-1.3161143064498901,0.8092673420906067,-0.10497450828552246,-0.1860814392566681,1.5985456705093384,-0.6788817048072815,-1.420530915260315,1.2665706872940063,0.3476756513118744,-0.29142481088638306,1.4377557039260864,-0.1616615504026413,-1.0837548971176147,0.9683564901351929,0.44522830843925476,-1.3939470052719116,1.430133581161499,-0.030901115387678146,-1.116481900215149,0.8638497591018677,0.5246133804321289,-1.4685550928115845,1.3398185968399048,-0.06350955367088318,-0.9931949377059937,0.8124905824661255,0.4919552505016327,-1.4998271465301514,1.3453785181045532,-0.08775550872087479,-1.013597846031189,0.8653569221496582,0.421572744846344,-1.4493473768234253,2.1971933841705322,-0.2776779234409332,-0.4488781988620758,2.0444259643554688,0.33756527304649353,0.4514111876487732,3.1032257080078125,0.19625896215438843,0.004905880894511938,2.956234931945801,0.7739715576171875,0.8203634023666382,3.940143585205078,0.6393491625785828,1.3946951627731323,3.815345048904419,1.0663163661956787,2.112973213195801,4.069178581237793,0.6756343245506287,1.4895387887954712,3.934133529663086,1.0909041166305542,2.1875247955322266,4.167107582092285,0.8211905360221863,0.6108740568161011,4.024962425231934,1.217672348022461,0.9888290166854858
457,TEST,HIGH MOVEMENT,0.7347742319107056,0.6344866156578064,-0.46309369802474976,0.6539674997329712,0.5247982144355774,-0.4656665325164795,0.653422474861145,0.4886670708656311,-0.4672928750514984,0.6534528732299805,0.45296409726142883,-0.4687822759151459,0.652173638343811,0.6207786798477173,-0.420172780752182,0.6500424146652222,0.6541231870651245,-0.4202730059623718,0.6479713916778564,0.6872870922088623,-0.4225377142429352,0.6768758296966553,0.3955090343952179,-0.14035674929618835,0.6675124168395996,0.7228204011917114,0.09988491982221603,0.8000205755233765,0.5395379662513733,-0.30115315318107605,0.7830410003662109,0.6292806267738342,-0.23799733817577362,1.0039992332458496,0.08459103107452393,-0.06747066229581833,0.9322055578231812,1.0361443758010864,0.32706111669540405,1.4456077814102173,-0.08484804630279541,-0.6367285251617432,1.1220624446868896,0.8989251852035522,0.2987424433231354,1.375921607017517,0.08875656127929688,-1.0643579959869385,1.243334412574768,0.8889882564544678,-0.03418038785457611,1.3845314979553223,0.07728075981140137,-1.1703494787216187,1.2248165607452393,0.875339686870575,-0.12109965085983276,1.317259430885315,0.10538237541913986,-1.130819320678711,1.179421305656433,0.8768634796142578,-0.13741378486156464,1.320817232131958,0.14478063583374023,-1.0626814365386963,1.1939516067504883,0.8550528287887573,-0.06912288814783096,2.2060492038726807,0.4357978105545044,-0.1601550430059433,2.1435537338256836,1.1050686836242676,0.16438356041908264,3.189134120941162,0.5826771855354309,-0.6501930952072144,3.109990119934082,1.1961201429367065,-0.23658958077430725,4.170536041259766,0.7319654822349548,-0.19979728758335114,4.087496757507324,1.314673900604248,-0.2234199345111847,4.296746253967285,0.7508012056350708,-0.19650189578533173,4.2089080810546875,1.3416240215301514,-0.24675333499908447,4.4359941482543945,0.8155877590179443,-1.1809173822402954,4.360609531402588,1.2874341011047363,-1.2542777061462402
